n,tau,d,semilla,auc_cv,auc_resub,C,l1_ratio,n_coef_no_cero,tasa
41,1.0,0.0,20260811,0.5079365079365079,0.5,0.01,0.5,0,0.6585365853658537
41,1.0,0.0,20260811,0.39705882352941174,0.6372549019607844,0.01,0.0,9,0.5853658536585366
41,1.0,0.0,20260811,0.5402298850574713,0.8448275862068966,1.0,0.0,9,0.7073170731707317
41,1.0,0.0,20260811,0.3075,0.5,0.01,0.5,0,0.6097560975609756
41,1.0,0.0,20260811,0.2751322751322751,0.6031746031746033,0.01,0.0,9,0.6585365853658537
41,1.0,0.0,20260811,0.28042328042328046,0.5,0.01,0.5,0,0.6585365853658537
41,1.0,0.0,20260811,0.25925925925925924,0.5,0.01,0.5,0,0.6585365853658537
41,1.0,0.0,20260811,0.2666666666666667,0.6333333333333333,0.01,0.0,9,0.6341463414634146
41,1.0,0.0,20260811,0.16774193548387095,0.5,0.01,0.5,0,0.7560975609756098
41,1.0,0.0,20260811,0.3516483516483516,0.5,0.01,0.5,0,0.6829268292682927
41,1.0,0.0,20260811,0.1908212560386473,0.5,0.01,0.5,0,0.5609756097560976
41,1.0,0.0,20260811,0.38405797101449274,0.5,0.01,0.5,0,0.5609756097560976
41,1.0,0.0,20260811,0.46904761904761905,0.819047619047619,0.1,0.0,9,0.5121951219512195
41,1.0,0.0,20260811,0.5598086124401914,0.7344497607655502,0.1,0.0,9,0.5365853658536586
41,1.0,0.0,20260811,0.5514705882352942,0.7254901960784313,0.1,0.5,1,0.5853658536585366
41,1.0,0.0,20260811,0.4,0.5,0.01,0.5,0,0.6341463414634146
41,1.0,0.0,20260811,0.36507936507936506,0.5,0.01,0.5,0,0.6585365853658537
41,1.0,0.0,20260811,0.5,0.5,0.01,0.5,0,0.7073170731707317
41,1.0,0.0,20260811,0.42328042328042326,0.5,0.01,0.5,0,0.6585365853658537
41,1.0,0.0,20260811,0.5,0.7966507177033493,1.0,0.0,9,0.5365853658536586
41,1.0,0.0,20260811,0.46411483253588515,0.7272727272727273,0.01,0.0,9,0.5365853658536586
41,1.0,0.0,20260811,0.4275,0.6950000000000001,0.1,0.0,9,0.6097560975609756
41,1.0,0.0,20260811,0.45343137254901966,0.5,0.01,0.5,0,0.5853658536585366
41,1.0,0.0,20260811,0.3651960784313726,0.5,0.01,0.5,0,0.5853658536585366
41,1.0,0.0,20260811,0.4387254901960784,0.5,0.01,0.5,0,0.5853658536585366
41,1.0,0.0,20260811,0.4175824175824176,0.5,0.01,0.5,0,0.6829268292682927
41,1.0,0.0,20260811,0.558974358974359,0.776923076923077,0.1,0.5,2,0.6341463414634146
41,1.0,0.0,20260811,0.4794871794871795,0.7871794871794872,1.0,1.0,5,0.6341463414634146
41,1.0,0.0,20260811,0.4137931034482759,0.7528735632183908,0.1,0.5,1,0.7073170731707317
41,1.0,0.0,20260811,0.4242424242424242,0.5,0.01,0.5,0,0.7317073170731707
41,1.0,0.0,20260811,0.537037037037037,0.7195767195767195,0.01,0.0,9,0.6585365853658537
41,1.0,0.0,20260811,0.5086206896551725,0.8218390804597702,1.0,0.0,9,0.7073170731707317
41,1.0,0.0,20260811,0.6238095238095238,0.85,1.0,0.0,9,0.5121951219512195
41,1.0,0.0,20260811,0.42000000000000004,0.725,0.01,0.0,9,0.6097560975609756
41,1.0,0.0,20260811,0.21323529411764705,0.5,0.01,0.5,0,0.5853658536585366
41,1.0,0.0,20260811,0.5027472527472527,0.8708791208791209,1.0,0.5,6,0.6829268292682927
41,1.0,0.0,20260811,0.4371980676328503,0.6666666666666666,0.01,0.0,9,0.5609756097560976
41,1.0,0.0,20260811,0.3708791208791209,0.6483516483516484,0.01,0.0,9,0.6829268292682927
41,1.0,0.0,20260811,0.29743589743589743,0.5,0.01,0.5,0,0.6341463414634146
41,1.0,0.0,20260811,0.15999999999999998,0.5,0.01,0.5,0,0.6097560975609756
41,1.0,0.0,20260811,0.5143540669856459,0.6842105263157894,0.01,0.0,9,0.5365853658536586
41,1.0,0.0,20260811,0.1813186813186813,0.6785714285714286,0.01,0.0,9,0.6829268292682927
41,1.0,0.0,20260811,0.2903225806451613,0.7967741935483871,1.0,1.0,5,0.7560975609756098
41,1.0,0.0,20260811,0.28985507246376807,0.6400966183574879,0.01,0.0,9,0.5609756097560976
41,1.0,0.0,20260811,0.5564102564102564,0.8666666666666667,1.0,0.5,7,0.6341463414634146
41,1.0,0.0,20260811,0.7125603864734299,0.823671497584541,0.01,0.0,9,0.5609756097560976
41,1.0,0.0,20260811,0.22058823529411764,0.6102941176470588,0.01,0.0,9,0.5853658536585366
41,1.0,0.0,20260811,0.31868131868131866,0.6758241758241759,1.0,1.0,5,0.6829268292682927
41,1.0,0.0,20260811,0.45641025641025645,0.7769230769230769,1.0,0.5,6,0.6341463414634146
41,1.0,0.0,20260811,0.59,0.765,0.01,0.0,9,0.6097560975609756
41,1.0,0.0,20260811,0.3051282051282051,0.5,0.01,0.5,0,0.6341463414634146
41,1.0,0.0,20260811,0.5603448275862069,0.7557471264367817,0.01,0.0,9,0.7073170731707317
41,1.0,0.0,20260811,0.6264367816091954,0.8649425287356322,1.0,0.5,8,0.7073170731707317
41,1.0,0.0,20260811,0.27248677248677244,0.6243386243386244,0.01,0.0,9,0.6585365853658537
41,1.0,0.0,20260811,0.1770334928229665,0.5,0.01,0.5,0,0.4634146341463415
41,1.0,0.0,20260811,0.4625,0.8075,1.0,1.0,5,0.6097560975609756
41,1.0,0.0,20260811,0.5205128205128206,0.7025641025641026,0.01,0.0,9,0.6341463414634146
41,1.0,0.0,20260811,0.4656084656084656,0.7222222222222222,0.01,0.0,9,0.6585365853658537
41,1.0,0.0,20260811,0.45402298850574707,0.8477011494252874,1.0,1.0,7,0.7073170731707317
41,1.0,0.0,20260811,0.23636363636363633,0.7242424242424242,0.1,0.0,9,0.7317073170731707
41,1.0,0.0,20260811,0.5406698564593302,0.7799043062200957,0.1,0.5,4,0.5365853658536586
41,1.0,0.0,20260811,0.41282051282051285,0.6615384615384615,0.01,0.0,9,0.6341463414634146
41,1.0,0.0,20260811,0.16,0.5,0.01,0.5,0,0.6097560975609756
41,1.0,0.0,20260811,0.2462121212121212,0.7102272727272727,0.1,0.5,1,0.8048780487804879
41,1.0,0.0,20260811,0.4236111111111111,0.6736111111111112,0.01,0.0,9,0.7804878048780488
41,1.0,0.0,20260811,0.37254901960784315,0.5,0.01,0.5,0,0.5853658536585366
41,1.0,0.0,20260811,0.4788359788359789,0.7275132275132274,0.01,0.0,9,0.6585365853658537
41,1.0,0.0,20260811,0.3492063492063492,0.7619047619047619,1.0,1.0,6,0.6585365853658537
41,1.0,0.0,20260811,0.4330143540669856,0.6602870813397129,0.01,0.0,9,0.4634146341463415
41,1.0,0.0,20260811,0.3439153439153439,0.5,0.01,0.5,0,0.6585365853658537
41,1.0,0.0,20260811,0.7196969696969697,0.9166666666666667,1.0,1.0,4,0.8048780487804879
41,1.0,0.0,20260811,0.41500000000000004,0.7625,1.0,0.5,6,0.6097560975609756
41,1.0,0.0,20260811,0.05219780219780219,0.5,0.01,0.5,0,0.6829268292682927
41,1.0,0.0,20260811,0.35714285714285715,0.6587301587301587,0.01,0.0,9,0.6585365853658537
41,1.0,0.0,20260811,0.1594202898550725,0.6376811594202898,0.01,0.0,9,0.5609756097560976
41,1.0,0.0,20260811,0.20256410256410257,0.5,0.01,0.5,0,0.6341463414634146
41,1.0,0.0,20260811,0.4862637362637362,0.5,0.01,0.5,0,0.6829268292682927
41,1.0,0.0,20260811,0.4275,0.5,0.01,0.5,0,0.6097560975609756
41,1.0,0.0,20260811,0.46551724137931033,0.7701149425287356,1.0,0.5,5,0.7073170731707317
41,1.0,0.0,20260811,0.6125,0.8674999999999999,1.0,0.5,8,0.6097560975609756
41,1.0,0.0,20260811,0.3873626373626374,0.6401098901098901,1.0,1.0,2,0.6829268292682927
41,1.0,0.0,20260811,0.5743589743589743,0.8923076923076922,1.0,0.5,7,0.6341463414634146
41,1.0,0.0,20260811,0.5125000000000001,0.7375,0.1,0.5,1,0.6097560975609756
41,1.0,0.0,20260811,0.6285714285714286,0.8809523809523809,1.0,0.5,8,0.4878048780487805
41,1.0,0.0,20260811,0.3333333333333333,0.5,0.01,0.5,0,0.6585365853658537
41,1.0,0.0,20260811,0.3725,0.6425000000000001,0.01,0.0,9,0.6097560975609756
41,1.0,0.0,20260811,0.4025641025641026,0.6564102564102564,0.01,0.0,9,0.6341463414634146
41,1.0,0.0,20260811,0.48275862068965514,0.728448275862069,0.1,0.5,1,0.7073170731707317
41,1.0,0.0,20260811,0.4057971014492754,0.5,0.01,0.5,0,0.5609756097560976
41,1.0,0.0,20260811,0.3384615384615385,0.5,0.01,0.5,0,0.6341463414634146
41,1.0,0.0,20260811,0.44976076555023925,0.8253588516746412,1.0,1.0,6,0.5365853658536586
41,1.0,0.0,20260811,0.5641025641025641,0.8051282051282052,1.0,0.0,9,0.6341463414634146
41,1.0,0.0,20260811,0.495,0.5,0.01,0.5,0,0.6097560975609756
41,1.0,0.0,20260811,0.6494252873563219,0.8390804597701149,0.1,0.5,1,0.7073170731707317
41,1.0,0.0,20260811,0.5079365079365079,0.7910052910052909,1.0,1.0,7,0.6585365853658537
41,1.0,0.0,20260811,0.3961352657004831,0.7584541062801932,1.0,1.0,5,0.5609756097560976
41,1.0,0.0,20260811,0.3431372549019608,0.5,0.01,0.5,0,0.5853658536585366
41,1.0,0.0,20260811,0.30687830687830686,0.7248677248677249,0.01,0.0,9,0.6585365853658537
41,1.0,0.0,20260811,0.3424242424242424,0.6454545454545455,0.01,0.0,9,0.7317073170731707
41,1.0,0.0,20260811,0.34210526315789475,0.7212918660287082,0.1,0.5,1,0.5365853658536586
41,1.0,0.0,20260811,0.3025,0.5,0.01,0.5,0,0.6097560975609756
41,1.0,0.0,20260811,0.4251207729468599,0.7198067632850241,0.01,0.0,9,0.5609756097560976
41,1.0,0.0,20260811,0.7417582417582418,0.7568681318681318,0.1,0.5,1,0.6829268292682927
41,1.0,0.0,20260811,0.6005291005291005,0.835978835978836,1.0,0.0,9,0.6585365853658537
41,1.0,0.0,20260811,0.3623188405797102,0.6328502415458938,0.01,0.0,9,0.5609756097560976
41,1.0,0.0,20260811,0.5054945054945055,0.7774725274725275,0.1,0.0,9,0.6829268292682927
41,1.0,0.0,20260811,0.5,0.8153846153846154,1.0,0.0,9,0.6341463414634146
41,1.0,0.0,20260811,0.34770114942528735,0.5,0.01,0.5,0,0.7073170731707317
41,1.0,0.0,20260811,0.3769230769230769,0.5,0.01,0.5,0,0.6341463414634146
41,1.0,0.0,20260811,0.54,0.855,1.0,0.0,9,0.6097560975609756
41,1.0,0.0,20260811,0.3475,0.5,0.01,0.5,0,0.6097560975609756
41,1.0,0.0,20260811,0.317948717948718,0.7948717948717949,1.0,0.5,6,0.6341463414634146
41,1.0,0.0,20260811,0.3923611111111111,0.7881944444444444,0.1,0.0,9,0.7804878048780488
41,1.0,0.0,20260811,0.5787878787878789,0.8242424242424242,0.1,0.5,3,0.7317073170731707
41,1.0,0.0,20260811,0.2671568627450981,0.7450980392156863,0.01,0.0,9,0.5853658536585366
41,1.0,0.0,20260811,0.1587301587301587,0.746031746031746,1.0,1.0,5,0.6585365853658537
41,1.0,0.0,20260811,0.48626373626373626,0.8489010989010989,1.0,0.0,9,0.6829268292682927
41,1.0,0.0,20260811,0.3214285714285714,0.5,0.01,0.5,0,0.5121951219512195
41,1.0,0.0,20260811,0.3871794871794872,0.7384615384615385,1.0,0.0,9,0.6341463414634146
41,1.0,0.0,20260811,0.4656084656084656,0.5,0.01,0.5,0,0.6585365853658537
41,1.0,0.0,20260811,0.5196078431372549,0.5,0.01,0.5,0,0.5853658536585366
41,1.0,0.0,20260811,0.47126436781609193,0.7385057471264368,1.0,1.0,5,0.7073170731707317
41,1.0,0.0,20260811,0.3333333333333333,0.5,0.01,0.5,0,0.6341463414634146
41,1.0,0.0,20260811,0.27941176470588236,0.5,0.01,0.5,0,0.5853658536585366
41,1.0,0.0,20260811,0.49754901960784315,0.5,0.01,0.5,0,0.5853658536585366
41,1.0,0.0,20260811,0.4575,0.78,0.01,0.0,9,0.6097560975609756
41,1.0,0.0,20260811,0.3230769230769231,0.5,0.01,0.5,0,0.6341463414634146
41,1.0,0.0,20260811,0.225,0.5,0.01,0.5,0,0.6097560975609756
41,1.0,0.0,20260811,0.29945054945054944,0.6648351648351648,0.01,0.0,9,0.6829268292682927
41,1.0,0.0,20260811,0.19696969696969696,0.6454545454545455,0.01,0.0,9,0.7317073170731707
41,1.0,0.0,20260811,0.5238095238095237,0.8214285714285714,1.0,0.0,9,0.5121951219512195
41,1.0,0.0,20260811,0.565,0.765,0.1,0.5,1,0.6097560975609756
41,1.0,0.0,20260811,0.5219780219780219,0.7692307692307693,0.01,0.0,9,0.6829268292682927
41,1.0,0.0,20260811,0.3862433862433863,0.7169312169312169,0.1,0.0,9,0.6585365853658537
41,1.0,0.0,20260811,0.45897435897435895,0.7564102564102564,0.1,0.0,9,0.6341463414634146
41,1.0,0.0,20260811,0.5769230769230769,0.8681318681318682,1.0,1.0,6,0.6829268292682927
41,1.0,0.0,20260811,0.2846153846153846,0.5,0.01,0.5,0,0.6341463414634146
41,1.0,0.0,20260811,0.1948717948717949,0.5,0.01,0.5,0,0.6341463414634146
41,1.0,0.0,20260811,0.3214285714285714,0.6208791208791209,0.01,0.0,9,0.6829268292682927
41,1.0,0.0,20260811,0.5325,0.5,0.01,0.5,0,0.6097560975609756
41,1.0,0.0,20260811,0.4867724867724868,0.8174603174603174,1.0,0.0,9,0.6585365853658537
41,1.0,0.0,20260811,0.40499999999999997,0.69,0.01,0.0,9,0.6097560975609756
41,1.0,0.0,20260811,0.22705314009661837,0.6594202898550725,0.01,0.0,9,0.5609756097560976
41,1.0,0.0,20260811,0.5923076923076923,0.7525641025641027,0.1,0.5,1,0.6341463414634146
41,1.0,0.0,20260811,0.34558823529411764,0.6200980392156863,0.01,0.0,9,0.5853658536585366
41,1.0,0.0,20260811,0.3791208791208791,0.5,0.01,0.5,0,0.6829268292682927
41,1.0,0.0,20260811,0.3049450549450549,0.7252747252747253,0.1,0.0,9,0.6829268292682927
41,1.0,0.0,20260811,0.34285714285714286,0.6404761904761904,0.01,0.0,9,0.5121951219512195
41,1.0,0.0,20260811,0.5132275132275133,0.5,0.01,0.5,0,0.6585365853658537
41,1.0,0.0,20260811,0.17224880382775115,0.5,0.01,0.5,0,0.4634146341463415
41,1.0,0.0,20260811,0.4576719576719577,0.5,0.01,0.5,0,0.6585365853658537
41,1.0,0.0,20260811,0.5870967741935484,0.7967741935483871,0.1,0.5,3,0.7560975609756098
41,1.0,0.0,20260811,0.29904306220095694,0.6770334928229664,0.1,0.0,9,0.5365853658536586
41,1.0,0.0,20260811,0.489010989010989,0.5,0.01,0.5,0,0.6829268292682927
41,1.0,0.0,20260811,0.5363636363636364,0.8393939393939394,1.0,0.0,9,0.7317073170731707
41,1.0,0.0,20260811,0.35978835978835977,0.8095238095238095,1.0,0.0,9,0.6585365853658537
41,1.0,0.0,20260811,0.4470899470899471,0.8095238095238094,1.0,0.0,9,0.6585365853658537
41,1.0,0.0,20260811,0.37362637362637363,0.7115384615384616,1.0,1.0,5,0.6829268292682927
41,1.0,0.0,20260811,0.49725274725274726,0.8021978021978022,1.0,1.0,5,0.6829268292682927
41,1.0,0.0,20260811,0.47527472527472525,0.5,0.01,0.5,0,0.6829268292682927
41,1.0,0.0,20260811,0.5363636363636364,0.7333333333333333,0.01,0.0,9,0.7317073170731707
41,1.0,0.0,20260811,0.16028708133971295,0.5,0.01,0.5,0,0.5365853658536586
41,1.0,0.0,20260811,0.27692307692307694,0.5,0.01,0.5,0,0.6341463414634146
41,1.0,0.0,20260811,0.1738095238095238,0.5,0.01,0.5,0,0.5121951219512195
41,1.0,0.0,20260811,0.33241758241758246,0.6318681318681318,0.01,0.0,9,0.6829268292682927
41,1.0,0.0,20260811,0.3325,0.78,1.0,1.0,5,0.6097560975609756
41,1.0,0.0,20260811,0.28,0.645,0.1,0.5,1,0.6097560975609756
41,1.0,0.0,20260811,0.33516483516483514,0.8296703296703297,1.0,0.0,9,0.6829268292682927
41,1.0,0.0,20260811,0.4607843137254902,0.5,0.01,0.5,0,0.5853658536585366
41,1.0,0.0,20260811,0.509090909090909,0.8363636363636364,1.0,1.0,4,0.7317073170731707
41,1.0,0.0,20260811,0.6565934065934066,0.9093406593406593,1.0,0.5,7,0.6829268292682927
41,1.0,0.0,20260811,0.4880952380952381,0.7464285714285714,0.1,0.5,1,0.5121951219512195
41,1.0,0.0,20260811,0.5373563218390804,0.7672413793103449,0.01,0.0,9,0.7073170731707317
41,1.0,0.0,20260811,0.38571428571428573,0.5,0.01,0.5,0,0.4878048780487805
41,1.0,0.0,20260811,0.2857142857142857,0.5,0.01,0.5,0,0.6829268292682927
41,1.0,0.0,20260811,0.22307692307692306,0.5,0.01,0.5,0,0.6341463414634146
41,1.0,0.0,20260811,0.3425,0.7,0.01,0.0,9,0.6097560975609756
41,1.0,0.0,20260811,0.6675,0.8675,1.0,0.0,9,0.6097560975609756
41,1.0,0.0,20260811,0.18872549019607843,0.7818627450980392,1.0,0.5,9,0.5853658536585366
41,1.0,0.0,20260811,0.17435897435897432,0.7205128205128205,0.1,0.0,9,0.6341463414634146
41,1.0,0.0,20260811,0.3793103448275862,0.6695402298850575,0.01,0.0,9,0.7073170731707317
41,1.0,0.0,20260811,0.4975,0.7725,0.1,0.0,9,0.6097560975609756
41,1.0,0.0,20260811,0.3421052631578948,0.6555023923444976,0.01,0.0,9,0.5365853658536586
41,1.0,0.0,20260811,0.40804597701149425,0.5,0.01,0.5,0,0.7073170731707317
41,1.0,0.0,20260811,0.5800000000000001,0.8475,0.1,0.0,9,0.6097560975609756
41,1.0,0.0,20260811,0.49523809523809526,0.769047619047619,1.0,0.0,9,0.5121951219512195
41,1.0,0.0,20260811,0.5738095238095239,0.8071428571428572,1.0,1.0,4,0.4878048780487805
41,1.0,0.0,20260811,0.3725490196078432,0.5,0.01,0.5,0,0.5853658536585366
41,1.0,0.0,20260811,0.3049450549450549,0.6401098901098901,0.01,0.0,9,0.6829268292682927
41,1.0,0.0,20260811,0.2647058823529412,0.5,0.01,0.5,0,0.5853658536585366
41,1.0,0.0,20260811,0.6208791208791209,0.7980769230769231,0.1,0.5,1,0.6829268292682927
41,1.0,0.0,20260811,0.37692307692307697,0.7384615384615385,1.0,1.0,4,0.6341463414634146
41,1.0,0.0,20260811,0.48351648351648346,0.7582417582417582,1.0,0.5,7,0.6829268292682927
41,1.0,0.0,20260811,0.6200980392156863,0.7941176470588235,0.1,0.5,2,0.5853658536585366
41,1.0,0.0,20260811,0.15714285714285714,0.7166666666666667,1.0,0.0,9,0.4878048780487805
41,1.0,0.0,20260811,0.30606060606060603,0.8303030303030303,1.0,1.0,6,0.7317073170731707
41,1.0,0.0,20260811,0.47435897435897434,0.7205128205128205,0.01,0.0,9,0.6341463414634146
41,1.0,0.0,20260811,0.2385057471264368,0.7471264367816092,1.0,0.0,9,0.7073170731707317
41,1.0,0.0,20260811,0.6028708133971292,0.7188995215311005,0.1,0.5,1,0.5365853658536586
41,1.0,0.0,20260811,0.41758241758241754,0.5,0.01,0.5,0,0.6829268292682927
41,1.0,0.0,20260811,0.6613756613756614,0.8518518518518519,1.0,0.5,7,0.6585365853658537
41,1.0,0.0,20260811,0.20476190476190478,0.6238095238095238,0.01,0.0,9,0.4878048780487805
41,1.0,0.0,20260811,0.3421052631578948,0.7416267942583732,0.1,0.0,9,0.5365853658536586
41,1.0,0.0,20260811,0.37362637362637363,0.5,0.01,0.5,0,0.6829268292682927
41,1.0,0.0,20260811,0.3873626373626373,0.75,0.1,0.5,1,0.6829268292682927
41,1.0,0.0,20260811,0.3128205128205128,0.5,0.01,0.5,0,0.6341463414634146
41,1.0,0.0,20260811,0.569377990430622,0.7703349282296651,0.1,0.5,2,0.5365853658536586
41,1.0,0.0,20260811,0.5138888888888888,0.7777777777777779,1.0,1.0,4,0.7804878048780488
41,1.0,0.0,20260811,0.37912087912087916,0.6126373626373627,0.01,0.0,9,0.6829268292682927
41,1.0,0.0,20260811,0.3095238095238095,0.6455026455026456,0.01,0.0,9,0.6585365853658537
41,1.0,0.0,20260811,0.4148351648351648,0.5,0.01,0.5,0,0.6829268292682927
41,1.0,0.0,20260811,0.43236714975845414,0.7850241545893719,1.0,0.5,8,0.5609756097560976
41,1.0,0.0,20260811,0.39712918660287083,0.5,0.01,0.5,0,0.5365853658536586
41,1.0,0.0,20260811,0.3975,0.7125,0.01,0.0,9,0.6097560975609756
41,1.0,0.0,20260811,0.17575757575757575,0.5,0.01,0.5,0,0.7317073170731707
41,1.0,0.0,20260811,0.3983516483516483,0.5,0.01,0.5,0,0.6829268292682927
41,1.0,0.0,20260811,0.609090909090909,0.806060606060606,1.0,1.0,5,0.7317073170731707
41,1.0,0.0,20260811,0.31034482758620685,0.6609195402298851,0.01,0.0,9,0.7073170731707317
41,1.0,0.0,20260811,0.26666666666666666,0.7461538461538462,1.0,0.0,9,0.6341463414634146
41,1.0,0.0,20260811,0.2794871794871795,0.7666666666666667,1.0,0.0,9,0.6341463414634146
41,1.0,0.0,20260811,0.6475000000000001,0.8400000000000001,0.1,0.0,9,0.6097560975609756
41,1.0,0.0,20260811,0.3076923076923077,0.6384615384615385,0.01,0.0,9,0.6341463414634146
41,1.0,0.0,20260811,0.4735449735449736,0.5,0.01,0.5,0,0.6585365853658537
41,1.0,0.0,20260811,0.4758454106280193,0.5,0.01,0.5,0,0.5609756097560976
41,1.0,0.0,20260811,0.6111111111111112,0.7330917874396136,0.1,0.5,1,0.5609756097560976
41,1.0,0.0,20260811,0.25,0.7672413793103448,1.0,1.0,5,0.7073170731707317
41,1.0,0.0,20260811,0.2802197802197802,0.5,0.01,0.5,0,0.6829268292682927
41,1.0,0.0,20260811,0.37637362637362637,0.6730769230769231,0.01,0.0,9,0.6829268292682927
41,1.0,0.0,20260811,0.28160919540229884,0.5,0.01,0.5,0,0.7073170731707317
41,1.0,0.0,20260811,0.328042328042328,0.5,0.01,0.5,0,0.6585365853658537
41,1.0,0.0,20260811,0.5225,0.5,0.01,0.5,0,0.6097560975609756
41,1.0,0.0,20260811,0.24175824175824168,0.5,0.01,0.5,0,0.6829268292682927
41,1.0,0.0,20260811,0.24074074074074073,0.6481481481481481,0.01,0.0,9,0.6585365853658537
41,1.0,0.0,20260811,0.6333333333333333,0.8393939393939395,1.0,0.0,9,0.7317073170731707
41,1.0,0.0,20260811,0.5282051282051282,0.8384615384615385,1.0,0.0,9,0.6341463414634146
41,1.0,0.0,20260811,0.6181818181818182,0.8636363636363636,1.0,0.0,9,0.7317073170731707
41,1.0,0.0,20260811,0.32967032967032966,0.6868131868131868,1.0,1.0,3,0.6829268292682927
41,1.0,0.0,20260811,0.33597883597883593,0.6587301587301587,0.01,0.0,9,0.6585365853658537
41,1.0,0.0,20260811,0.495,0.6625,0.01,0.0,9,0.6097560975609756
41,1.0,0.0,20260811,0.7307692307692308,0.8873626373626373,1.0,0.5,6,0.6829268292682927
41,1.0,0.0,20260811,0.2153846153846154,0.6641025641025642,0.01,0.0,9,0.6341463414634146
41,1.0,0.0,20260811,0.5692307692307692,0.7948717948717948,1.0,1.0,5,0.6341463414634146
41,1.0,0.0,20260811,0.7500000000000001,0.9148351648351648,1.0,0.5,8,0.6829268292682927
41,1.0,0.0,20260811,0.5641025641025641,0.5,0.01,0.5,0,0.6341463414634146
41,1.0,0.0,20260811,0.283068783068783,0.8095238095238095,1.0,0.0,9,0.6585365853658537
41,1.0,0.0,20260811,0.23444976076555024,0.6889952153110047,1.0,0.5,7,0.4634146341463415
41,1.0,0.0,20260811,0.2363636363636364,0.5,0.01,0.5,0,0.7317073170731707
41,1.0,0.0,20260811,0.4064516129032258,0.7258064516129032,0.01,0.0,9,0.7560975609756098
41,1.0,0.0,20260811,0.5925925925925926,0.8174603174603174,1.0,0.5,6,0.6585365853658537
41,1.0,0.0,20260811,0.4340659340659341,0.5,0.01,0.5,0,0.6829268292682927
41,1.0,0.0,20260811,0.6208791208791209,0.8736263736263735,1.0,0.5,9,0.6829268292682927
41,1.0,0.0,20260811,0.23444976076555024,0.6196172248803827,0.01,0.0,9,0.4634146341463415
41,1.0,0.0,20260811,0.6743589743589743,0.8435897435897436,1.0,1.0,4,0.6341463414634146
41,1.0,0.0,20260811,0.3676470588235294,0.6495098039215687,0.01,0.0,9,0.5853658536585366
41,1.0,0.0,20260811,0.5358851674641149,0.7990430622009569,1.0,0.5,7,0.5365853658536586
41,1.0,0.0,20260811,0.3382352941176471,0.5,0.01,0.5,0,0.5853658536585366
41,1.0,0.0,20260811,0.6029411764705882,0.8284313725490196,0.1,0.0,9,0.5853658536585366
41,1.0,0.0,20260811,0.4798850574712643,0.7442528735632185,1.0,1.0,6,0.7073170731707317
41,1.0,0.0,20260811,0.37799043062200954,0.5,0.01,0.5,0,0.5365853658536586
41,1.0,0.0,20260811,0.5871794871794872,0.8846153846153847,1.0,0.0,9,0.6341463414634146
41,1.0,0.0,20260811,0.44285714285714284,0.6916666666666667,0.1,0.5,1,0.4878048780487805
41,1.0,0.0,20260811,0.5717948717948718,0.8179487179487179,1.0,0.5,6,0.6341463414634146
41,1.0,0.0,20260811,0.823076923076923,0.9076923076923077,1.0,1.0,3,0.6341463414634146
41,1.0,0.0,20260811,0.3875598086124402,0.6937799043062202,0.01,0.0,9,0.5365853658536586
41,1.0,0.0,20260811,0.17892156862745096,0.6299019607843137,0.01,0.0,9,0.5853658536585366
41,1.0,0.0,20260811,0.1568627450980392,0.5,0.01,0.5,0,0.5853658536585366
41,1.0,0.0,20260811,0.6041666666666666,0.9305555555555556,1.0,0.0,9,0.7804878048780488
41,1.0,0.0,20260811,0.4371980676328502,0.753623188405797,1.0,1.0,4,0.5609756097560976
41,1.0,0.0,20260811,0.6129032258064516,0.8548387096774194,1.0,0.0,9,0.7560975609756098
41,1.0,0.0,20260811,0.67989417989418,0.8941798941798942,1.0,0.0,9,0.6585365853658537
41,1.0,0.0,20260811,0.21078431372549022,0.7426470588235294,0.1,0.0,9,0.5853658536585366
41,1.0,0.0,20260811,0.3405797101449275,0.5,0.01,0.5,0,0.5609756097560976
41,1.0,0.0,20260811,0.6038647342995169,0.821256038647343,0.1,0.0,9,0.5609756097560976
41,1.0,0.0,20260811,0.23333333333333334,0.7256410256410256,1.0,0.5,5,0.6341463414634146
41,1.0,0.0,20260811,0.3571428571428572,0.6976190476190476,0.01,0.0,9,0.4878048780487805
41,1.0,0.0,20260811,0.25,0.6551724137931034,0.01,0.0,9,0.7073170731707317
41,1.0,0.0,20260811,0.20604395604395603,0.7747252747252747,1.0,0.0,9,0.6829268292682927
41,1.0,0.0,20260811,0.7625,0.94,1.0,1.0,5,0.6097560975609756
41,1.0,0.0,20260811,0.39215686274509803,0.5,0.01,0.5,0,0.4146341463414634
41,1.0,0.0,20260811,0.478021978021978,0.7939560439560439,1.0,1.0,5,0.6829268292682927
41,1.0,0.0,20260811,0.3641025641025641,0.6538461538461539,0.01,0.0,9,0.6341463414634146
41,1.0,0.0,20260811,0.3214285714285714,0.5,0.01,0.5,0,0.6829268292682927
41,1.0,0.0,20260811,0.5946969696969697,0.8295454545454546,1.0,0.0,9,0.8048780487804879
41,1.0,0.0,20260811,0.39473684210526316,0.7535885167464115,1.0,1.0,7,0.5365853658536586
41,1.0,0.0,20260811,0.3166666666666667,0.5,0.01,0.5,0,0.4878048780487805
41,1.0,0.0,20260811,0.4575,0.7462500000000001,0.1,0.5,3,0.6097560975609756
41,1.0,0.0,20260811,0.6487179487179489,0.7641025641025642,0.1,0.5,1,0.6341463414634146
41,1.0,0.0,20260811,0.410919540229885,0.6264367816091954,0.01,0.0,9,0.7073170731707317
41,1.0,0.0,20260811,0.4076923076923077,0.5,0.01,0.5,0,0.6341463414634146
41,1.0,0.0,20260811,0.28205128205128205,0.5,0.01,0.5,0,0.6341463414634146
41,1.0,0.0,20260811,0.2679425837320574,0.5,0.01,0.5,0,0.5365853658536586
41,1.0,0.0,20260811,0.43333333333333335,0.7256410256410257,0.01,0.0,9,0.6341463414634146
41,1.0,0.0,20260811,0.2844827586206896,0.6896551724137931,0.01,0.0,9,0.7073170731707317
41,1.0,0.0,20260811,0.48626373626373626,0.7225274725274725,0.01,0.0,9,0.6829268292682927
41,1.0,0.0,20260811,0.46839080459770116,0.7442528735632183,0.1,0.0,9,0.7073170731707317
41,1.0,0.0,20260811,0.33088235294117646,0.5,0.01,0.5,0,0.5853658536585366
41,1.0,0.0,20260811,0.47000000000000003,0.7475,0.1,0.5,2,0.6097560975609756
41,1.0,0.0,20260811,0.5794871794871795,0.8564102564102565,1.0,0.5,6,0.6341463414634146
41,1.0,0.0,20260811,0.22307692307692306,0.617948717948718,0.01,0.0,9,0.6341463414634146
41,1.0,0.0,20260811,0.31043956043956045,0.5,0.01,0.5,0,0.6829268292682927
41,1.0,0.0,20260811,0.38,0.7575000000000001,0.1,0.0,9,0.6097560975609756
41,1.0,0.0,20260811,0.41666666666666663,0.6867816091954023,0.01,0.0,9,0.7073170731707317
41,1.0,0.0,20260811,0.13,0.8074999999999999,1.0,0.5,8,0.6097560975609756
41,1.0,0.0,20260811,0.4642857142857143,0.8095238095238095,1.0,1.0,6,0.5121951219512195
41,1.0,0.0,20260811,0.7475,0.94,1.0,0.5,7,0.6097560975609756
41,1.0,0.0,20260811,0.5582010582010581,0.8544973544973544,1.0,1.0,5,0.6585365853658537
41,1.0,0.0,20260811,0.455,0.78,1.0,0.5,7,0.6097560975609756
41,1.0,0.0,20260811,0.40512820512820513,0.658974358974359,0.1,0.0,9,0.6341463414634146
41,1.0,0.0,20260811,0.49999999999999994,0.5,0.01,0.5,0,0.7073170731707317
41,1.0,0.0,20260811,0.4423076923076923,0.7362637362637363,0.1,0.0,9,0.6829268292682927
41,1.0,0.0,20260811,0.19696969696969696,0.5,0.01,0.5,0,0.7317073170731707
41,1.0,0.0,20260811,0.435,0.78,1.0,0.5,7,0.6097560975609756
41,1.0,0.0,20260811,0.4656862745098039,0.8455882352941176,1.0,0.0,9,0.5853658536585366
41,1.0,0.0,20260811,0.6642156862745099,0.8578431372549018,0.1,0.0,9,0.5853658536585366
41,1.0,0.0,20260811,0.47527472527472525,0.5,0.01,0.5,0,0.6829268292682927
41,1.0,0.0,20260811,0.2696969696969697,0.5,0.01,0.5,0,0.7317073170731707
41,1.0,0.0,20260811,0.23333333333333334,0.5,0.01,0.5,0,0.5121951219512195
41,1.0,0.0,20260811,0.28160919540229884,0.5,0.01,0.5,0,0.7073170731707317
41,1.0,0.0,20260811,0.33499999999999996,0.5,0.01,0.5,0,0.6097560975609756
41,1.0,0.0,20260811,0.3047619047619048,0.6785714285714286,0.1,0.5,1,0.4878048780487805
41,1.0,0.0,20260811,0.39215686274509803,0.7058823529411764,0.01,0.0,9,0.5853658536585366
41,1.0,0.0,20260811,0.521978021978022,0.8241758241758241,1.0,0.0,9,0.6829268292682927
41,1.0,0.0,20260811,0.4541062801932366,0.6859903381642511,0.01,0.0,9,0.5609756097560976
41,1.0,0.0,20260811,0.33333333333333337,0.5,0.01,0.5,0,0.7317073170731707
41,1.0,0.0,20260811,0.2925,0.7025,0.01,0.0,9,0.6097560975609756
41,1.0,0.0,20260811,0.395,0.5,0.01,0.5,0,0.6097560975609756
41,1.0,0.0,20260811,0.2196969696969697,0.7878787878787878,1.0,0.5,7,0.8048780487804879
41,1.0,0.0,20260811,0.22820512820512825,0.5,0.01,0.5,0,0.6341463414634146
41,1.0,0.0,20260811,0.30423280423280424,0.5,0.01,0.5,0,0.6585365853658537
41,1.0,0.0,20260811,0.46650717703349287,0.7751196172248804,1.0,1.0,5,0.5365853658536586
41,1.0,0.0,20260811,0.706060606060606,0.8575757575757575,1.0,0.0,9,0.7317073170731707
41,1.0,0.0,20260811,0.6125,0.8200000000000001,1.0,0.0,9,0.6097560975609756
41,1.0,0.0,20260811,0.55,0.730952380952381,0.01,0.0,9,0.4878048780487805
41,1.0,0.0,20260811,0.5317460317460317,0.798941798941799,1.0,0.0,9,0.6585365853658537
41,1.0,0.0,20260811,0.37922705314009664,0.5,0.01,0.5,0,0.5609756097560976
41,1.0,0.0,20260811,0.5538461538461539,0.8,1.0,1.0,7,0.6341463414634146
41,1.0,0.0,20260811,0.4125,0.64,0.01,0.0,9,0.6097560975609756
41,1.0,0.0,20260811,0.3928571428571429,0.780952380952381,1.0,0.0,9,0.5121951219512195
41,1.0,0.0,20260811,0.18627450980392157,0.5,0.01,0.5,0,0.5853658536585366
41,1.0,0.0,20260811,0.5181818181818182,0.6909090909090909,0.01,0.0,9,0.7317073170731707
41,1.0,0.0,20260811,0.21703296703296704,0.5,0.01,0.5,0,0.6829268292682927
41,1.0,0.0,20260811,0.4534313725490196,0.5,0.01,0.5,0,0.5853658536585366
41,1.0,0.0,20260811,0.369047619047619,0.7154761904761905,0.1,0.5,1,0.5121951219512195
41,1.0,0.0,20260811,0.7081339712918661,0.8050239234449761,0.1,0.5,1,0.5365853658536586
41,1.0,0.0,20260811,0.69,0.9175,1.0,0.5,9,0.6097560975609756
41,1.0,0.0,20260811,0.3791208791208791,0.5,0.01,0.5,0,0.6829268292682927
41,1.0,0.0,20260811,0.4735449735449735,0.6851851851851853,0.01,0.0,9,0.6585365853658537
41,1.0,0.0,20260811,0.5023923444976076,0.7894736842105263,1.0,0.0,9,0.5365853658536586
41,1.0,0.0,20260811,0.6074999999999999,0.7925,1.0,1.0,4,0.6097560975609756
41,1.0,0.0,20260811,0.3434065934065934,0.5,0.01,0.5,0,0.6829268292682927
41,1.0,0.0,20260811,0.19393939393939394,0.5,0.01,0.5,0,0.7317073170731707
41,1.0,0.0,20260811,0.6454545454545455,0.5,0.01,0.5,0,0.7317073170731707
41,1.0,0.0,20260811,0.3897435897435898,0.5,0.01,0.5,0,0.6341463414634146
41,1.0,0.0,20260811,0.28809523809523807,0.5,0.01,0.5,0,0.5121951219512195
41,1.0,0.0,20260811,0.6594202898550725,0.8792270531400966,1.0,0.0,9,0.5609756097560976
41,1.0,0.0,20260811,0.4665071770334928,0.7320574162679426,1.0,1.0,4,0.5365853658536586
41,1.0,0.0,20260811,0.2028985507246377,0.5,0.01,0.5,0,0.5609756097560976
41,1.0,0.0,20260811,0.5057471264367817,0.7844827586206897,0.1,0.0,9,0.7073170731707317
41,1.0,0.0,20260811,0.5538461538461539,0.8333333333333333,1.0,0.5,6,0.6341463414634146
41,1.0,0.0,20260811,0.6666666666666666,0.8506944444444444,1.0,1.0,3,0.7804878048780488
41,1.0,0.0,20260811,0.4435897435897436,0.6717948717948719,0.01,0.0,9,0.6341463414634146
41,1.0,0.0,20260811,0.3253968253968254,0.664021164021164,0.01,0.0,9,0.6585365853658537
41,1.0,0.0,20260811,0.5370370370370371,0.5,0.01,0.5,0,0.6585365853658537
41,1.0,0.0,20260811,0.42582417582417575,0.6895604395604396,0.01,0.0,9,0.6829268292682927
41,1.0,0.0,20260811,0.5060606060606061,0.7787878787878788,0.1,0.0,9,0.7317073170731707
41,1.0,0.0,20260811,0.6121212121212121,0.8878787878787878,1.0,0.0,9,0.7317073170731707
41,1.0,0.0,20260811,0.6461538461538461,0.8871794871794871,1.0,0.5,9,0.6341463414634146
41,1.0,0.0,20260811,0.13257575757575757,0.5,0.01,0.5,0,0.8048780487804879
41,1.0,0.0,20260811,0.571078431372549,0.7475490196078431,0.01,0.0,9,0.5853658536585366
41,1.0,0.0,20260811,0.38064516129032255,0.7225806451612903,0.01,0.0,9,0.7560975609756098
41,1.0,0.0,20260811,0.4714285714285714,0.8523809523809524,1.0,0.0,9,0.5121951219512195
41,1.0,0.0,20260811,0.39,0.5,0.01,0.5,0,0.6097560975609756
41,1.0,0.0,20260811,0.4774193548387097,0.8483870967741935,1.0,0.0,9,0.7560975609756098
41,1.0,0.0,20260811,0.423444976076555,0.7320574162679425,1.0,0.0,9,0.5365853658536586
41,1.0,0.0,20260811,0.3397129186602871,0.5,0.01,0.5,0,0.5365853658536586
41,1.0,0.0,20260811,0.19138755980861238,0.6626794258373205,0.01,0.0,9,0.4634146341463415
41,1.0,0.0,20260811,0.375,0.5,0.01,0.5,0,0.5853658536585366
41,1.0,0.0,20260811,0.4051724137931034,0.5,0.01,0.5,0,0.7073170731707317
41,1.0,0.0,20260811,0.703030303030303,0.9454545454545454,1.0,0.0,9,0.7317073170731707
41,1.0,0.0,20260811,0.4252873563218391,0.5,0.01,0.5,0,0.7073170731707317
41,1.0,0.0,20260811,0.09,0.8,1.0,0.0,9,0.6097560975609756
41,1.0,0.0,20260811,0.3840579710144928,0.5,0.01,0.5,0,0.5609756097560976
41,1.0,0.0,20260811,0.5923076923076923,0.8282051282051281,1.0,0.5,7,0.6341463414634146
41,1.0,0.0,20260811,0.36750000000000005,0.7250000000000001,1.0,0.5,6,0.6097560975609756
41,1.0,0.0,20260811,0.6350574712643677,0.8247126436781609,0.1,0.0,9,0.7073170731707317
41,1.0,0.0,20260811,0.2,0.5,0.01,0.5,0,0.6341463414634146
41,1.0,0.0,20260811,0.1932367149758454,0.5,0.01,0.5,0,0.5609756097560976
41,1.0,0.0,20260811,0.15238095238095237,0.5,0.01,0.5,0,0.4878048780487805
41,1.0,0.0,20260811,0.16190476190476188,0.5,0.01,0.5,0,0.5121951219512195
41,1.0,0.0,20260811,0.4652777777777778,0.7395833333333334,0.01,0.0,9,0.7804878048780488
41,1.0,0.0,20260811,0.5086206896551725,0.5,0.01,0.5,0,0.7073170731707317
41,1.0,0.0,20260811,0.39855072463768115,0.7536231884057971,0.1,0.0,9,0.5609756097560976
41,1.0,0.0,20260811,0.16028708133971292,0.7177033492822967,1.0,0.5,7,0.5365853658536586
41,1.0,0.0,20260811,0.6086956521739131,0.752415458937198,0.1,0.5,2,0.5609756097560976
41,1.0,0.0,20260811,0.25,0.5,0.01,0.5,0,0.6829268292682927
41,1.0,0.0,20260811,0.28205128205128205,0.5,0.01,0.5,0,0.6341463414634146
41,1.0,0.0,20260811,0.25287356321839083,0.7241379310344827,1.0,1.0,5,0.7073170731707317
41,1.0,0.0,20260811,0.18137254901960784,0.7426470588235294,1.0,0.0,9,0.5853658536585366
41,1.0,0.0,20260811,0.305,0.5,0.01,0.5,0,0.6097560975609756
41,1.0,0.0,20260811,0.4025641025641026,0.5,0.01,0.5,0,0.6341463414634146
41,1.0,0.0,20260811,0.7342995169082126,0.9033816425120773,1.0,0.0,9,0.5609756097560976
41,1.0,0.0,20260811,0.2622549019607843,0.6911764705882353,0.01,0.0,9,0.5853658536585366
41,1.0,0.0,20260811,0.4444444444444444,0.7566137566137565,0.1,0.0,9,0.6585365853658537
41,1.0,0.0,20260811,0.21749999999999997,0.6475000000000001,0.01,0.0,9,0.6097560975609756
41,1.0,0.0,20260811,0.4411764705882353,0.7965686274509804,1.0,1.0,8,0.5853658536585366
41,1.0,0.0,20260811,0.43499999999999994,0.5,0.01,0.5,0,0.6097560975609756
41,1.0,0.0,20260811,0.58,0.8175,1.0,0.5,8,0.6097560975609756
41,1.0,0.0,20260811,0.5027472527472527,0.6813186813186813,0.01,0.0,9,0.6829268292682927
41,1.0,0.0,20260811,0.5317460317460317,0.7513227513227513,0.01,0.0,9,0.6585365853658537
41,1.0,0.0,20260811,0.22946859903381644,0.5,0.01,0.5,0,0.5609756097560976
41,1.0,0.0,20260811,0.5521978021978022,0.8159340659340659,1.0,1.0,7,0.6829268292682927
41,1.0,0.0,20260811,0.2939393939393939,0.5,0.01,0.5,0,0.7317073170731707
41,1.0,0.0,20260811,0.4330143540669857,0.6507177033492824,0.01,0.0,9,0.5365853658536586
41,1.0,0.0,20260811,0.6982758620689655,0.8362068965517241,0.1,0.0,9,0.7073170731707317
41,1.0,0.0,20260811,0.44019138755980863,0.5,0.01,0.5,0,0.5365853658536586
41,1.0,0.0,20260811,0.6149425287356322,0.5,0.01,0.5,0,0.7073170731707317
41,1.0,0.0,20260811,0.18783068783068782,0.7275132275132276,0.01,0.0,9,0.6585365853658537
41,1.0,0.0,20260811,0.4409722222222223,0.7569444444444444,0.01,0.0,9,0.7804878048780488
41,1.0,0.0,20260811,0.5502392344497608,0.8755980861244018,1.0,0.0,9,0.5365853658536586
41,1.0,0.0,20260811,0.5167464114832536,0.715311004784689,0.01,0.0,9,0.5365853658536586
41,1.0,0.0,20260811,0.5102564102564102,0.6871794871794873,0.01,0.0,9,0.6341463414634146
41,1.0,0.0,20260811,0.3067632850241546,0.7342995169082125,0.01,0.0,9,0.5609756097560976
41,1.0,0.0,20260811,0.5402298850574713,0.8563218390804598,0.1,0.0,9,0.7073170731707317
41,1.0,0.0,20260811,0.28448275862068967,0.5,0.01,0.5,0,0.7073170731707317
41,1.0,0.0,20260811,0.446969696969697,0.7386363636363636,0.01,0.0,9,0.8048780487804879
41,1.0,0.0,20260811,0.2804232804232804,0.6904761904761905,0.1,0.0,9,0.6585365853658537
41,1.0,0.0,20260811,0.27249999999999996,0.6699999999999999,0.01,0.0,9,0.6097560975609756
41,1.0,0.0,20260811,0.4564102564102564,0.5,0.01,0.5,0,0.6341463414634146
41,1.0,0.0,20260811,0.3625,0.7575000000000001,1.0,0.0,9,0.6097560975609756
41,1.0,0.0,20260811,0.6948717948717948,0.8897435897435898,1.0,1.0,4,0.6341463414634146
41,1.0,0.0,20260811,0.2535885167464115,0.5,0.01,0.5,0,0.4634146341463415
41,1.0,0.0,20260811,0.46153846153846156,0.7032967032967032,0.01,0.0,9,0.6829268292682927
41,1.0,0.0,20260811,0.5137362637362637,0.8159340659340659,1.0,0.5,8,0.6829268292682927
41,1.0,0.0,20260811,0.45893719806763283,0.5,0.01,0.5,0,0.5609756097560976
41,1.0,0.0,20260811,0.3431372549019608,0.6568627450980392,0.01,0.0,9,0.5853658536585366
41,1.0,0.0,20260811,0.2846153846153846,0.5,0.01,0.5,0,0.6341463414634146
41,1.0,0.0,20260811,0.3386243386243386,0.5,0.01,0.5,0,0.6585365853658537
41,1.0,0.0,20260811,0.37362637362637363,0.6538461538461539,0.01,0.0,9,0.6829268292682927
41,1.0,0.0,20260811,0.23188405797101452,0.5,0.01,0.5,0,0.5609756097560976
41,1.0,0.0,20260811,0.4523809523809524,0.7190476190476189,0.1,0.0,9,0.5121951219512195
41,1.0,0.0,20260811,0.7717948717948718,0.9051282051282051,1.0,1.0,6,0.6341463414634146
41,1.0,0.0,20260811,0.32417582417582413,0.7774725274725274,1.0,0.0,9,0.6829268292682927
41,1.0,0.0,20260811,0.38516746411483255,0.5,0.01,0.5,0,0.5365853658536586
41,1.0,0.0,20260811,0.6304347826086957,0.8260869565217391,0.1,0.0,9,0.5609756097560976
41,1.0,0.0,20260811,0.32820512820512826,0.6153846153846154,0.01,0.0,9,0.6341463414634146
41,1.0,0.0,20260811,0.2571428571428572,0.6595238095238096,0.01,0.0,9,0.5121951219512195
41,1.0,0.0,20260811,0.5219780219780219,0.7802197802197802,1.0,0.5,5,0.6829268292682927
41,1.0,0.0,20260811,0.4928571428571429,0.6857142857142856,0.01,0.0,9,0.5121951219512195
41,1.0,0.0,20260811,0.42528735632183906,0.6005747126436782,0.01,0.0,9,0.7073170731707317
41,1.0,0.0,20260811,0.47619047619047616,0.7116402116402116,0.01,0.0,9,0.6585365853658537
41,1.0,0.0,20260811,0.3434065934065934,0.7417582417582418,0.01,0.0,9,0.6829268292682927
41,1.0,0.0,20260811,0.4875,0.7925,1.0,0.5,7,0.6097560975609756
41,1.0,0.0,20260811,0.38505747126436785,0.5,0.01,0.5,0,0.7073170731707317
41,1.0,0.0,20260811,0.3967741935483871,0.6580645161290323,0.01,0.0,9,0.7560975609756098
41,1.0,0.0,20260811,0.6352657004830918,0.7693236714975845,0.1,0.5,1,0.5609756097560976
41,1.0,0.0,20260811,0.380952380952381,0.7407407407407408,1.0,0.0,9,0.6585365853658537
41,1.0,0.0,20260811,0.4323671497584541,0.6980676328502415,0.01,0.0,9,0.43902439024390244
41,1.0,0.0,20260811,0.21264367816091959,0.6867816091954023,1.0,1.0,3,0.7073170731707317
41,1.0,0.0,20260811,0.31025641025641026,0.6487179487179487,0.01,0.0,9,0.6341463414634146
41,1.0,0.0,20260811,0.40338164251207725,0.5,0.01,0.5,0,0.5609756097560976
41,1.0,0.0,20260811,0.24102564102564103,0.5,0.01,0.5,0,0.6341463414634146
41,1.0,0.0,20260811,0.2857142857142857,0.6031746031746031,0.01,0.0,9,0.6585365853658537
41,1.0,0.0,20260811,0.4333333333333333,0.7454545454545456,0.1,0.5,1,0.7317073170731707
41,1.0,0.0,20260811,0.29901960784313725,0.5,0.01,0.5,0,0.5853658536585366
41,1.0,0.0,20260811,0.22751322751322753,0.6402116402116402,0.01,0.0,9,0.6585365853658537
41,1.0,0.0,20260811,0.7013888888888888,0.8125,0.1,0.5,1,0.7804878048780488
41,1.0,0.0,20260811,0.28448275862068967,0.5,0.01,0.5,0,0.7073170731707317
41,1.0,0.0,20260811,0.2846153846153846,0.5,0.01,0.5,0,0.6341463414634146
41,1.0,0.0,20260811,0.476923076923077,0.8282051282051283,1.0,0.0,9,0.6341463414634146
41,1.0,0.0,20260811,0.25,0.5,0.01,0.5,0,0.6097560975609756
41,1.0,0.0,20260811,0.35714285714285715,0.5,0.01,0.5,0,0.6829268292682927
41,1.0,0.0,20260811,0.5196078431372549,0.8284313725490196,1.0,0.0,9,0.5853658536585366
41,1.0,0.0,20260811,0.315,0.5,0.01,0.5,0,0.6097560975609756
41,1.0,0.0,20260811,0.47342995169082125,0.5,0.01,0.5,0,0.5609756097560976
41,1.0,0.0,20260811,0.21750000000000003,0.6525000000000001,0.01,0.0,9,0.6097560975609756
41,1.0,0.0,20260811,0.5818181818181818,0.693939393939394,0.01,0.0,9,0.7317073170731707
41,1.0,0.0,20260811,0.14975845410628022,0.5,0.01,0.5,0,0.5609756097560976
41,1.0,0.0,20260811,0.37559808612440193,0.5,0.01,0.5,0,0.5365853658536586
41,1.0,0.0,20260811,0.32380952380952377,0.6857142857142857,0.01,0.0,9,0.5121951219512195
41,1.0,0.0,20260811,0.2358974358974359,0.5,0.01,0.5,0,0.6341463414634146
41,1.0,0.0,20260811,0.29500000000000004,0.5,0.01,0.5,0,0.6097560975609756
41,1.0,0.0,20260811,0.5919540229885057,0.8448275862068966,1.0,0.0,9,0.7073170731707317
41,1.0,0.0,20260811,0.3727272727272727,0.5,0.01,0.5,0,0.7317073170731707
41,1.0,0.0,20260811,0.4425837320574163,0.7033492822966507,0.01,0.0,9,0.5365853658536586
41,1.0,0.0,20260811,0.5,0.7153846153846154,0.01,0.0,9,0.6341463414634146
41,1.0,0.0,20260811,0.4478021978021978,0.7142857142857143,0.01,0.0,9,0.6829268292682927
41,1.0,0.0,20260811,0.34838709677419355,0.5,0.01,0.5,0,0.7560975609756098
41,1.0,0.0,20260811,0.3017241379310345,0.5,0.01,0.5,0,0.7073170731707317
41,1.0,0.0,20260811,0.38387096774193546,0.7741935483870968,1.0,1.0,3,0.7560975609756098
41,1.0,0.0,20260811,0.2774193548387097,0.6806451612903226,0.01,0.0,9,0.7560975609756098
41,1.0,0.0,20260811,0.34615384615384615,0.676923076923077,0.01,0.0,9,0.6341463414634146
41,1.0,0.0,20260811,0.6333333333333333,0.7948717948717949,1.0,1.0,4,0.6341463414634146
41,1.0,0.0,20260811,0.6304347826086956,0.8405797101449275,1.0,0.0,9,0.5609756097560976
41,1.0,0.0,20260811,0.385,0.5,0.01,0.5,0,0.6097560975609756
41,1.0,0.0,20260811,0.4212121212121212,0.796969696969697,1.0,0.0,9,0.7317073170731707
41,1.0,0.0,20260811,0.34782608695652173,0.5,0.01,0.5,0,0.5609756097560976
41,1.0,0.0,20260811,0.47619047619047616,0.6216931216931216,0.01,0.0,9,0.6585365853658537
41,1.0,0.0,20260811,0.5948717948717949,0.8051282051282052,0.1,0.0,9,0.6341463414634146
41,1.0,0.0,20260811,0.3153846153846154,0.5,0.01,0.5,0,0.6341463414634146
41,1.0,0.0,20260811,0.36153846153846153,0.6564102564102564,0.01,0.0,9,0.6341463414634146
41,1.0,0.2,20260811,0.655,0.7849999999999999,0.1,0.5,2,0.6097560975609756
41,1.0,0.2,20260811,0.20343137254901958,0.7156862745098039,1.0,1.0,7,0.5853658536585366
41,1.0,0.2,20260811,0.2976190476190476,0.7047619047619048,1.0,1.0,5,0.5121951219512195
41,1.0,0.2,20260811,0.4161290322580645,0.5,0.01,0.5,0,0.7560975609756098
41,1.0,0.2,20260811,0.4125,0.73,1.0,1.0,3,0.6097560975609756
41,1.0,0.2,20260811,0.4148351648351648,0.6565934065934066,0.01,0.0,9,0.6829268292682927
41,1.0,0.2,20260811,0.5785714285714285,0.8119047619047619,1.0,0.5,7,0.5121951219512195
41,1.0,0.2,20260811,0.39682539682539686,0.6957671957671958,1.0,1.0,5,0.6585365853658537
41,1.0,0.2,20260811,0.4871794871794872,0.5,0.01,0.5,0,0.6341463414634146
41,1.0,0.2,20260811,0.17724867724867724,0.6772486772486772,0.01,0.0,9,0.6585365853658537
41,1.0,0.2,20260811,0.2566137566137566,0.6534391534391535,0.01,0.0,9,0.6585365853658537
41,1.0,0.2,20260811,0.34057971014492755,0.5,0.01,0.5,0,0.5609756097560976
41,1.0,0.2,20260811,0.5475000000000001,0.735,0.01,0.0,9,0.6097560975609756
41,1.0,0.2,20260811,0.25161290322580643,0.6967741935483871,0.01,0.0,9,0.7560975609756098
41,1.0,0.2,20260811,0.4387254901960784,0.8112745098039216,1.0,1.0,8,0.5853658536585366
41,1.0,0.2,20260811,0.4179894179894179,0.7063492063492063,0.01,0.0,9,0.6585365853658537
41,1.0,0.2,20260811,0.4825,0.7150000000000001,0.01,0.0,9,0.6097560975609756
41,1.0,0.2,20260811,0.42307692307692313,0.6935897435897436,0.1,0.5,1,0.6341463414634146
41,1.0,0.2,20260811,0.4717948717948718,0.7769230769230768,1.0,1.0,6,0.6341463414634146
41,1.0,0.2,20260811,0.24838709677419357,0.5,0.01,0.5,0,0.7560975609756098
41,1.0,0.2,20260811,0.5217391304347826,0.8236714975845411,1.0,0.0,9,0.5609756097560976
41,1.0,0.2,20260811,0.43915343915343913,0.5,0.01,0.5,0,0.6585365853658537
41,1.0,0.2,20260811,0.3125,0.5,0.01,0.5,0,0.6097560975609756
41,1.0,0.2,20260811,0.7910052910052909,0.8518518518518519,0.01,0.0,9,0.6585365853658537
41,1.0,0.2,20260811,0.5598086124401914,0.7894736842105263,0.1,0.0,9,0.5365853658536586
41,1.0,0.2,20260811,0.4411764705882353,0.6997549019607843,0.1,0.5,1,0.5853658536585366
41,1.0,0.2,20260811,0.18406593406593408,0.5906593406593407,0.01,0.0,9,0.6829268292682927
41,1.0,0.2,20260811,0.3444976076555024,0.5,0.01,0.5,0,0.5365853658536586
41,1.0,0.2,20260811,0.5261904761904762,0.8071428571428572,1.0,0.5,9,0.4878048780487805
41,1.0,0.2,20260811,0.3,0.5,0.01,0.5,0,0.6097560975609756
41,1.0,0.2,20260811,0.41818181818181815,0.5,0.01,0.5,0,0.7317073170731707
41,1.0,0.2,20260811,0.3994252873563219,0.8333333333333334,1.0,1.0,6,0.7073170731707317
41,1.0,0.2,20260811,0.42000000000000004,0.7775000000000001,1.0,0.0,9,0.6097560975609756
41,1.0,0.2,20260811,0.2435897435897436,0.5,0.01,0.5,0,0.6341463414634146
41,1.0,0.2,20260811,0.39230769230769236,0.7076923076923076,0.01,0.0,9,0.6341463414634146
41,1.0,0.2,20260811,0.38755980861244016,0.7870813397129186,1.0,0.0,9,0.4634146341463415
41,1.0,0.2,20260811,0.3333333333333333,0.853448275862069,1.0,0.0,9,0.7073170731707317
41,1.0,0.2,20260811,0.39999999999999997,0.5,0.01,0.5,0,0.5121951219512195
41,1.0,0.2,20260811,0.30952380952380953,0.65,0.01,0.0,9,0.5121951219512195
41,1.0,0.2,20260811,0.5689655172413792,0.8563218390804598,1.0,0.5,8,0.7073170731707317
41,1.0,0.2,20260811,0.253968253968254,0.7407407407407407,1.0,1.0,6,0.6585365853658537
41,1.0,0.2,20260811,0.4023809523809524,0.5,0.01,0.5,0,0.5121951219512195
41,1.0,0.2,20260811,0.265,0.5,0.01,0.5,0,0.6097560975609756
41,1.0,0.2,20260811,0.4807692307692307,0.7472527472527472,0.01,0.0,9,0.6829268292682927
41,1.0,0.2,20260811,0.5,0.8419354838709677,1.0,0.0,9,0.7560975609756098
41,1.0,0.2,20260811,0.2747252747252747,0.7115384615384616,0.01,0.0,9,0.6829268292682927
41,1.0,0.2,20260811,0.5098039215686275,0.7965686274509804,1.0,0.0,9,0.5853658536585366
41,1.0,0.2,20260811,0.6190476190476191,0.7632275132275133,0.1,0.5,1,0.6585365853658537
41,1.0,0.2,20260811,0.3857142857142858,0.6523809523809523,0.01,0.0,9,0.4878048780487805
41,1.0,0.2,20260811,0.14705882352941177,0.642156862745098,0.01,0.0,9,0.5853658536585366
41,1.0,0.2,20260811,0.6794258373205742,0.8899521531100478,1.0,0.0,9,0.5365853658536586
41,1.0,0.2,20260811,0.23225806451612901,0.7967741935483871,1.0,0.0,9,0.7560975609756098
41,1.0,0.2,20260811,0.32,0.5,0.01,0.5,0,0.6097560975609756
41,1.0,0.2,20260811,0.42344497607655507,0.6913875598086124,0.01,0.0,9,0.5365853658536586
41,1.0,0.2,20260811,0.5603448275862069,0.8247126436781609,1.0,0.5,8,0.7073170731707317
41,1.0,0.2,20260811,0.20952380952380956,0.5,0.01,0.5,0,0.5121951219512195
41,1.0,0.2,20260811,0.3516483516483516,0.5,0.01,0.5,0,0.6829268292682927
41,1.0,0.2,20260811,0.5582010582010581,0.7539682539682538,0.1,0.5,2,0.6585365853658537
41,1.0,0.2,20260811,0.4775,0.7975,1.0,1.0,7,0.6097560975609756
41,1.0,0.2,20260811,0.295,0.5,0.01,0.5,0,0.6097560975609756
41,1.0,0.2,20260811,0.5793650793650793,0.7301587301587302,0.01,0.0,9,0.6585365853658537
41,1.0,0.2,20260811,0.22303921568627452,0.5,0.01,0.5,0,0.5853658536585366
41,1.0,0.2,20260811,0.43131868131868134,0.5,0.01,0.5,0,0.6829268292682927
41,1.0,0.2,20260811,0.3386243386243386,0.8095238095238095,1.0,0.0,9,0.6585365853658537
41,1.0,0.2,20260811,0.7362637362637363,0.9010989010989011,1.0,1.0,6,0.6829268292682927
41,1.0,0.2,20260811,0.35978835978835977,0.5,0.01,0.5,0,0.6585365853658537
41,1.0,0.2,20260811,0.4736842105263158,0.7822966507177034,0.1,0.0,9,0.4634146341463415
41,1.0,0.2,20260811,0.43382352941176466,0.7720588235294118,0.1,0.0,9,0.5853658536585366
41,1.0,0.2,20260811,0.39999999999999997,0.5,0.01,0.5,0,0.6341463414634146
41,1.0,0.2,20260811,0.41025641025641024,0.7794871794871795,1.0,0.0,9,0.6341463414634146
41,1.0,0.2,20260811,0.48387096774193544,0.7870967741935484,0.1,0.5,2,0.7560975609756098
41,1.0,0.2,20260811,0.5547619047619048,0.8166666666666667,1.0,0.0,9,0.5121951219512195
41,1.0,0.2,20260811,0.36363636363636365,0.7787878787878787,1.0,1.0,6,0.7317073170731707
41,1.0,0.2,20260811,0.18872549019607845,0.6053921568627451,0.01,0.0,9,0.5853658536585366
41,1.0,0.2,20260811,0.32820512820512826,0.6615384615384616,0.01,0.0,9,0.6341463414634146
41,1.0,0.2,20260811,0.3545454545454546,0.7515151515151515,0.01,0.0,9,0.7317073170731707
41,1.0,0.2,20260811,0.32499999999999996,0.7375,1.0,1.0,5,0.6097560975609756
41,1.0,0.2,20260811,0.5669856459330144,0.8301435406698565,1.0,0.0,9,0.5365853658536586
41,1.0,0.2,20260811,0.46825396825396826,0.8095238095238095,1.0,0.0,9,0.6585365853658537
41,1.0,0.2,20260811,0.44505494505494503,0.782967032967033,1.0,1.0,4,0.6829268292682927
41,1.0,0.2,20260811,0.3387096774193548,0.7774193548387097,0.1,0.0,9,0.7560975609756098
41,1.0,0.2,20260811,0.2946859903381642,0.5,0.01,0.5,0,0.5609756097560976
41,1.0,0.2,20260811,0.3941798941798942,0.5,0.01,0.5,0,0.6585365853658537
41,1.0,0.2,20260811,0.36923076923076925,0.7538461538461539,0.1,0.5,1,0.6341463414634146
41,1.0,0.2,20260811,0.4558823529411765,0.7083333333333334,0.01,0.0,9,0.5853658536585366
41,1.0,0.2,20260811,0.21497584541062803,0.5,0.01,0.5,0,0.5609756097560976
41,1.0,0.2,20260811,0.5441176470588236,0.5,0.01,0.5,0,0.5853658536585366
41,1.0,0.2,20260811,0.26774193548387093,0.5,0.01,0.5,0,0.7560975609756098
41,1.0,0.2,20260811,0.48626373626373626,0.673076923076923,0.01,0.0,9,0.6829268292682927
41,1.0,0.2,20260811,0.30687830687830686,0.7777777777777777,1.0,0.5,7,0.6585365853658537
41,1.0,0.2,20260811,0.76,0.87625,0.1,0.5,1,0.6097560975609756
41,1.0,0.2,20260811,0.23846153846153845,0.5,0.01,0.5,0,0.6341463414634146
41,1.0,0.2,20260811,0.530952380952381,0.7119047619047618,0.01,0.0,9,0.5121951219512195
41,1.0,0.2,20260811,0.3148148148148148,0.7354497354497354,1.0,0.0,9,0.6585365853658537
41,1.0,0.2,20260811,0.2,0.5,0.01,0.5,0,0.5121951219512195
41,1.0,0.2,20260811,0.37037037037037035,0.7883597883597884,0.1,0.0,9,0.6585365853658537
41,1.0,0.2,20260811,0.6243386243386243,0.8756613756613756,1.0,0.5,8,0.6585365853658537
41,1.0,0.2,20260811,0.3620689655172414,0.5,0.01,0.5,0,0.7073170731707317
41,1.0,0.2,20260811,0.24615384615384617,0.6820512820512821,0.01,0.0,9,0.6341463414634146
41,1.0,0.2,20260811,0.43103448275862066,0.6867816091954023,0.01,0.0,9,0.7073170731707317
41,1.0,0.2,20260811,0.3021978021978021,0.5,0.01,0.5,0,0.6829268292682927
41,1.0,0.2,20260811,0.13636363636363638,0.7559808612440191,1.0,0.5,8,0.5365853658536586
41,1.0,0.2,20260811,0.3825,0.5,0.01,0.5,0,0.6097560975609756
41,1.0,0.2,20260811,0.2916666666666667,0.5,0.01,0.5,0,0.5853658536585366
41,1.0,0.2,20260811,0.558974358974359,0.8,0.1,0.0,9,0.6341463414634146
41,1.0,0.2,20260811,0.21014492753623187,0.5,0.01,0.5,0,0.5609756097560976
41,1.0,0.2,20260811,0.3547619047619047,0.5,0.01,0.5,0,0.5121951219512195
41,1.0,0.2,20260811,0.18,0.64,0.01,0.0,9,0.6097560975609756
41,1.0,0.2,20260811,0.5538461538461539,0.8282051282051283,1.0,0.0,9,0.6341463414634146
41,1.0,0.2,20260811,0.4525,0.8049999999999999,0.01,0.0,9,0.6097560975609756
41,1.0,0.2,20260811,0.6974358974358974,0.8615384615384616,1.0,0.0,9,0.6341463414634146
41,1.0,0.2,20260811,0.15109890109890106,0.6895604395604396,0.01,0.0,9,0.6829268292682927
41,1.0,0.2,20260811,0.4580645161290322,0.7354838709677419,0.1,0.0,9,0.7560975609756098
41,1.0,0.2,20260811,0.6593137254901961,0.7830882352941175,0.1,0.5,2,0.5853658536585366
41,1.0,0.2,20260811,0.4538461538461538,0.7487179487179487,0.01,0.0,9,0.6341463414634146
41,1.0,0.2,20260811,0.5686813186813187,0.8461538461538461,1.0,1.0,5,0.6829268292682927
41,1.0,0.2,20260811,0.39,0.7000000000000001,0.01,0.0,9,0.6097560975609756
41,1.0,0.2,20260811,0.34803921568627455,0.5,0.01,0.5,0,0.5853658536585366
41,1.0,0.2,20260811,0.16379310344827586,0.5,0.01,0.5,0,0.7073170731707317
41,1.0,0.2,20260811,0.4,0.5,0.01,0.5,0,0.6341463414634146
41,1.0,0.2,20260811,0.4625,0.5,0.01,0.5,0,0.6097560975609756
41,1.0,0.2,20260811,0.3819444444444445,0.5,0.01,0.5,0,0.7804878048780488
41,1.0,0.2,20260811,0.6333333333333333,0.8333333333333333,1.0,0.0,9,0.6341463414634146
41,1.0,0.2,20260811,0.3666666666666667,0.6571428571428571,0.01,0.0,9,0.5121951219512195
41,1.0,0.2,20260811,0.4697802197802198,0.6813186813186813,1.0,1.0,2,0.6829268292682927
41,1.0,0.2,20260811,0.3015873015873016,0.5,0.01,0.5,0,0.6585365853658537
41,1.0,0.2,20260811,0.45588235294117646,0.7671568627450981,0.1,0.0,9,0.5853658536585366
41,1.0,0.2,20260811,0.29047619047619044,0.5,0.01,0.5,0,0.5121951219512195
41,1.0,0.2,20260811,0.2592592592592593,0.5,0.01,0.5,0,0.6585365853658537
41,1.0,0.2,20260811,0.5507246376811594,0.7632850241545893,0.1,0.0,9,0.5609756097560976
41,1.0,0.2,20260811,0.3492063492063492,0.7407407407407407,1.0,0.0,9,0.6585365853658537
41,1.0,0.2,20260811,0.3112745098039216,0.7598039215686274,1.0,1.0,4,0.5853658536585366
41,1.0,0.2,20260811,0.22916666666666669,0.5,0.01,0.5,0,0.7804878048780488
41,1.0,0.2,20260811,0.4475,0.8,1.0,0.0,9,0.6097560975609756
41,1.0,0.2,20260811,0.43939393939393945,0.6696969696969697,0.01,0.0,9,0.7317073170731707
41,1.0,0.2,20260811,0.5604395604395604,0.826923076923077,1.0,0.5,7,0.6829268292682927
41,1.0,0.2,20260811,0.4830917874396135,0.7173913043478262,0.1,0.0,9,0.5609756097560976
41,1.0,0.2,20260811,0.45806451612903226,0.732258064516129,0.01,0.0,9,0.7560975609756098
41,1.0,0.2,20260811,0.34065934065934067,0.5,0.01,0.5,0,0.6829268292682927
41,1.0,0.2,20260811,0.41000000000000003,0.7775,1.0,1.0,7,0.6097560975609756
41,1.0,0.2,20260811,0.4523809523809524,0.5,0.01,0.5,0,0.5121951219512195
41,1.0,0.2,20260811,0.5512820512820513,0.7230769230769231,0.01,0.0,9,0.6341463414634146
41,1.0,0.2,20260811,0.48461538461538456,0.7820512820512822,1.0,0.0,9,0.6341463414634146
41,1.0,0.2,20260811,0.1475,0.6925,0.1,0.5,1,0.6097560975609756
41,1.0,0.2,20260811,0.6714975845410628,0.8743961352657005,1.0,0.0,9,0.5609756097560976
41,1.0,0.2,20260811,0.21839080459770113,0.7701149425287357,1.0,1.0,5,0.7073170731707317
41,1.0,0.2,20260811,0.6568627450980392,0.8848039215686274,1.0,0.0,9,0.5853658536585366
41,1.0,0.2,20260811,0.4913793103448276,0.7543103448275862,0.1,0.5,1,0.7073170731707317
41,1.0,0.2,20260811,0.3,0.7212121212121212,0.01,0.0,9,0.7317073170731707
41,1.0,0.2,20260811,0.48064516129032253,0.8129032258064516,0.1,0.0,9,0.7560975609756098
41,1.0,0.2,20260811,0.35000000000000003,0.65,0.01,0.0,9,0.4878048780487805
41,1.0,0.2,20260811,0.24000000000000002,0.5,0.01,0.5,0,0.6097560975609756
41,1.0,0.2,20260811,0.537037037037037,0.798941798941799,1.0,1.0,6,0.6585365853658537
41,1.0,0.2,20260811,0.18205128205128204,0.5,0.01,0.5,0,0.6341463414634146
41,1.0,0.2,20260811,0.3719806763285024,0.6594202898550725,0.01,0.0,9,0.5609756097560976
41,1.0,0.2,20260811,0.23015873015873015,0.5,0.01,0.5,0,0.6585365853658537
41,1.0,0.2,20260811,0.22222222222222218,0.6693121693121693,1.0,1.0,1,0.6585365853658537
41,1.0,0.2,20260811,0.5102564102564102,0.7051282051282052,0.01,0.0,9,0.6341463414634146
41,1.0,0.2,20260811,0.48901098901098905,0.7774725274725275,0.1,0.0,9,0.6829268292682927
41,1.0,0.2,20260811,0.49696969696969695,0.5,0.01,0.5,0,0.7317073170731707
41,1.0,0.2,20260811,0.47575757575757577,0.5,0.01,0.5,0,0.7317073170731707
41,1.0,0.2,20260811,0.48325358851674644,0.7655502392344498,0.1,0.5,2,0.5365853658536586
41,1.0,0.2,20260811,0.52,0.7549999999999999,0.01,0.0,9,0.6097560975609756
41,1.0,0.2,20260811,0.2535885167464115,0.5,0.01,0.5,0,0.4634146341463415
41,1.0,0.2,20260811,0.2857142857142857,0.5,0.01,0.5,0,0.6829268292682927
41,1.0,0.2,20260811,0.21500000000000002,0.5,0.01,0.5,0,0.6097560975609756
41,1.0,0.2,20260811,0.14761904761904762,0.5,0.01,0.5,0,0.5121951219512195
41,1.0,0.2,20260811,0.4166666666666667,0.7377450980392157,0.01,0.0,9,0.5853658536585366
41,1.0,0.2,20260811,0.3738095238095238,0.5,0.01,0.5,0,0.5121951219512195
41,1.0,0.2,20260811,0.5909090909090909,0.7757575757575758,0.01,0.0,9,0.7317073170731707
41,1.0,0.2,20260811,0.5392156862745099,0.8259803921568628,1.0,1.0,7,0.5853658536585366
41,1.0,0.2,20260811,0.3375,0.7125,0.1,0.5,1,0.6097560975609756
41,1.0,0.2,20260811,0.23544973544973544,0.5,0.01,0.5,0,0.6585365853658537
41,1.0,0.2,20260811,0.2641025641025641,0.5794871794871794,0.01,0.0,9,0.6341463414634146
41,1.0,0.2,20260811,0.33076923076923076,0.641025641025641,0.01,0.0,9,0.6341463414634146
41,1.0,0.2,20260811,0.2818627450980392,0.5,0.01,0.5,0,0.5853658536585366
41,1.0,0.2,20260811,0.5925,0.8474999999999999,0.1,0.0,9,0.6097560975609756
41,1.0,0.2,20260811,0.4076923076923077,0.5,0.01,0.5,0,0.6341463414634146
41,1.0,0.2,20260811,0.22966507177033493,0.6722488038277511,0.1,0.5,1,0.5365853658536586
41,1.0,0.2,20260811,0.455026455026455,0.7962962962962963,1.0,1.0,5,0.6585365853658537
41,1.0,0.2,20260811,0.3769230769230769,0.6717948717948719,0.01,0.0,9,0.6341463414634146
41,1.0,0.2,20260811,0.445,0.7475,0.1,0.0,9,0.6097560975609756
41,1.0,0.2,20260811,0.43846153846153846,0.7897435897435897,1.0,0.0,9,0.6341463414634146
41,1.0,0.2,20260811,0.41,0.695,0.01,0.0,9,0.6097560975609756
41,1.0,0.2,20260811,0.09487179487179487,0.5,0.01,0.5,0,0.6341463414634146
41,1.0,0.2,20260811,0.3897058823529412,0.6813725490196079,0.01,0.0,9,0.5853658536585366
41,1.0,0.2,20260811,0.25598086124401914,0.5,0.01,0.5,0,0.5365853658536586
41,1.0,0.2,20260811,0.12380952380952383,0.5,0.01,0.5,0,0.4878048780487805
41,1.0,0.2,20260811,0.49743589743589745,0.6743589743589744,1.0,1.0,4,0.6341463414634146
41,1.0,0.2,20260811,0.35000000000000003,0.5,0.01,0.5,0,0.6097560975609756
41,1.0,0.2,20260811,0.44973544973544977,0.5,0.01,0.5,0,0.6585365853658537
41,1.0,0.2,20260811,0.19487179487179487,0.5,0.01,0.5,0,0.6341463414634146
41,1.0,0.2,20260811,0.40512820512820513,0.8076923076923077,1.0,0.0,9,0.6341463414634146
41,1.0,0.2,20260811,0.40606060606060607,0.7621212121212122,1.0,1.0,3,0.7317073170731707
41,1.0,0.2,20260811,0.3205128205128205,0.6897435897435897,0.01,0.0,9,0.6341463414634146
41,1.0,0.2,20260811,0.49175824175824173,0.7692307692307693,0.1,0.0,9,0.6829268292682927
41,1.0,0.2,20260811,0.4275,0.6875,0.01,0.0,9,0.6097560975609756
41,1.0,0.2,20260811,0.36494252873563215,0.7155172413793103,0.1,0.0,9,0.7073170731707317
41,1.0,0.2,20260811,0.28387096774193543,0.667741935483871,0.01,0.0,9,0.7560975609756098
41,1.0,0.2,20260811,0.44230769230769224,0.7225274725274725,1.0,1.0,4,0.6829268292682927
41,1.0,0.2,20260811,0.5525,0.7324999999999999,0.1,0.5,1,0.6097560975609756
41,1.0,0.2,20260811,0.3140096618357488,0.644927536231884,0.01,0.0,9,0.5609756097560976
41,1.0,0.2,20260811,0.5172413793103449,0.5,0.01,0.5,0,0.7073170731707317
41,1.0,0.2,20260811,0.33791208791208793,0.6565934065934066,0.01,0.0,9,0.6829268292682927
41,1.0,0.2,20260811,0.40645161290322585,0.7935483870967742,0.1,0.0,9,0.7560975609756098
41,1.0,0.2,20260811,0.5598086124401914,0.7607655502392345,0.1,0.5,2,0.5365853658536586
41,1.0,0.2,20260811,0.664021164021164,0.5,0.01,0.5,0,0.6585365853658537
41,1.0,0.2,20260811,0.46129032258064523,0.7161290322580645,0.01,0.0,9,0.7560975609756098
41,1.0,0.2,20260811,0.6190476190476191,0.7678571428571428,0.1,0.5,1,0.5121951219512195
41,1.0,0.2,20260811,0.28846153846153844,0.5,0.01,0.5,0,0.6829268292682927
41,1.0,0.2,20260811,0.5833333333333333,0.7701149425287356,1.0,1.0,4,0.7073170731707317
41,1.0,0.2,20260811,0.475,0.8425,1.0,0.0,9,0.6097560975609756
41,1.0,0.2,20260811,0.3952380952380952,0.5,0.01,0.5,0,0.5121951219512195
41,1.0,0.2,20260811,0.2328042328042328,0.5,0.01,0.5,0,0.6585365853658537
41,1.0,0.2,20260811,0.48677248677248675,0.6640211640211641,0.01,0.0,9,0.6585365853658537
41,1.0,0.2,20260811,0.31896551724137934,0.6867816091954023,0.01,0.0,9,0.7073170731707317
41,1.0,0.2,20260811,0.425925925925926,0.6825396825396826,0.01,0.0,9,0.6585365853658537
41,1.0,0.2,20260811,0.26724137931034486,0.5,0.01,0.5,0,0.7073170731707317
41,1.0,0.2,20260811,0.24250000000000002,0.61,0.01,0.0,9,0.6097560975609756
41,1.0,0.2,20260811,0.5675,0.8325,1.0,0.5,7,0.6097560975609756
41,1.0,0.2,20260811,0.2751196172248803,0.6148325358851674,0.01,0.0,9,0.4634146341463415
41,1.0,0.2,20260811,0.6256410256410256,0.8743589743589744,1.0,0.5,7,0.6341463414634146
41,1.0,0.2,20260811,0.5129032258064516,0.8612903225806452,1.0,1.0,6,0.7560975609756098
41,1.0,0.2,20260811,0.20645161290322583,0.5,0.01,0.5,0,0.7560975609756098
41,1.0,0.2,20260811,0.46212121212121215,0.6780303030303031,0.01,0.0,9,0.8048780487804879
41,1.0,0.2,20260811,0.33241758241758246,0.5,0.01,0.5,0,0.6829268292682927
41,1.0,0.2,20260811,0.49725274725274726,0.7197802197802199,0.01,0.0,9,0.6829268292682927
41,1.0,0.2,20260811,0.27941176470588236,0.7769607843137254,1.0,0.0,9,0.5853658536585366
41,1.0,0.2,20260811,0.3681318681318681,0.5,0.01,0.5,0,0.6829268292682927
41,1.0,0.2,20260811,0.18181818181818182,0.5,0.01,0.5,0,0.5365853658536586
41,1.0,0.2,20260811,0.5132275132275133,0.8386243386243386,1.0,1.0,5,0.6585365853658537
41,1.0,0.2,20260811,0.4696969696969697,0.8636363636363636,1.0,0.0,9,0.7317073170731707
41,1.0,0.2,20260811,0.25980392156862747,0.5,0.01,0.5,0,0.5853658536585366
41,1.0,0.2,20260811,0.3379120879120879,0.6098901098901099,0.01,0.0,9,0.6829268292682927
41,1.0,0.2,20260811,0.2075,0.7125,0.01,0.0,9,0.6097560975609756
41,1.0,0.2,20260811,0.09743589743589742,0.7333333333333334,0.01,0.0,9,0.6341463414634146
41,1.0,0.2,20260811,0.45128205128205123,0.6974358974358975,0.01,0.0,9,0.6341463414634146
41,1.0,0.2,20260811,0.2705314009661836,0.5,0.01,0.5,0,0.5609756097560976
41,1.0,0.2,20260811,0.3787878787878788,0.7727272727272727,0.1,0.0,9,0.7317073170731707
41,1.0,0.2,20260811,0.6484848484848486,0.9212121212121213,1.0,0.5,7,0.7317073170731707
41,1.0,0.2,20260811,0.4444444444444445,0.5,0.01,0.5,0,0.6585365853658537
41,1.0,0.2,20260811,0.34299516908212563,0.5,0.01,0.5,0,0.5609756097560976
41,1.0,0.2,20260811,0.3431372549019608,0.5,0.01,0.5,0,0.5853658536585366
41,1.0,0.2,20260811,0.46212121212121215,0.8484848484848485,1.0,0.0,9,0.8048780487804879
41,1.0,0.2,20260811,0.40249999999999997,0.5,0.01,0.5,0,0.6097560975609756
41,1.0,0.2,20260811,0.3923076923076923,0.5,0.01,0.5,0,0.6341463414634146
41,1.0,0.2,20260811,0.38499999999999995,0.74375,0.1,0.5,1,0.6097560975609756
41,1.0,0.2,20260811,0.6746031746031746,0.8187830687830688,0.1,0.5,2,0.6585365853658537
41,1.0,0.2,20260811,0.4214285714285714,0.726190476190476,0.1,0.5,1,0.5121951219512195
41,1.0,0.2,20260811,0.543103448275862,0.7787356321839081,0.01,0.0,9,0.7073170731707317
41,1.0,0.2,20260811,0.31666666666666665,0.6309523809523809,0.01,0.0,9,0.5121951219512195
41,1.0,0.2,20260811,0.6363636363636364,0.8875598086124402,1.0,0.0,9,0.5365853658536586
41,1.0,0.2,20260811,0.5245098039215687,0.8235294117647058,1.0,1.0,7,0.5853658536585366
41,1.0,0.2,20260811,0.22142857142857142,0.6595238095238095,0.01,0.0,9,0.5121951219512195
41,1.0,0.2,20260811,0.36764705882352944,0.6544117647058824,0.01,0.0,9,0.5853658536585366
41,1.0,0.2,20260811,0.6867816091954023,0.8333333333333333,1.0,1.0,4,0.7073170731707317
41,1.0,0.2,20260811,0.39215686274509803,0.7107843137254902,0.01,0.0,9,0.5853658536585366
41,1.0,0.2,20260811,0.5634920634920635,0.8465608465608465,1.0,0.5,6,0.6585365853658537
41,1.0,0.2,20260811,0.4478021978021978,0.5,0.01,0.5,0,0.6829268292682927
41,1.0,0.2,20260811,0.6196172248803827,0.8492822966507177,0.1,0.0,9,0.5365853658536586
41,1.0,0.2,20260811,0.5714285714285714,0.9258241758241759,1.0,0.0,9,0.6829268292682927
41,1.0,0.2,20260811,0.34688995215311,0.8181818181818182,1.0,0.0,9,0.5365853658536586
41,1.0,0.2,20260811,0.0818181818181818,0.5,0.01,0.5,0,0.7317073170731707
41,1.0,0.2,20260811,0.3666666666666667,0.6435897435897436,0.01,0.0,9,0.6341463414634146
41,1.0,0.2,20260811,0.4203296703296704,0.7390109890109889,0.1,0.0,9,0.6829268292682927
41,1.0,0.2,20260811,0.7461538461538462,0.8333333333333333,0.1,0.0,9,0.6341463414634146
41,1.0,0.2,20260811,0.42401960784313725,0.7892156862745099,1.0,0.0,9,0.5853658536585366
41,1.0,0.2,20260811,0.4575,0.6950000000000001,0.01,0.0,9,0.6097560975609756
41,1.0,0.2,20260811,0.532258064516129,0.6161290322580645,0.01,0.0,9,0.7560975609756098
41,1.0,0.2,20260811,0.5879120879120878,0.6978021978021978,0.01,0.0,9,0.6829268292682927
41,1.0,0.2,20260811,0.5119617224880384,0.5,0.01,0.5,0,0.5365853658536586
41,1.0,0.2,20260811,0.3850574712643678,0.6379310344827586,0.01,0.0,9,0.7073170731707317
41,1.0,0.2,20260811,0.5824175824175825,0.8901098901098901,1.0,0.0,9,0.6829268292682927
41,1.0,0.2,20260811,0.6979166666666667,0.78125,1.0,0.0,9,0.7804878048780488
41,1.0,0.2,20260811,0.5333333333333333,0.8214285714285714,0.1,0.0,9,0.5121951219512195
41,1.0,0.2,20260811,0.35238095238095235,0.6833333333333332,0.01,0.0,9,0.5121951219512195
41,1.0,0.2,20260811,0.21794871794871795,0.6358974358974359,0.01,0.0,9,0.6341463414634146
41,1.0,0.2,20260811,0.5838709677419355,0.8548387096774194,1.0,1.0,6,0.7560975609756098
41,1.0,0.2,20260811,0.15757575757575756,0.5,0.01,0.5,0,0.7317073170731707
41,1.0,0.2,20260811,0.3695652173913043,0.785024154589372,1.0,0.0,9,0.5609756097560976
41,1.0,0.2,20260811,0.34102564102564104,0.5,0.01,0.5,0,0.6341463414634146
41,1.0,0.2,20260811,0.33492822966507174,0.6267942583732057,0.01,0.0,9,0.5365853658536586
41,1.0,0.2,20260811,0.6372549019607843,0.5,0.01,0.5,0,0.5853658536585366
41,1.0,0.2,20260811,0.5604395604395604,0.8241758241758242,1.0,1.0,7,0.6829268292682927
41,1.0,0.2,20260811,0.4470899470899471,0.7063492063492064,0.01,0.0,9,0.6585365853658537
41,1.0,0.2,20260811,0.7303921568627452,0.9044117647058824,1.0,1.0,7,0.5853658536585366
41,1.0,0.2,20260811,0.6358974358974359,0.841025641025641,1.0,1.0,5,0.6341463414634146
41,1.0,0.2,20260811,0.48717948717948717,0.7538461538461538,0.1,0.0,9,0.6341463414634146
41,1.0,0.2,20260811,0.2965686274509804,0.5,0.01,0.5,0,0.5853658536585366
41,1.0,0.2,20260811,0.6691176470588236,0.7267156862745098,0.1,0.5,1,0.5853658536585366
41,1.0,0.2,20260811,0.5072463768115942,0.7270531400966185,0.01,0.0,9,0.5609756097560976
41,1.0,0.2,20260811,0.23280423280423282,0.8306878306878306,1.0,0.0,9,0.6585365853658537
41,1.0,0.2,20260811,0.5026455026455027,0.8306878306878306,1.0,0.0,9,0.6585365853658537
41,1.0,0.2,20260811,0.5027472527472527,0.8159340659340659,1.0,0.0,9,0.6829268292682927
41,1.0,0.2,20260811,0.4904306220095694,0.6722488038277511,0.01,0.0,9,0.5365853658536586
41,1.0,0.2,20260811,0.4375,0.7224999999999999,1.0,1.0,4,0.6097560975609756
41,1.0,0.2,20260811,0.5531400966183575,0.7995169082125604,0.1,0.0,9,0.5609756097560976
41,1.0,0.2,20260811,0.39682539682539686,0.7724867724867724,1.0,0.5,7,0.6585365853658537
41,1.0,0.2,20260811,0.4357142857142858,0.6976190476190476,0.01,0.0,9,0.4878048780487805
41,1.0,0.2,20260811,0.3175,0.7625,1.0,1.0,5,0.6097560975609756
41,1.0,0.2,20260811,0.40249999999999997,0.6625,0.01,0.0,9,0.6097560975609756
41,1.0,0.2,20260811,0.2571428571428571,0.6357142857142857,0.01,0.0,9,0.5121951219512195
41,1.0,0.2,20260811,0.5406698564593302,0.8014354066985646,0.1,0.0,9,0.5365853658536586
41,1.0,0.2,20260811,0.6781609195402298,0.7658045977011495,0.1,0.5,1,0.7073170731707317
41,1.0,0.2,20260811,0.40686274509803927,0.5,0.01,0.5,0,0.5853658536585366
41,1.0,0.2,20260811,0.4913793103448275,0.8390804597701149,1.0,0.5,7,0.7073170731707317
41,1.0,0.2,20260811,0.37931034482758624,0.7442528735632183,0.01,0.0,9,0.7073170731707317
41,1.0,0.2,20260811,0.2598039215686274,0.5,0.01,0.5,0,0.5853658536585366
41,1.0,0.2,20260811,0.2606060606060606,0.5,0.01,0.5,0,0.7317073170731707
41,1.0,0.2,20260811,0.4339080459770115,0.5,0.01,0.5,0,0.7073170731707317
41,1.0,0.2,20260811,0.2948717948717949,0.5,0.01,0.5,0,0.6341463414634146
41,1.0,0.2,20260811,0.4339080459770115,0.6494252873563219,0.01,0.0,9,0.7073170731707317
41,1.0,0.2,20260811,0.4901960784313726,0.7941176470588235,1.0,0.0,9,0.5853658536585366
41,1.0,0.2,20260811,0.07948717948717947,0.5,0.01,0.5,0,0.6341463414634146
41,1.0,0.2,20260811,0.5700000000000001,0.83,1.0,1.0,8,0.6097560975609756
41,1.0,0.2,20260811,0.5052910052910052,0.753968253968254,0.1,0.0,9,0.6585365853658537
41,1.0,0.2,20260811,0.02051282051282051,0.5,0.01,0.5,0,0.6341463414634146
41,1.0,0.2,20260811,0.5230769230769231,0.7128205128205128,0.01,0.0,9,0.6341463414634146
41,1.0,0.2,20260811,0.44780219780219777,0.695054945054945,0.01,0.0,9,0.6829268292682927
41,1.0,0.2,20260811,0.6363636363636364,0.8026315789473685,0.1,0.5,2,0.5365853658536586
41,1.0,0.2,20260811,0.3994708994708995,0.6904761904761905,1.0,1.0,4,0.6585365853658537
41,1.0,0.2,20260811,0.5079365079365079,0.5,0.01,0.5,0,0.6585365853658537
41,1.0,0.2,20260811,0.4950980392156863,0.6838235294117647,0.01,0.0,9,0.5853658536585366
41,1.0,0.2,20260811,0.3434065934065934,0.5,0.01,0.5,0,0.6829268292682927
41,1.0,0.2,20260811,0.4076923076923077,0.5,0.01,0.5,0,0.6341463414634146
41,1.0,0.2,20260811,0.2898550724637682,0.5,0.01,0.5,0,0.5609756097560976
41,1.0,0.2,20260811,0.30000000000000004,0.6261904761904762,0.01,0.0,9,0.5121951219512195
41,1.0,0.2,20260811,0.701058201058201,0.8015873015873016,0.01,0.0,9,0.6585365853658537
41,1.0,0.2,20260811,0.30256410256410254,0.5,0.01,0.5,0,0.6341463414634146
41,1.0,0.2,20260811,0.5256410256410257,0.841025641025641,1.0,0.0,9,0.6341463414634146
41,1.0,0.2,20260811,0.3935483870967742,0.5,0.01,0.5,0,0.7560975609756098
41,1.0,0.2,20260811,0.32967032967032966,0.5,0.01,0.5,0,0.6829268292682927
41,1.0,0.2,20260811,0.6052631578947368,0.5,0.01,0.5,0,0.5365853658536586
41,1.0,0.2,20260811,0.5848484848484848,0.8393939393939395,1.0,0.0,9,0.7317073170731707
41,1.0,0.2,20260811,0.391304347826087,0.748792270531401,1.0,1.0,5,0.5609756097560976
41,1.0,0.2,20260811,0.5955882352941176,0.8235294117647058,0.1,0.0,9,0.5853658536585366
41,1.0,0.2,20260811,0.41005291005291006,0.7195767195767196,0.01,0.0,9,0.6585365853658537
41,1.0,0.2,20260811,0.676923076923077,0.9076923076923077,1.0,0.0,9,0.6341463414634146
41,1.0,0.2,20260811,0.5263157894736843,0.8038277511961722,1.0,0.5,8,0.5365853658536586
41,1.0,0.2,20260811,0.5375,0.7675000000000001,0.01,0.0,9,0.6097560975609756
41,1.0,0.2,20260811,0.7647058823529412,0.8946078431372548,1.0,1.0,5,0.5853658536585366
41,1.0,0.2,20260811,0.4913793103448276,0.5,0.01,0.5,0,0.7073170731707317
41,1.0,0.2,20260811,0.5636363636363636,0.5,0.01,0.5,0,0.7317073170731707
41,1.0,0.2,20260811,0.5797101449275363,0.7391304347826086,1.0,1.0,4,0.5609756097560976
41,1.0,0.2,20260811,0.354066985645933,0.5,0.01,0.5,0,0.5365853658536586
41,1.0,0.2,20260811,0.6594202898550724,0.9033816425120773,1.0,0.0,9,0.43902439024390244
41,1.0,0.2,20260811,0.4696969696969697,0.5,0.01,0.5,0,0.7317073170731707
41,1.0,0.2,20260811,0.3516129032258064,0.635483870967742,0.01,0.0,9,0.7560975609756098
41,1.0,0.2,20260811,0.30967741935483867,0.5,0.01,0.5,0,0.7560975609756098
41,1.0,0.2,20260811,0.26315789473684215,0.5,0.01,0.5,0,0.5365853658536586
41,1.0,0.2,20260811,0.35984848484848486,0.7045454545454546,0.01,0.0,9,0.8048780487804879
41,1.0,0.2,20260811,0.26923076923076916,0.5,0.01,0.5,0,0.6829268292682927
41,1.0,0.2,20260811,0.4476190476190476,0.7428571428571429,1.0,1.0,7,0.5121951219512195
41,1.0,0.2,20260811,0.3529411764705882,0.5,0.01,0.5,0,0.5853658536585366
41,1.0,0.2,20260811,0.2375,0.7275,0.1,0.0,9,0.6097560975609756
41,1.0,0.2,20260811,0.5692307692307692,0.6102564102564103,0.01,0.0,9,0.6341463414634146
41,1.0,0.2,20260811,0.38,0.63,0.01,0.0,9,0.6097560975609756
41,1.0,0.2,20260811,0.18840579710144928,0.6400966183574879,0.01,0.0,9,0.5609756097560976
41,1.0,0.2,20260811,0.582010582010582,0.7208994708994708,0.1,0.5,1,0.6585365853658537
41,1.0,0.2,20260811,0.09330143540669857,0.6435406698564594,0.01,0.0,9,0.5365853658536586
41,1.0,0.2,20260811,0.335,0.67,0.01,0.0,9,0.6097560975609756
41,1.0,0.2,20260811,0.6975,0.8674999999999999,1.0,1.0,4,0.6097560975609756
41,1.0,0.2,20260811,0.4511494252873563,0.8333333333333333,1.0,1.0,6,0.7073170731707317
41,1.0,0.2,20260811,0.2606060606060606,0.8242424242424243,1.0,0.0,9,0.7317073170731707
41,1.0,0.2,20260811,0.3435897435897436,0.5,0.01,0.5,0,0.6341463414634146
41,1.0,0.2,20260811,0.4838709677419355,0.8064516129032258,0.1,0.0,9,0.7560975609756098
41,1.0,0.2,20260811,0.3132183908045977,0.6695402298850576,0.01,0.0,9,0.7073170731707317
41,1.0,0.2,20260811,0.40238095238095234,0.75,1.0,1.0,7,0.5121951219512195
41,1.0,0.2,20260811,0.798941798941799,0.9708994708994709,1.0,0.0,9,0.6585365853658537
41,1.0,0.2,20260811,0.35344827586206895,0.5,0.01,0.5,0,0.7073170731707317
41,1.0,0.2,20260811,0.2181372549019608,0.6495098039215687,0.01,0.0,9,0.5853658536585366
41,1.0,0.2,20260811,0.4545454545454546,0.8757575757575757,1.0,0.0,9,0.7317073170731707
41,1.0,0.2,20260811,0.6649999999999999,0.8375,1.0,0.0,9,0.6097560975609756
41,1.0,0.2,20260811,0.5258064516129033,0.8258064516129032,1.0,1.0,3,0.7560975609756098
41,1.0,0.2,20260811,0.2794871794871795,0.5,0.01,0.5,0,0.6341463414634146
41,1.0,0.2,20260811,0.40384615384615385,0.6593406593406593,0.01,0.0,9,0.6829268292682927
41,1.0,0.2,20260811,0.4492753623188406,0.6618357487922705,0.01,0.0,9,0.43902439024390244
41,1.0,0.2,20260811,0.4665071770334928,0.6985645933014355,0.01,0.0,9,0.5365853658536586
41,1.0,0.2,20260811,0.6740196078431373,0.7818627450980393,0.1,0.0,9,0.5853658536585366
41,1.0,0.2,20260811,0.29710144927536236,0.6231884057971016,0.01,0.0,9,0.5609756097560976
41,1.0,0.2,20260811,0.6128205128205129,0.7692307692307692,0.01,0.0,9,0.6341463414634146
41,1.0,0.2,20260811,0.45410628019323673,0.5,0.01,0.5,0,0.5609756097560976
41,1.0,0.2,20260811,0.3793103448275862,0.8189655172413793,1.0,0.5,8,0.7073170731707317
41,1.0,0.2,20260811,0.5774999999999999,0.8425,1.0,0.5,7,0.6097560975609756
41,1.0,0.2,20260811,0.3478260869565218,0.7584541062801933,0.1,0.0,9,0.5609756097560976
41,1.0,0.2,20260811,0.48086124401913877,0.6937799043062202,0.01,0.0,9,0.5365853658536586
41,1.0,0.2,20260811,0.3994708994708995,0.7301587301587301,0.1,0.0,9,0.6585365853658537
41,1.0,0.2,20260811,0.21527777777777776,0.5,0.01,0.5,0,0.7804878048780488
41,1.0,0.2,20260811,0.5692307692307692,0.8256410256410256,0.1,0.0,9,0.6341463414634146
41,1.0,0.2,20260811,0.2358974358974359,0.6705128205128205,0.1,0.5,1,0.6341463414634146
41,1.0,0.2,20260811,0.21935483870967742,0.5,0.01,0.5,0,0.7560975609756098
41,1.0,0.2,20260811,0.5247252747252747,0.8104395604395604,1.0,0.0,9,0.6829268292682927
41,1.0,0.2,20260811,0.4878787878787879,0.7212121212121212,0.01,0.0,9,0.7317073170731707
41,1.0,0.2,20260811,0.4065934065934066,0.5,0.01,0.5,0,0.6829268292682927
41,1.0,0.2,20260811,0.5,0.7787878787878788,1.0,0.5,6,0.7317073170731707
41,1.0,0.2,20260811,0.33333333333333337,0.5,0.01,0.5,0,0.6341463414634146
41,1.0,0.2,20260811,0.4697802197802198,0.6043956043956042,0.01,0.0,9,0.6829268292682927
41,1.0,0.2,20260811,0.6950000000000001,0.8462500000000001,0.1,0.5,2,0.6097560975609756
41,1.0,0.2,20260811,0.25862068965517243,0.8764367816091954,1.0,0.5,9,0.7073170731707317
41,1.0,0.2,20260811,0.38,0.7275,0.1,0.0,9,0.6097560975609756
41,1.0,0.2,20260811,0.29022988505747127,0.8189655172413792,1.0,0.0,9,0.7073170731707317
41,1.0,0.2,20260811,0.4681372549019608,0.6544117647058824,0.01,0.0,9,0.5853658536585366
41,1.0,0.2,20260811,0.517948717948718,0.817948717948718,1.0,0.0,9,0.6341463414634146
41,1.0,0.2,20260811,0.30952380952380953,0.5,0.01,0.5,0,0.6585365853658537
41,1.0,0.2,20260811,0.693121693121693,0.8941798941798942,1.0,0.0,9,0.6585365853658537
41,1.0,0.2,20260811,0.1818181818181818,0.6909090909090909,0.01,0.0,9,0.7317073170731707
41,1.0,0.2,20260811,0.4758454106280193,0.6714975845410629,0.01,0.0,9,0.5609756097560976
41,1.0,0.2,20260811,0.28835978835978837,0.5,0.01,0.5,0,0.6585365853658537
41,1.0,0.2,20260811,0.24102564102564106,0.5,0.01,0.5,0,0.6341463414634146
41,1.0,0.2,20260811,0.46451612903225803,0.7741935483870968,1.0,0.0,9,0.7560975609756098
41,1.0,0.2,20260811,0.5761904761904763,0.8333333333333334,1.0,0.0,9,0.4878048780487805
41,1.0,0.2,20260811,0.25,0.5,0.01,0.5,0,0.5121951219512195
41,1.0,0.2,20260811,0.6231884057971016,0.8429951690821257,1.0,0.0,9,0.5609756097560976
41,1.0,0.2,20260811,0.5,0.7112068965517242,1.0,1.0,3,0.7073170731707317
41,1.0,0.2,20260811,0.382183908045977,0.692528735632184,0.01,0.0,9,0.7073170731707317
41,1.0,0.2,20260811,0.3242424242424242,0.5,0.01,0.5,0,0.7317073170731707
41,1.0,0.2,20260811,0.3128205128205128,0.7615384615384615,0.1,0.0,9,0.6341463414634146
41,1.0,0.2,20260811,0.3792270531400966,0.748792270531401,1.0,1.0,5,0.5609756097560976
41,1.0,0.2,20260811,0.367816091954023,0.7327586206896552,0.01,0.0,9,0.7073170731707317
41,1.0,0.2,20260811,0.23548387096774193,0.5,0.01,0.5,0,0.7560975609756098
41,1.0,0.2,20260811,0.6522988505747126,0.8390804597701149,1.0,1.0,4,0.7073170731707317
41,1.0,0.2,20260811,0.6715686274509804,0.7867647058823529,0.01,0.0,9,0.5853658536585366
41,1.0,0.2,20260811,0.41304347826086957,0.6183574879227053,0.01,0.0,9,0.5609756097560976
41,1.0,0.2,20260811,0.4826388888888889,0.5,0.01,0.5,0,0.7804878048780488
41,1.0,0.2,20260811,0.5767195767195767,0.8201058201058201,0.1,0.0,9,0.6585365853658537
41,1.0,0.2,20260811,0.46060606060606063,0.6848484848484848,0.01,0.0,9,0.7317073170731707
41,1.0,0.2,20260811,0.5416666666666666,0.8715277777777778,1.0,0.5,6,0.7804878048780488
41,1.0,0.2,20260811,0.265,0.7375,1.0,0.5,8,0.6097560975609756
41,1.0,0.2,20260811,0.44976076555023925,0.8038277511961722,1.0,1.0,5,0.5365853658536586
41,1.0,0.2,20260811,0.2818627450980392,0.6985294117647058,0.01,0.0,9,0.5853658536585366
41,1.0,0.2,20260811,0.6236263736263736,0.8104395604395603,0.1,0.0,9,0.6829268292682927
41,1.0,0.2,20260811,0.6005291005291005,0.873015873015873,1.0,0.5,8,0.6585365853658537
41,1.0,0.2,20260811,0.5144927536231884,0.7584541062801933,0.1,0.0,9,0.5609756097560976
41,1.0,0.2,20260811,0.6161290322580646,0.8838709677419355,1.0,0.5,8,0.7560975609756098
41,1.0,0.2,20260811,0.4852941176470588,0.8308823529411764,1.0,0.0,9,0.5853658536585366
41,1.0,0.2,20260811,0.47619047619047616,0.7928571428571428,0.1,0.0,9,0.5121951219512195
41,1.0,0.2,20260811,0.13846153846153844,0.5,0.01,0.5,0,0.6341463414634146
41,1.0,0.2,20260811,0.6695402298850575,0.8706896551724138,1.0,1.0,5,0.7073170731707317
41,1.0,0.2,20260811,0.6375661375661376,0.8756613756613756,1.0,0.0,9,0.6585365853658537
41,1.0,0.2,20260811,0.7142857142857142,0.9126984126984127,1.0,0.0,9,0.6585365853658537
41,1.0,0.2,20260811,0.44000000000000006,0.5,0.01,0.5,0,0.6097560975609756
41,1.0,0.2,20260811,0.3476190476190476,0.5,0.01,0.5,0,0.4878048780487805
41,1.0,0.2,20260811,0.36923076923076925,0.5,0.01,0.5,0,0.6341463414634146
41,1.0,0.2,20260811,0.29395604395604397,0.739010989010989,1.0,0.0,9,0.6829268292682927
41,1.0,0.2,20260811,0.3873626373626373,0.7417582417582417,0.1,0.5,2,0.6829268292682927
41,1.0,0.2,20260811,0.23015873015873015,0.5,0.01,0.5,0,0.6585365853658537
41,1.0,0.2,20260811,0.4618055555555556,0.7743055555555556,0.01,0.0,9,0.7804878048780488
41,1.0,0.2,20260811,0.6164021164021164,0.8756613756613757,1.0,0.0,9,0.6585365853658537
41,1.0,0.2,20260811,0.3901098901098901,0.6483516483516483,0.01,0.0,9,0.6829268292682927
41,1.0,0.2,20260811,0.2761904761904762,0.5,0.01,0.5,0,0.5121951219512195
41,1.0,0.2,20260811,0.3351648351648351,0.5,0.01,0.5,0,0.6829268292682927
41,1.0,0.2,20260811,0.3518518518518518,0.5,0.01,0.5,0,0.6585365853658537
41,1.0,0.2,20260811,0.6261904761904762,0.8523809523809524,0.1,0.0,9,0.5121951219512195
41,1.0,0.2,20260811,0.49754901960784315,0.5,0.01,0.5,0,0.5853658536585366
41,1.0,0.2,20260811,0.4362745098039216,0.5,0.01,0.5,0,0.5853658536585366
41,1.0,0.2,20260811,0.23030303030303026,0.5,0.01,0.5,0,0.7317073170731707
41,1.0,0.2,20260811,0.5082417582417582,0.5,0.01,0.5,0,0.6829268292682927
41,1.0,0.2,20260811,0.26715686274509803,0.5,0.01,0.5,0,0.5853658536585366
41,1.0,0.2,20260811,0.603174603174603,0.8492063492063492,1.0,0.5,7,0.6585365853658537
41,1.0,0.2,20260811,0.6470588235294118,0.8357843137254901,1.0,1.0,5,0.5853658536585366
41,1.0,0.2,20260811,0.6111111111111112,0.7486772486772486,0.1,0.5,1,0.6585365853658537
41,1.0,0.2,20260811,0.6436781609195402,0.8376436781609196,0.1,0.5,2,0.7073170731707317
41,1.0,0.2,20260811,0.5172413793103449,0.8419540229885057,1.0,0.0,9,0.7073170731707317
41,1.0,0.2,20260811,0.25,0.6758241758241759,0.01,0.0,9,0.6829268292682927
41,1.0,0.2,20260811,0.3102564102564102,0.7564102564102564,0.1,0.0,9,0.6341463414634146
41,1.0,0.2,20260811,0.7142857142857144,0.9126984126984127,1.0,0.5,9,0.6585365853658537
41,1.0,0.2,20260811,0.30606060606060603,0.7757575757575758,0.1,0.0,9,0.7317073170731707
41,1.0,0.2,20260811,0.37830687830687826,0.7671957671957672,0.1,0.0,9,0.6585365853658537
41,1.0,0.2,20260811,0.7161290322580645,0.632258064516129,0.01,0.0,9,0.7560975609756098
41,1.0,0.2,20260811,0.46031746031746024,0.7857142857142857,1.0,0.5,6,0.6585365853658537
41,1.0,0.2,20260811,0.5287081339712919,0.7129186602870814,0.01,0.0,9,0.5365853658536586
41,1.0,0.2,20260811,0.46428571428571425,0.706043956043956,0.01,0.0,9,0.6829268292682927
41,1.0,0.2,20260811,0.5373563218390804,0.8505747126436782,1.0,0.0,9,0.7073170731707317
41,1.0,0.2,20260811,0.2318840579710145,0.5,0.01,0.5,0,0.5609756097560976
41,1.0,0.2,20260811,0.18357487922705318,0.6690821256038647,0.01,0.0,9,0.5609756097560976
41,1.0,0.2,20260811,0.6206896551724137,0.8764367816091955,1.0,0.5,8,0.7073170731707317
41,1.0,0.2,20260811,0.4090909090909091,0.6435406698564594,0.01,0.0,9,0.5365853658536586
41,1.0,0.2,20260811,0.5666666666666667,0.7743589743589743,1.0,1.0,4,0.6341463414634146
41,1.0,0.2,20260811,0.27873563218390807,0.7873563218390804,1.0,0.5,8,0.7073170731707317
41,1.0,0.2,20260811,0.6212121212121212,0.8727272727272727,1.0,0.5,8,0.7317073170731707
41,1.0,0.2,20260811,0.5800000000000001,0.7925,0.01,0.0,9,0.6097560975609756
41,1.0,0.2,20260811,0.3489010989010989,0.6483516483516484,0.01,0.0,9,0.6829268292682927
41,1.0,0.2,20260811,0.4564102564102564,0.782051282051282,0.1,0.0,9,0.6341463414634146
41,1.0,0.2,20260811,0.235,0.7125,0.1,0.0,9,0.6097560975609756
41,1.0,0.2,20260811,0.42647058823529416,0.6764705882352942,0.1,0.5,1,0.5853658536585366
41,1.0,0.2,20260811,0.23188405797101452,0.6859903381642513,0.01,0.0,9,0.5609756097560976
41,1.0,0.2,20260811,0.5291005291005292,0.7486772486772487,0.01,0.0,9,0.6585365853658537
41,1.0,0.2,20260811,0.5931372549019609,0.8137254901960784,1.0,0.5,7,0.5853658536585366
41,1.0,0.2,20260811,0.32125603864734303,0.6521739130434783,0.01,0.0,9,0.5609756097560976
41,1.0,0.2,20260811,0.4148351648351648,0.6895604395604396,0.01,0.0,9,0.6829268292682927
41,1.0,0.2,20260811,0.5307692307692308,0.7282051282051282,0.01,0.0,9,0.6341463414634146
41,1.0,0.2,20260811,0.5906862745098039,0.8382352941176471,1.0,0.0,9,0.5853658536585366
41,1.0,0.2,20260811,0.20634920634920634,0.6375661375661376,0.01,0.0,9,0.6585365853658537
41,1.0,0.2,20260811,0.40249999999999997,0.7975000000000001,1.0,1.0,7,0.6097560975609756
41,1.0,0.2,20260811,0.5025641025641026,0.7051282051282051,0.01,0.0,9,0.6341463414634146
41,1.0,0.2,20260811,0.5175,0.8975000000000001,1.0,1.0,7,0.6097560975609756
41,1.0,0.2,20260811,0.6743589743589744,0.8974358974358975,1.0,0.0,9,0.6341463414634146
41,1.0,0.2,20260811,0.3412698412698413,0.5,0.01,0.5,0,0.6585365853658537
41,1.0,0.2,20260811,0.5574162679425837,0.7308612440191388,0.1,0.5,1,0.4634146341463415
41,1.0,0.2,20260811,0.435,0.5,0.01,0.5,0,0.6097560975609756
41,1.0,0.35,20260811,0.217032967032967,0.7472527472527473,1.0,1.0,6,0.6829268292682927
41,1.0,0.35,20260811,0.44685990338164255,0.5,0.01,0.5,0,0.5609756097560976
41,1.0,0.35,20260811,0.44999999999999996,0.8023809523809524,1.0,1.0,6,0.5121951219512195
41,1.0,0.35,20260811,0.5325,0.7975,1.0,1.0,5,0.6097560975609756
41,1.0,0.35,20260811,0.6692307692307693,0.8051282051282052,0.01,0.0,9,0.6341463414634146
41,1.0,0.35,20260811,0.46703296703296704,0.75,0.1,0.0,9,0.6829268292682927
41,1.0,0.35,20260811,0.36813186813186816,0.5,0.01,0.5,0,0.6829268292682927
41,1.0,0.35,20260811,0.6799999999999999,0.8049999999999999,0.1,0.0,9,0.6097560975609756
41,1.0,0.35,20260811,0.6125,0.8575,1.0,1.0,5,0.6097560975609756
41,1.0,0.35,20260811,0.2774193548387097,0.5,0.01,0.5,0,0.7560975609756098
41,1.0,0.35,20260811,0.19082125603864733,0.6545893719806763,0.01,0.0,9,0.5609756097560976
41,1.0,0.35,20260811,0.29227053140096615,0.6328502415458936,0.01,0.0,9,0.5609756097560976
41,1.0,0.35,20260811,0.4,0.74,0.1,0.0,9,0.6097560975609756
41,1.0,0.35,20260811,0.15217391304347827,0.7560386473429951,0.01,0.0,9,0.5609756097560976
41,1.0,0.35,20260811,0.6076923076923078,0.7846153846153846,0.1,0.0,9,0.6341463414634146
41,1.0,0.35,20260811,0.4675,0.7849999999999999,1.0,1.0,5,0.6097560975609756
41,1.0,0.35,20260811,0.28472222222222227,0.6527777777777778,0.01,0.0,9,0.7804878048780488
41,1.0,0.35,20260811,0.5211640211640212,0.7645502645502645,0.1,0.0,9,0.6585365853658537
41,1.0,0.35,20260811,0.6309523809523809,0.8166666666666667,0.1,0.5,2,0.4878048780487805
41,1.0,0.35,20260811,0.6545454545454545,0.806060606060606,0.1,0.0,9,0.7317073170731707
41,1.0,0.35,20260811,0.34126984126984117,0.5,0.01,0.5,0,0.6585365853658537
41,1.0,0.35,20260811,0.28,0.5,0.01,0.5,0,0.6097560975609756
41,1.0,0.35,20260811,0.33574879227053134,0.6787439613526569,0.01,0.0,9,0.5609756097560976
41,1.0,0.35,20260811,0.4424242424242425,0.7636363636363637,1.0,0.0,9,0.7317073170731707
41,1.0,0.35,20260811,0.6328502415458938,0.8429951690821256,1.0,0.5,7,0.5609756097560976
41,1.0,0.35,20260811,0.455,0.715,0.01,0.0,9,0.6097560975609756
41,1.0,0.35,20260811,0.373015873015873,0.7248677248677249,0.01,0.0,9,0.6585365853658537
41,1.0,0.35,20260811,0.4,0.7051282051282051,0.01,0.0,9,0.6341463414634146
41,1.0,0.35,20260811,0.0931372549019608,0.803921568627451,1.0,0.0,9,0.5853658536585366
41,1.0,0.35,20260811,0.5333333333333334,0.8928571428571428,1.0,0.0,9,0.5121951219512195
41,1.0,0.35,20260811,0.5149999999999999,0.5,0.01,0.5,0,0.6097560975609756
41,1.0,0.35,20260811,0.48499999999999993,0.7124999999999999,0.01,0.0,9,0.6097560975609756
41,1.0,0.35,20260811,0.5925,0.845,1.0,1.0,6,0.6097560975609756
41,1.0,0.35,20260811,0.4487179487179487,0.7820512820512822,0.1,0.0,9,0.6341463414634146
41,1.0,0.35,20260811,0.5692307692307692,0.7948717948717949,0.01,0.0,9,0.6341463414634146
41,1.0,0.35,20260811,0.3263888888888889,0.7187500000000001,0.01,0.0,9,0.7804878048780488
41,1.0,0.35,20260811,0.16190476190476188,0.5809523809523809,0.01,0.0,9,0.4878048780487805
41,1.0,0.35,20260811,0.47126436781609193,0.7758620689655171,0.01,0.0,9,0.7073170731707317
41,1.0,0.35,20260811,0.3823529411764706,0.7377450980392157,1.0,0.5,5,0.5853658536585366
41,1.0,0.35,20260811,0.7743589743589744,0.8589743589743589,0.01,0.0,9,0.6341463414634146
41,1.0,0.35,20260811,0.34688995215311,0.5,0.01,0.5,0,0.5365853658536586
41,1.0,0.35,20260811,0.19377990430622008,0.5,0.01,0.5,0,0.4634146341463415
41,1.0,0.35,20260811,0.7838709677419355,0.9451612903225807,1.0,0.0,9,0.7560975609756098
41,1.0,0.35,20260811,0.62,0.87,1.0,0.0,9,0.6097560975609756
41,1.0,0.35,20260811,0.5833333333333333,0.8132183908045977,0.01,0.0,9,0.7073170731707317
41,1.0,0.35,20260811,0.5256410256410257,0.7282051282051283,0.01,0.0,9,0.6341463414634146
41,1.0,0.35,20260811,0.39999999999999997,0.6903225806451613,0.01,0.0,9,0.7560975609756098
41,1.0,0.35,20260811,0.47,0.6725,0.01,0.0,9,0.6097560975609756
41,1.0,0.35,20260811,0.46078431372549017,0.8602941176470589,1.0,0.0,9,0.5853658536585366
41,1.0,0.35,20260811,0.39743589743589747,0.7307692307692308,0.01,0.0,9,0.6341463414634146
41,1.0,0.35,20260811,0.16183574879227053,0.5,0.01,0.5,0,0.5609756097560976
41,1.0,0.35,20260811,0.14705882352941177,0.7352941176470589,1.0,0.5,6,0.5853658536585366
41,1.0,0.35,20260811,0.5775862068965516,0.735632183908046,0.01,0.0,9,0.7073170731707317
41,1.0,0.35,20260811,0.5263157894736843,0.7488038277511962,0.01,0.0,9,0.5365853658536586
41,1.0,0.35,20260811,0.4425287356321839,0.5,0.01,0.5,0,0.7073170731707317
41,1.0,0.35,20260811,0.6475,0.725,0.1,0.5,1,0.6097560975609756
41,1.0,0.35,20260811,0.5051282051282051,0.7205128205128205,1.0,1.0,3,0.6341463414634146
41,1.0,0.35,20260811,0.3516746411483254,0.5,0.01,0.5,0,0.5365853658536586
41,1.0,0.35,20260811,0.3626373626373626,0.760989010989011,1.0,1.0,5,0.6829268292682927
41,1.0,0.35,20260811,0.22705314009661837,0.5,0.01,0.5,0,0.43902439024390244
41,1.0,0.35,20260811,0.47883597883597884,0.5,0.01,0.5,0,0.6585365853658537
41,1.0,0.35,20260811,0.4492753623188406,0.7101449275362319,0.01,0.0,9,0.5609756097560976
41,1.0,0.35,20260811,0.7417582417582418,0.8406593406593407,0.01,0.0,9,0.6829268292682927
41,1.0,0.35,20260811,0.41787439613526567,0.6980676328502415,0.1,0.0,9,0.5609756097560976
41,1.0,0.35,20260811,0.5549999999999999,0.8275,1.0,0.0,9,0.6097560975609756
41,1.0,0.35,20260811,0.4482758620689655,0.7068965517241379,0.01,0.0,9,0.7073170731707317
41,1.0,0.35,20260811,0.405,0.7075,0.1,0.5,2,0.6097560975609756
41,1.0,0.35,20260811,0.31578947368421056,0.6746411483253589,0.01,0.0,9,0.5365853658536586
41,1.0,0.35,20260811,0.5846153846153846,0.7461538461538462,0.1,0.0,9,0.6341463414634146
41,1.0,0.35,20260811,0.20048309178743962,0.5,0.01,0.5,0,0.5609756097560976
41,1.0,0.35,20260811,0.510989010989011,0.5,0.01,0.5,0,0.6829268292682927
41,1.0,0.35,20260811,0.4065934065934066,0.6648351648351649,0.01,0.0,9,0.6829268292682927
41,1.0,0.35,20260811,0.6387096774193548,0.8709677419354839,1.0,0.0,9,0.7560975609756098
41,1.0,0.35,20260811,0.15,0.6261904761904762,0.01,0.0,9,0.5121951219512195
41,1.0,0.35,20260811,0.4757575757575757,0.8121212121212121,1.0,0.0,9,0.7317073170731707
41,1.0,0.35,20260811,0.36363636363636365,0.8060606060606059,0.01,0.0,9,0.7317073170731707
41,1.0,0.35,20260811,0.7328042328042328,0.8148148148148149,0.1,0.5,1,0.6585365853658537
41,1.0,0.35,20260811,0.5846153846153845,0.7897435897435898,0.1,0.5,2,0.6341463414634146
41,1.0,0.35,20260811,0.5800000000000001,0.73,0.01,0.0,9,0.6097560975609756
41,1.0,0.35,20260811,0.21904761904761905,0.5,0.01,0.5,0,0.4878048780487805
41,1.0,0.35,20260811,0.514354066985646,0.7057416267942583,0.01,0.0,9,0.5365853658536586
41,1.0,0.35,20260811,0.47846889952153115,0.791866028708134,1.0,0.5,7,0.5365853658536586
41,1.0,0.35,20260811,0.20750000000000002,0.6375,0.01,0.0,9,0.6097560975609756
41,1.0,0.35,20260811,0.49043062200956944,0.6985645933014354,0.01,0.0,9,0.5365853658536586
41,1.0,0.35,20260811,0.3799019607843137,0.6813725490196079,0.01,0.0,9,0.5853658536585366
41,1.0,0.35,20260811,0.5238095238095238,0.8518518518518519,1.0,0.0,9,0.6585365853658537
41,1.0,0.35,20260811,0.40934065934065933,0.7142857142857143,0.1,0.0,9,0.6829268292682927
41,1.0,0.35,20260811,0.4784688995215311,0.5,0.01,0.5,0,0.5365853658536586
41,1.0,0.35,20260811,0.45641025641025634,0.6871794871794872,0.01,0.0,9,0.6341463414634146
41,1.0,0.35,20260811,0.2608695652173913,0.5,0.01,0.5,0,0.5609756097560976
41,1.0,0.35,20260811,0.3599033816425121,0.8260869565217391,1.0,0.0,9,0.5609756097560976
41,1.0,0.35,20260811,0.509090909090909,0.7757575757575758,1.0,0.5,8,0.7317073170731707
41,1.0,0.35,20260811,0.43301435406698563,0.755980861244019,1.0,1.0,5,0.4634146341463415
41,1.0,0.35,20260811,0.2614942528735632,0.5,0.01,0.5,0,0.7073170731707317
41,1.0,0.35,20260811,0.5735294117647058,0.8137254901960784,1.0,1.0,6,0.5853658536585366
41,1.0,0.35,20260811,0.480952380952381,0.8142857142857143,1.0,0.0,9,0.4878048780487805
41,1.0,0.35,20260811,0.32598039215686275,0.5,0.01,0.5,0,0.5853658536585366
41,1.0,0.35,20260811,0.47126436781609193,0.5,0.01,0.5,0,0.7073170731707317
41,1.0,0.35,20260811,0.6121212121212121,0.7575757575757576,0.01,0.0,9,0.7317073170731707
41,1.0,0.35,20260811,0.53,0.5,0.01,0.5,0,0.6097560975609756
41,1.0,0.35,20260811,0.5128205128205128,0.7846153846153845,0.1,0.5,3,0.6341463414634146
41,1.0,0.35,20260811,0.5615384615384615,0.8641025641025641,1.0,0.0,9,0.6341463414634146
41,1.0,0.35,20260811,0.28019323671497587,0.5,0.01,0.5,0,0.5609756097560976
41,1.0,0.35,20260811,0.48275862068965514,0.6867816091954023,0.01,0.0,9,0.7073170731707317
41,1.0,0.35,20260811,0.44358974358974357,0.7794871794871795,1.0,1.0,4,0.6341463414634146
41,1.0,0.35,20260811,0.46411483253588515,0.7966507177033493,1.0,1.0,7,0.5365853658536586
41,1.0,0.35,20260811,0.43779904306220097,0.7476076555023924,0.1,0.5,2,0.5365853658536586
41,1.0,0.35,20260811,0.3908045977011494,0.8074712643678161,1.0,0.5,8,0.7073170731707317
41,1.0,0.35,20260811,0.65,0.8325,1.0,0.5,8,0.6097560975609756
41,1.0,0.35,20260811,0.5502645502645502,0.8201058201058201,1.0,1.0,5,0.6585365853658537
41,1.0,0.35,20260811,0.22749999999999998,0.6425000000000001,0.01,0.0,9,0.6097560975609756
41,1.0,0.35,20260811,0.6693121693121693,0.8518518518518519,0.1,0.5,3,0.6585365853658537
41,1.0,0.35,20260811,0.33333333333333337,0.5,0.01,0.5,0,0.5853658536585366
41,1.0,0.35,20260811,0.23846153846153847,0.5,0.01,0.5,0,0.6341463414634146
41,1.0,0.35,20260811,0.15000000000000002,0.5,0.01,0.5,0,0.4878048780487805
41,1.0,0.35,20260811,0.5114942528735632,0.5,0.01,0.5,0,0.7073170731707317
41,1.0,0.35,20260811,0.5105820105820106,0.7235449735449735,0.1,0.5,2,0.6585365853658537
41,1.0,0.35,20260811,0.2729885057471264,0.5,0.01,0.5,0,0.7073170731707317
41,1.0,0.35,20260811,0.5976190476190476,0.8500000000000001,1.0,1.0,6,0.5121951219512195
41,1.0,0.35,20260811,0.3846153846153846,0.5,0.01,0.5,0,0.6829268292682927
41,1.0,0.35,20260811,0.48086124401913877,0.8373205741626795,1.0,0.0,9,0.5365853658536586
41,1.0,0.35,20260811,0.5700000000000001,0.825,1.0,0.0,9,0.6097560975609756
41,1.0,0.35,20260811,0.3706896551724137,0.7011494252873564,0.01,0.0,9,0.7073170731707317
41,1.0,0.35,20260811,0.380952380952381,0.5,0.01,0.5,0,0.5121951219512195
41,1.0,0.35,20260811,0.5564102564102564,0.617948717948718,0.01,0.0,9,0.6341463414634146
41,1.0,0.35,20260811,0.5714285714285714,0.7883597883597883,0.1,0.5,1,0.6585365853658537
41,1.0,0.35,20260811,0.5402298850574713,0.5,0.01,0.5,0,0.7073170731707317
41,1.0,0.35,20260811,0.2156862745098039,0.767156862745098,1.0,0.5,7,0.5853658536585366
41,1.0,0.35,20260811,0.2838709677419355,0.5,0.01,0.5,0,0.7560975609756098
41,1.0,0.35,20260811,0.391304347826087,0.7681159420289856,1.0,1.0,5,0.43902439024390244
41,1.0,0.35,20260811,0.5483091787439613,0.7294685990338164,0.01,0.0,9,0.5609756097560976
41,1.0,0.35,20260811,0.4117647058823529,0.7009803921568627,0.01,0.0,9,0.5853658536585366
41,1.0,0.35,20260811,0.47607655502392343,0.80622009569378,1.0,1.0,7,0.5365853658536586
41,1.0,0.35,20260811,0.6,0.865,1.0,0.0,9,0.6097560975609756
41,1.0,0.35,20260811,0.40934065934065933,0.5,0.01,0.5,0,0.6829268292682927
41,1.0,0.35,20260811,0.44976076555023925,0.8110047846889952,1.0,1.0,6,0.5365853658536586
41,1.0,0.35,20260811,0.6473429951690821,0.8502415458937198,1.0,0.5,7,0.5609756097560976
41,1.0,0.35,20260811,0.395,0.5,0.01,0.5,0,0.6097560975609756
41,1.0,0.35,20260811,0.48677248677248675,0.746031746031746,0.01,0.0,9,0.6585365853658537
41,1.0,0.35,20260811,0.532967032967033,0.8269230769230769,1.0,0.0,9,0.6829268292682927
41,1.0,0.35,20260811,0.6666666666666666,0.8703703703703703,0.1,0.5,2,0.6585365853658537
41,1.0,0.35,20260811,0.4807692307692307,0.7197802197802199,0.01,0.0,9,0.6829268292682927
41,1.0,0.35,20260811,0.5475,0.77,0.1,0.5,2,0.6097560975609756
41,1.0,0.35,20260811,0.36428571428571427,0.5,0.01,0.5,0,0.5121951219512195
41,1.0,0.35,20260811,0.29166666666666663,0.6666666666666667,0.01,0.0,9,0.5853658536585366
41,1.0,0.35,20260811,0.6625,0.8162499999999999,0.1,0.5,2,0.6097560975609756
41,1.0,0.35,20260811,0.5425,0.7575,0.01,0.0,9,0.6097560975609756
41,1.0,0.35,20260811,0.7672413793103448,0.9195402298850576,1.0,0.0,9,0.7073170731707317
41,1.0,0.35,20260811,0.3840579710144927,0.6618357487922705,0.01,0.0,9,0.5609756097560976
41,1.0,0.35,20260811,0.30882352941176466,0.5,0.01,0.5,0,0.5853658536585366
41,1.0,0.35,20260811,0.1736111111111111,0.75,0.01,0.0,9,0.7804878048780488
41,1.0,0.35,20260811,0.5977011494252874,0.8649425287356322,1.0,0.5,6,0.7073170731707317
41,1.0,0.35,20260811,0.7424242424242424,0.9303030303030303,1.0,0.5,7,0.7317073170731707
41,1.0,0.35,20260811,0.17703349282296654,0.777511961722488,1.0,0.5,8,0.5365853658536586
41,1.0,0.35,20260811,0.425,0.755,0.1,0.0,9,0.6097560975609756
41,1.0,0.35,20260811,0.6244019138755981,0.8038277511961722,0.1,0.0,9,0.5365853658536586
41,1.0,0.35,20260811,0.4238095238095238,0.5,0.01,0.5,0,0.5121951219512195
41,1.0,0.35,20260811,0.19806763285024154,0.6835748792270531,0.01,0.0,9,0.5609756097560976
41,1.0,0.35,20260811,0.35344827586206895,0.7471264367816092,1.0,0.5,5,0.7073170731707317
41,1.0,0.35,20260811,0.4867724867724868,0.701058201058201,0.01,0.0,9,0.6585365853658537
41,1.0,0.35,20260811,0.30687830687830686,0.7407407407407407,1.0,0.5,6,0.6585365853658537
41,1.0,0.35,20260811,0.5571428571428572,0.7357142857142858,0.01,0.0,9,0.5121951219512195
41,1.0,0.35,20260811,0.5048309178743962,0.7753623188405797,1.0,0.5,6,0.5609756097560976
41,1.0,0.35,20260811,0.36764705882352944,0.5,0.01,0.5,0,0.5853658536585366
41,1.0,0.35,20260811,0.2818627450980392,0.7230392156862746,1.0,0.5,6,0.5853658536585366
41,1.0,0.35,20260811,0.5343137254901962,0.7634803921568628,0.1,0.5,2,0.5853658536585366
41,1.0,0.35,20260811,0.5767195767195767,0.7883597883597884,1.0,1.0,6,0.6585365853658537
41,1.0,0.35,20260811,0.4871794871794872,0.7897435897435897,0.1,0.0,9,0.6341463414634146
41,1.0,0.35,20260811,0.7583732057416268,0.9114832535885167,1.0,1.0,7,0.5365853658536586
41,1.0,0.35,20260811,0.42328042328042326,0.5,0.01,0.5,0,0.6585365853658537
41,1.0,0.35,20260811,0.5,0.8174603174603174,1.0,0.0,9,0.6585365853658537
41,1.0,0.35,20260811,0.23000000000000004,0.7175,1.0,0.0,9,0.6097560975609756
41,1.0,0.35,20260811,0.5795454545454546,0.821969696969697,1.0,0.5,7,0.8048780487804879
41,1.0,0.35,20260811,0.375,0.5,0.01,0.5,0,0.6097560975609756
41,1.0,0.35,20260811,0.2272727272727273,0.5,0.01,0.5,0,0.7317073170731707
41,1.0,0.35,20260811,0.5201149425287357,0.8362068965517242,0.1,0.0,9,0.7073170731707317
41,1.0,0.35,20260811,0.6763285024154589,0.78743961352657,0.01,0.0,9,0.5609756097560976
41,1.0,0.35,20260811,0.576923076923077,0.8,0.01,0.0,9,0.6341463414634146
41,1.0,0.35,20260811,0.6691176470588235,0.8529411764705881,0.1,0.5,3,0.5853658536585366
41,1.0,0.35,20260811,0.7758620689655172,0.9310344827586207,1.0,1.0,7,0.7073170731707317
41,1.0,0.35,20260811,0.4948717948717949,0.7435897435897436,1.0,1.0,3,0.6341463414634146
41,1.0,0.35,20260811,0.23809523809523808,0.6084656084656085,0.01,0.0,9,0.6585365853658537
41,1.0,0.35,20260811,0.6820512820512821,0.8743589743589745,1.0,0.0,9,0.6341463414634146
41,1.0,0.35,20260811,0.5675,0.8275000000000001,1.0,0.0,9,0.6097560975609756
41,1.0,0.35,20260811,0.2948717948717949,0.5,0.01,0.5,0,0.6341463414634146
41,1.0,0.35,20260811,0.5454545454545455,0.715311004784689,0.1,0.5,1,0.5365853658536586
41,1.0,0.35,20260811,0.28743961352657005,0.6473429951690821,0.1,0.5,1,0.5609756097560976
41,1.0,0.35,20260811,0.3349282296650718,0.722488038277512,1.0,0.5,7,0.5365853658536586
41,1.0,0.35,20260811,0.48039215686274506,0.7181372549019608,0.01,0.0,9,0.5853658536585366
41,1.0,0.35,20260811,0.3783068783068783,0.8015873015873016,1.0,0.0,9,0.6585365853658537
41,1.0,0.35,20260811,0.27747252747252743,0.6208791208791209,0.01,0.0,9,0.6829268292682927
41,1.0,0.35,20260811,0.485,0.8075,1.0,1.0,7,0.6097560975609756
41,1.0,0.35,20260811,0.7525000000000001,0.775,0.01,0.0,9,0.6097560975609756
41,1.0,0.35,20260811,0.1932367149758454,0.7536231884057971,1.0,0.0,9,0.5609756097560976
41,1.0,0.35,20260811,0.2575,0.5,0.01,0.5,0,0.6097560975609756
41,1.0,0.35,20260811,0.5487179487179488,0.8205128205128205,1.0,0.0,9,0.6341463414634146
41,1.0,0.35,20260811,0.4558823529411765,0.6740196078431373,0.01,0.0,9,0.5853658536585366
41,1.0,0.35,20260811,0.3597883597883598,0.6666666666666666,0.01,0.0,9,0.6585365853658537
41,1.0,0.35,20260811,0.5521978021978022,0.8241758241758244,0.1,0.0,9,0.6829268292682927
41,1.0,0.35,20260811,0.3104395604395604,0.7225274725274726,1.0,1.0,4,0.6829268292682927
41,1.0,0.35,20260811,0.7673611111111112,0.9444444444444444,1.0,0.0,9,0.7804878048780488
41,1.0,0.35,20260811,0.5806451612903226,0.8483870967741937,1.0,0.0,9,0.7560975609756098
41,1.0,0.35,20260811,0.5972222222222222,0.8506944444444444,1.0,0.5,6,0.7804878048780488
41,1.0,0.35,20260811,0.30687830687830686,0.6851851851851851,0.01,0.0,9,0.6585365853658537
41,1.0,0.35,20260811,0.38405797101449274,0.7657004830917875,1.0,0.5,6,0.5609756097560976
41,1.0,0.35,20260811,0.27011494252873564,0.5,0.01,0.5,0,0.7073170731707317
41,1.0,0.35,20260811,0.4871794871794872,0.7974358974358975,0.1,0.0,9,0.6341463414634146
41,1.0,0.35,20260811,0.2560386473429952,0.6859903381642513,1.0,1.0,5,0.5609756097560976
41,1.0,0.35,20260811,0.3606060606060606,0.5,0.01,0.5,0,0.7317073170731707
41,1.0,0.35,20260811,0.6060606060606061,0.7272727272727273,1.0,0.5,8,0.7317073170731707
41,1.0,0.35,20260811,0.2416267942583732,0.6770334928229665,1.0,1.0,4,0.5365853658536586
41,1.0,0.35,20260811,0.6887254901960784,0.892156862745098,1.0,0.5,8,0.5853658536585366
41,1.0,0.35,20260811,0.7966507177033494,0.9138755980861245,1.0,0.0,9,0.5365853658536586
41,1.0,0.35,20260811,0.3424242424242424,0.5,0.01,0.5,0,0.7317073170731707
41,1.0,0.35,20260811,0.510989010989011,0.8076923076923077,1.0,0.0,9,0.6829268292682927
41,1.0,0.35,20260811,0.5875,0.79,1.0,1.0,4,0.6097560975609756
41,1.0,0.35,20260811,0.5933014354066987,0.7464114832535885,0.1,0.0,9,0.5365853658536586
41,1.0,0.35,20260811,0.3021978021978022,0.5,0.01,0.5,0,0.6829268292682927
41,1.0,0.35,20260811,0.5307692307692308,0.8153846153846154,1.0,0.0,9,0.6341463414634146
41,1.0,0.35,20260811,0.7426470588235294,0.8578431372549019,1.0,0.0,9,0.5853658536585366
41,1.0,0.35,20260811,0.26455026455026454,0.716931216931217,0.01,0.0,9,0.6585365853658537
41,1.0,0.35,20260811,0.3547619047619048,0.7119047619047618,0.01,0.0,9,0.4878048780487805
41,1.0,0.35,20260811,0.3504901960784314,0.6102941176470589,0.01,0.0,9,0.5853658536585366
41,1.0,0.35,20260811,0.28708133971291866,0.5,0.01,0.5,0,0.5365853658536586
41,1.0,0.35,20260811,0.3700980392156863,0.6936274509803921,0.01,0.0,9,0.5853658536585366
41,1.0,0.35,20260811,0.5459770114942528,0.5,0.01,0.5,0,0.7073170731707317
41,1.0,0.35,20260811,0.1282051282051282,0.6705128205128206,0.1,0.5,1,0.6341463414634146
41,1.0,0.35,20260811,0.6358974358974359,0.8948717948717948,1.0,0.0,9,0.6341463414634146
41,1.0,0.35,20260811,0.4126984126984127,0.5,0.01,0.5,0,0.6585365853658537
41,1.0,0.35,20260811,0.34449760765550236,0.5,0.01,0.5,0,0.4634146341463415
41,1.0,0.35,20260811,0.321078431372549,0.5,0.01,0.5,0,0.5853658536585366
41,1.0,0.35,20260811,0.2573529411764706,0.5,0.01,0.5,0,0.5853658536585366
41,1.0,0.35,20260811,0.5144927536231884,0.7028985507246377,0.01,0.0,9,0.5609756097560976
41,1.0,0.35,20260811,0.4131944444444444,0.6805555555555556,0.01,0.0,9,0.7804878048780488
41,1.0,0.35,20260811,0.2404761904761905,0.5,0.01,0.5,0,0.4878048780487805
41,1.0,0.35,20260811,0.3218390804597701,0.6867816091954022,0.01,0.0,9,0.7073170731707317
41,1.0,0.35,20260811,0.1642156862745098,0.5,0.01,0.5,0,0.5853658536585366
41,1.0,0.35,20260811,0.5334928229665072,0.7727272727272727,0.1,0.5,2,0.5365853658536586
41,1.0,0.35,20260811,0.5989010989010989,0.8049450549450549,1.0,0.5,6,0.6829268292682927
41,1.0,0.35,20260811,0.7183908045977011,0.8362068965517242,1.0,1.0,3,0.7073170731707317
41,1.0,0.35,20260811,0.5239234449760766,0.8038277511961722,1.0,0.5,8,0.4634146341463415
41,1.0,0.35,20260811,0.3878787878787878,0.8424242424242425,1.0,1.0,4,0.7317073170731707
41,1.0,0.35,20260811,0.43846153846153846,0.7282051282051282,0.01,0.0,9,0.6341463414634146
41,1.0,0.35,20260811,0.5027472527472527,0.6950549450549451,0.01,0.0,9,0.6829268292682927
41,1.0,0.35,20260811,0.04310344827586209,0.6695402298850575,0.01,0.0,9,0.7073170731707317
41,1.0,0.35,20260811,0.24999999999999997,0.6408045977011494,0.01,0.0,9,0.7073170731707317
41,1.0,0.35,20260811,0.19047619047619047,0.5,0.01,0.5,0,0.5121951219512195
41,1.0,0.35,20260811,0.4803921568627451,0.7107843137254901,0.1,0.5,1,0.5853658536585366
41,1.0,0.35,20260811,0.6397058823529411,0.7757352941176471,0.1,0.5,1,0.5853658536585366
41,1.0,0.35,20260811,0.5217391304347826,0.6980676328502415,0.01,0.0,9,0.5609756097560976
41,1.0,0.35,20260811,0.56,0.7150000000000001,0.01,0.0,9,0.6097560975609756
41,1.0,0.35,20260811,0.24425287356321837,0.6551724137931034,0.01,0.0,9,0.7073170731707317
41,1.0,0.35,20260811,0.5073529411764706,0.7450980392156863,0.1,0.0,9,0.5853658536585366
41,1.0,0.35,20260811,0.5219780219780219,0.7005494505494505,0.01,0.0,9,0.6829268292682927
41,1.0,0.35,20260811,0.5261904761904762,0.6845238095238095,0.1,0.5,1,0.4878048780487805
41,1.0,0.35,20260811,0.24396135265700486,0.5,0.1,0.5,0,0.5609756097560976
41,1.0,0.35,20260811,0.3515151515151515,0.7333333333333334,0.01,0.0,9,0.7317073170731707
41,1.0,0.35,20260811,0.38095238095238093,0.5,0.01,0.5,0,0.6585365853658537
41,1.0,0.35,20260811,0.2173913043478261,0.6666666666666666,0.01,0.0,9,0.5609756097560976
41,1.0,0.35,20260811,0.3381642512077294,0.7222222222222222,0.01,0.0,9,0.5609756097560976
41,1.0,0.35,20260811,0.5217391304347826,0.8115942028985508,1.0,0.0,9,0.5609756097560976
41,1.0,0.35,20260811,0.44852941176470584,0.715686274509804,1.0,1.0,5,0.5853658536585366
41,1.0,0.35,20260811,0.6318681318681318,0.5,0.01,0.5,0,0.6829268292682927
41,1.0,0.35,20260811,0.2692307692307692,0.5,0.01,0.5,0,0.6829268292682927
41,1.0,0.35,20260811,0.47129186602870815,0.7344497607655502,0.1,0.0,9,0.5365853658536586
41,1.0,0.35,20260811,0.39010989010989017,0.7252747252747253,0.1,0.0,9,0.6829268292682927
41,1.0,0.35,20260811,0.3968253968253968,0.6587301587301587,0.01,0.0,9,0.6585365853658537
41,1.0,0.35,20260811,0.29945054945054944,0.7747252747252746,1.0,0.0,9,0.6829268292682927
41,1.0,0.35,20260811,0.3761904761904762,0.5,0.01,0.5,0,0.5121951219512195
41,1.0,0.35,20260811,0.26666666666666666,0.6285714285714287,0.01,0.0,9,0.4878048780487805
41,1.0,0.35,20260811,0.4258241758241758,0.6978021978021978,0.01,0.0,9,0.6829268292682927
41,1.0,0.35,20260811,0.31025641025641026,0.5,0.01,0.5,0,0.6341463414634146
41,1.0,0.35,20260811,0.3424242424242424,0.5,0.01,0.5,0,0.7317073170731707
41,1.0,0.35,20260811,0.736842105263158,0.8779904306220095,1.0,0.5,6,0.5365853658536586
41,1.0,0.35,20260811,0.5693779904306221,0.7703349282296651,0.01,0.0,9,0.5365853658536586
41,1.0,0.35,20260811,0.2751322751322751,0.6746031746031746,0.01,0.0,9,0.6585365853658537
41,1.0,0.35,20260811,0.5975,0.81,1.0,0.0,9,0.6097560975609756
41,1.0,0.35,20260811,0.46153846153846156,0.7897435897435897,0.1,0.0,9,0.6341463414634146
41,1.0,0.35,20260811,0.3873626373626374,0.6730769230769231,0.01,0.0,9,0.6829268292682927
41,1.0,0.35,20260811,0.30500000000000005,0.7500000000000001,1.0,0.0,9,0.6097560975609756
41,1.0,0.35,20260811,0.38888888888888895,0.732638888888889,0.1,0.5,1,0.7804878048780488
41,1.0,0.35,20260811,0.30423280423280424,0.5,0.01,0.5,0,0.6585365853658537
41,1.0,0.35,20260811,0.48809523809523814,0.6761904761904762,0.01,0.0,9,0.4878048780487805
41,1.0,0.35,20260811,0.49735449735449727,0.7619047619047619,0.1,0.0,9,0.6585365853658537
41,1.0,0.35,20260811,0.46568627450980393,0.767156862745098,0.1,0.0,9,0.5853658536585366
41,1.0,0.35,20260811,0.16421568627450986,0.588235294117647,0.01,0.0,9,0.5853658536585366
41,1.0,0.35,20260811,0.5329670329670328,0.7472527472527473,0.01,0.0,9,0.6829268292682927
41,1.0,0.35,20260811,0.47413793103448276,0.6666666666666666,0.01,0.0,9,0.7073170731707317
41,1.0,0.35,20260811,0.30000000000000004,0.5,0.01,0.5,0,0.5121951219512195
41,1.0,0.35,20260811,0.6180555555555556,0.7847222222222223,0.1,0.0,9,0.7804878048780488
41,1.0,0.35,20260811,0.36923076923076925,0.6615384615384615,0.01,0.0,9,0.6341463414634146
41,1.0,0.35,20260811,0.4600000000000001,0.73,1.0,1.0,5,0.6097560975609756
41,1.0,0.35,20260811,0.41500000000000004,0.7525000000000001,0.1,0.0,9,0.6097560975609756
41,1.0,0.35,20260811,0.4256410256410256,0.7717948717948717,1.0,1.0,5,0.6341463414634146
41,1.0,0.35,20260811,0.3681318681318681,0.6593406593406593,0.01,0.0,9,0.6829268292682927
41,1.0,0.35,20260811,0.661904761904762,0.8428571428571429,1.0,0.5,7,0.4878048780487805
41,1.0,0.35,20260811,0.18484848484848487,0.5,0.01,0.5,0,0.7317073170731707
41,1.0,0.35,20260811,0.4734299516908212,0.5,0.01,0.5,0,0.5609756097560976
41,1.0,0.35,20260811,0.45952380952380956,0.6738095238095239,0.01,0.0,9,0.4878048780487805
41,1.0,0.35,20260811,0.21000000000000002,0.7649999999999999,1.0,0.5,6,0.6097560975609756
41,1.0,0.35,20260811,0.39999999999999997,0.5,0.01,0.5,0,0.6097560975609756
41,1.0,0.35,20260811,0.3461538461538462,0.6487179487179487,0.01,0.0,9,0.6341463414634146
41,1.0,0.35,20260811,0.31884057971014496,0.5,0.01,0.5,0,0.5609756097560976
41,1.0,0.35,20260811,0.6397058823529412,0.7377450980392156,0.1,0.5,1,0.5853658536585366
41,1.0,0.35,20260811,0.31578947368421056,0.5,0.01,0.5,0,0.5365853658536586
41,1.0,0.35,20260811,0.611904761904762,0.830952380952381,1.0,0.0,9,0.4878048780487805
41,1.0,0.35,20260811,0.6358974358974359,0.8897435897435898,1.0,0.5,7,0.6341463414634146
41,1.0,0.35,20260811,0.4424242424242424,0.5,0.01,0.5,0,0.7317073170731707
41,1.0,0.35,20260811,0.49282296650717705,0.6842105263157894,0.01,0.0,9,0.5365853658536586
41,1.0,0.35,20260811,0.61,0.8525,1.0,0.0,9,0.6097560975609756
41,1.0,0.35,20260811,0.717391304347826,0.8961352657004831,1.0,1.0,6,0.5609756097560976
41,1.0,0.35,20260811,0.48,0.5,0.01,0.5,0,0.6097560975609756
41,1.0,0.35,20260811,0.7034313725490196,0.803921568627451,0.1,0.5,2,0.5853658536585366
41,1.0,0.35,20260811,0.44976076555023925,0.6889952153110047,0.01,0.0,9,0.4634146341463415
41,1.0,0.35,20260811,0.5098039215686274,0.7622549019607843,1.0,1.0,5,0.5853658536585366
41,1.0,0.35,20260811,0.4885057471264368,0.5,0.01,0.5,0,0.7073170731707317
41,1.0,0.35,20260811,0.7101449275362318,0.8888888888888888,1.0,1.0,7,0.5609756097560976
41,1.0,0.35,20260811,0.496969696969697,0.8666666666666666,0.1,0.0,9,0.7317073170731707
41,1.0,0.35,20260811,0.42857142857142855,0.7962962962962963,1.0,0.0,9,0.6585365853658537
41,1.0,0.35,20260811,0.6318681318681318,0.5,0.01,0.5,0,0.6829268292682927
41,1.0,0.35,20260811,0.671957671957672,0.8015873015873016,0.01,0.0,9,0.6585365853658537
41,1.0,0.35,20260811,0.4214285714285714,0.7190476190476192,0.01,0.0,9,0.5121951219512195
41,1.0,0.35,20260811,0.4068627450980392,0.7990196078431372,1.0,0.5,8,0.5853658536585366
41,1.0,0.35,20260811,0.3258064516129032,0.8225806451612903,1.0,1.0,5,0.7560975609756098
41,1.0,0.35,20260811,0.482051282051282,0.6153846153846154,0.01,0.0,9,0.6341463414634146
41,1.0,0.35,20260811,0.5137362637362637,0.7115384615384616,0.01,0.0,9,0.6829268292682927
41,1.0,0.35,20260811,0.16666666666666669,0.6957671957671957,0.01,0.0,9,0.6585365853658537
41,1.0,0.35,20260811,0.5054945054945055,0.771978021978022,1.0,1.0,4,0.6829268292682927
41,1.0,0.35,20260811,0.44019138755980863,0.7511961722488038,1.0,0.5,7,0.5365853658536586
41,1.0,0.35,20260811,0.32367149758454106,0.7681159420289855,0.1,0.0,9,0.5609756097560976
41,1.0,0.35,20260811,0.44179894179894175,0.5,0.01,0.5,0,0.6585365853658537
41,1.0,0.35,20260811,0.6884057971014492,0.8188405797101449,1.0,0.5,5,0.5609756097560976
41,1.0,0.35,20260811,0.4,0.7515151515151515,0.1,0.0,9,0.7317073170731707
41,1.0,0.35,20260811,0.47692307692307695,0.8025641025641026,1.0,1.0,4,0.6341463414634146
41,1.0,0.35,20260811,0.3793103448275862,0.735632183908046,0.01,0.0,9,0.7073170731707317
41,1.0,0.35,20260811,0.41025641025641024,0.6820512820512821,0.01,0.0,9,0.6341463414634146
41,1.0,0.35,20260811,0.5,0.7538461538461538,1.0,1.0,5,0.6341463414634146
41,1.0,0.35,20260811,0.41025641025641035,0.5,0.01,0.5,0,0.6341463414634146
41,1.0,0.35,20260811,0.3476190476190476,0.7547619047619047,1.0,0.5,7,0.5121951219512195
41,1.0,0.35,20260811,0.41798941798941797,0.7804232804232805,0.01,0.0,9,0.6585365853658537
41,1.0,0.35,20260811,0.3390804597701149,0.6781609195402298,0.01,0.0,9,0.7073170731707317
41,1.0,0.35,20260811,0.17424242424242425,0.6287878787878788,0.01,0.0,9,0.8048780487804879
41,1.0,0.35,20260811,0.3277511961722488,0.5,0.01,0.5,0,0.5365853658536586
41,1.0,0.35,20260811,0.36602870813397126,0.7057416267942584,0.01,0.0,9,0.5365853658536586
41,1.0,0.35,20260811,0.5024154589371981,0.6884057971014492,0.01,0.0,9,0.5609756097560976
41,1.0,0.35,20260811,0.28468899521531105,0.7224880382775121,0.01,0.0,9,0.5365853658536586
41,1.0,0.35,20260811,0.24047619047619045,0.6976190476190476,1.0,0.5,7,0.5121951219512195
41,1.0,0.35,20260811,0.4877450980392157,0.7352941176470589,1.0,1.0,5,0.5853658536585366
41,1.0,0.35,20260811,0.23589743589743592,0.5,0.01,0.5,0,0.6341463414634146
41,1.0,0.35,20260811,0.39,0.5,0.01,0.5,0,0.6097560975609756
41,1.0,0.35,20260811,0.6507177033492824,0.8062200956937798,0.1,0.0,9,0.5365853658536586
41,1.0,0.35,20260811,0.3612440191387559,0.5,0.01,0.5,0,0.5365853658536586
41,1.0,0.35,20260811,0.39682539682539686,0.6904761904761905,0.01,0.0,9,0.6585365853658537
41,1.0,0.35,20260811,0.4897435897435897,0.7230769230769232,0.01,0.0,9,0.6341463414634146
41,1.0,0.35,20260811,0.46190476190476193,0.7952380952380953,1.0,0.0,9,0.4878048780487805
41,1.0,0.35,20260811,0.25735294117647056,0.7794117647058822,1.0,0.0,9,0.5853658536585366
41,1.0,0.35,20260811,0.4487179487179488,0.641025641025641,0.01,0.0,9,0.6341463414634146
41,1.0,0.35,20260811,0.4885057471264368,0.5,0.01,0.5,0,0.7073170731707317
41,1.0,0.35,20260811,0.41005291005291,0.7566137566137566,1.0,1.0,4,0.6585365853658537
41,1.0,0.35,20260811,0.5314009661835748,0.714975845410628,0.01,0.0,9,0.5609756097560976
41,1.0,0.35,20260811,0.48677248677248675,0.7698412698412699,1.0,1.0,3,0.6585365853658537
41,1.0,0.35,20260811,0.11282051282051281,0.6333333333333333,0.01,0.0,9,0.6341463414634146
41,1.0,0.35,20260811,0.4,0.675,0.01,0.0,9,0.6097560975609756
41,1.0,0.35,20260811,0.541025641025641,0.7846153846153846,1.0,1.0,5,0.6341463414634146
41,1.0,0.35,20260811,0.6620879120879121,0.7637362637362638,0.01,0.0,9,0.6829268292682927
41,1.0,0.35,20260811,0.5789473684210527,0.7320574162679426,0.01,0.0,9,0.5365853658536586
41,1.0,0.35,20260811,0.49000000000000005,0.7825,0.1,0.0,9,0.6097560975609756
41,1.0,0.35,20260811,0.5049019607843137,0.5,0.01,0.5,0,0.5853658536585366
41,1.0,0.35,20260811,0.5423280423280423,0.8677248677248677,1.0,0.0,9,0.6585365853658537
41,1.0,0.35,20260811,0.565,0.5,0.01,0.5,0,0.6097560975609756
41,1.0,0.35,20260811,0.39523809523809517,0.730952380952381,1.0,0.0,9,0.5121951219512195
41,1.0,0.35,20260811,0.27083333333333337,0.8611111111111112,1.0,0.0,9,0.7804878048780488
41,1.0,0.35,20260811,0.44362745098039214,0.676470588235294,0.01,0.0,9,0.5853658536585366
41,1.0,0.35,20260811,0.3,0.5,0.01,0.5,0,0.6097560975609756
41,1.0,0.35,20260811,0.5862068965517242,0.7816091954022988,0.01,0.0,9,0.7073170731707317
41,1.0,0.35,20260811,0.49712643678160917,0.8103448275862069,1.0,1.0,4,0.7073170731707317
41,1.0,0.35,20260811,0.6384615384615384,0.7974358974358975,0.01,0.0,9,0.6341463414634146
41,1.0,0.35,20260811,0.5975,0.7474999999999999,0.1,0.5,1,0.6097560975609756
41,1.0,0.35,20260811,0.2892156862745098,0.5,0.01,0.5,0,0.5853658536585366
41,1.0,0.35,20260811,0.5476190476190476,0.7962962962962963,0.1,0.0,9,0.6585365853658537
41,1.0,0.35,20260811,0.44499999999999995,0.7,0.01,0.0,9,0.6097560975609756
41,1.0,0.35,20260811,0.4547619047619048,0.85,1.0,0.0,9,0.4878048780487805
41,1.0,0.35,20260811,0.562200956937799,0.8492822966507177,1.0,0.5,8,0.5365853658536586
41,1.0,0.35,20260811,0.3977272727272727,0.5,0.01,0.5,0,0.8048780487804879
41,1.0,0.35,20260811,0.6166666666666667,0.8571428571428572,1.0,1.0,4,0.4878048780487805
41,1.0,0.35,20260811,0.4340659340659341,0.7994505494505495,1.0,1.0,4,0.6829268292682927
41,1.0,0.35,20260811,0.3653846153846153,0.5,0.01,0.5,0,0.6829268292682927
41,1.0,0.35,20260811,0.5247252747252747,0.7225274725274725,0.1,0.0,9,0.6829268292682927
41,1.0,0.35,20260811,0.3131868131868132,0.7005494505494506,0.01,0.0,9,0.6829268292682927
41,1.0,0.35,20260811,0.32820512820512815,0.658974358974359,0.01,0.0,9,0.6341463414634146
41,1.0,0.35,20260811,0.6666666666666666,0.838235294117647,0.1,0.0,9,0.5853658536585366
41,1.0,0.35,20260811,0.43402777777777785,0.5763888888888888,0.01,0.0,9,0.7804878048780488
41,1.0,0.35,20260811,0.5484848484848485,0.7393939393939395,0.01,0.0,9,0.7317073170731707
41,1.0,0.35,20260811,0.3229665071770335,0.5,0.01,0.5,0,0.5365853658536586
41,1.0,0.35,20260811,0.53,0.7224999999999999,0.01,0.0,9,0.6097560975609756
41,1.0,0.35,20260811,0.3112745098039216,0.6568627450980392,0.01,0.0,9,0.5853658536585366
41,1.0,0.35,20260811,0.7007575757575758,0.9204545454545454,1.0,1.0,6,0.8048780487804879
41,1.0,0.35,20260811,0.6725000000000001,0.8425,1.0,0.5,8,0.6097560975609756
41,1.0,0.35,20260811,0.27249999999999996,0.7050000000000001,0.01,0.0,9,0.6097560975609756
41,1.0,0.35,20260811,0.4114832535885167,0.7440191387559809,0.01,0.0,9,0.4634146341463415
41,1.0,0.35,20260811,0.5303030303030303,0.6954545454545454,0.1,0.5,1,0.7317073170731707
41,1.0,0.35,20260811,0.5338164251207729,0.7258454106280193,0.1,0.5,1,0.5609756097560976
41,1.0,0.35,20260811,0.2898550724637681,0.5,0.01,0.5,0,0.5609756097560976
41,1.0,0.35,20260811,0.6878306878306879,0.8412698412698412,0.01,0.0,9,0.6585365853658537
41,1.0,0.35,20260811,0.3112745098039216,0.6887254901960784,1.0,0.5,6,0.5853658536585366
41,1.0,0.35,20260811,0.2642857142857143,0.6452380952380953,0.01,0.0,9,0.5121951219512195
41,1.0,0.35,20260811,0.2743589743589744,0.5,0.01,0.5,0,0.6341463414634146
41,1.0,0.35,20260811,0.503030303030303,0.7272727272727273,0.01,0.0,9,0.7317073170731707
41,1.0,0.35,20260811,0.32999999999999996,0.6375,0.01,0.0,9,0.6097560975609756
41,1.0,0.35,20260811,0.6497584541062802,0.8067632850241546,1.0,1.0,5,0.5609756097560976
41,1.0,0.35,20260811,0.5490196078431373,0.8137254901960784,1.0,0.5,8,0.5853658536585366
41,1.0,0.35,20260811,0.7761904761904762,0.8523809523809524,0.01,0.0,9,0.5121951219512195
41,1.0,0.35,20260811,0.4538461538461539,0.7,0.01,0.0,9,0.6341463414634146
41,1.0,0.35,20260811,0.2995169082125604,0.6932367149758454,0.01,0.0,9,0.5609756097560976
41,1.0,0.35,20260811,0.5582010582010581,0.828042328042328,1.0,0.0,9,0.6585365853658537
41,1.0,0.35,20260811,0.5343137254901961,0.7279411764705882,0.1,0.5,3,0.5853658536585366
41,1.0,0.35,20260811,0.32564102564102565,0.5,0.01,0.5,0,0.6341463414634146
41,1.0,0.35,20260811,0.6264367816091954,0.882183908045977,1.0,1.0,5,0.7073170731707317
41,1.0,0.35,20260811,0.49743589743589745,0.7230769230769231,0.01,0.0,9,0.6341463414634146
41,1.0,0.35,20260811,0.44230769230769235,0.6620879120879121,0.01,0.0,9,0.6829268292682927
41,1.0,0.35,20260811,0.6064516129032258,0.8419354838709677,1.0,1.0,5,0.7560975609756098
41,1.0,0.35,20260811,0.29000000000000004,0.63,0.01,0.0,9,0.6097560975609756
41,1.0,0.35,20260811,0.4681372549019608,0.7696078431372548,1.0,1.0,5,0.5853658536585366
41,1.0,0.35,20260811,0.32121212121212117,0.7090909090909091,0.01,0.0,9,0.7317073170731707
41,1.0,0.35,20260811,0.55,0.8425,1.0,0.0,9,0.6097560975609756
41,1.0,0.35,20260811,0.2822966507177034,0.5,0.01,0.5,0,0.5365853658536586
41,1.0,0.35,20260811,0.3647342995169082,0.5,0.01,0.5,0,0.5609756097560976
41,1.0,0.35,20260811,0.4580645161290322,0.7612903225806451,1.0,1.0,4,0.7560975609756098
41,1.0,0.35,20260811,0.6590909090909092,0.8522727272727273,1.0,1.0,4,0.8048780487804879
41,1.0,0.35,20260811,0.3598901098901099,0.5,0.01,0.5,0,0.6829268292682927
41,1.0,0.35,20260811,0.3589743589743589,0.5,0.01,0.5,0,0.6341463414634146
41,1.0,0.35,20260811,0.7193548387096773,0.7741935483870968,1.0,1.0,4,0.7560975609756098
41,1.0,0.35,20260811,0.2344497607655503,0.5,0.01,0.5,0,0.5365853658536586
41,1.0,0.35,20260811,0.5748792270531401,0.7922705314009661,1.0,1.0,4,0.5609756097560976
41,1.0,0.35,20260811,0.5948717948717949,0.8333333333333333,1.0,0.5,6,0.6341463414634146
41,1.0,0.35,20260811,0.5316091954022988,0.7586206896551725,1.0,1.0,2,0.7073170731707317
41,1.0,0.35,20260811,0.4774193548387097,0.7645161290322581,0.01,0.0,9,0.7560975609756098
41,1.0,0.35,20260811,0.3119047619047619,0.5,0.01,0.5,0,0.5121951219512195
41,1.0,0.35,20260811,0.38505747126436785,0.5,0.01,0.5,0,0.7073170731707317
41,1.0,0.35,20260811,0.41538461538461535,0.6743589743589744,0.01,0.0,9,0.6341463414634146
41,1.0,0.35,20260811,0.2857142857142857,0.6547619047619048,0.01,0.0,9,0.5121951219512195
41,1.0,0.35,20260811,0.5211640211640212,0.701058201058201,0.01,0.0,9,0.6585365853658537
41,1.0,0.35,20260811,0.5743589743589743,0.8333333333333333,1.0,1.0,5,0.6341463414634146
41,1.0,0.35,20260811,0.3626373626373626,0.5,0.01,0.5,0,0.6829268292682927
41,1.0,0.35,20260811,0.41250000000000003,0.815,1.0,0.5,7,0.6097560975609756
41,1.0,0.35,20260811,0.27450980392156865,0.5,0.01,0.5,0,0.5853658536585366
41,1.0,0.35,20260811,0.1675,0.5,0.01,0.5,0,0.6097560975609756
41,1.0,0.35,20260811,0.6190476190476191,0.8253968253968254,0.1,0.5,3,0.6585365853658537
41,1.0,0.35,20260811,0.3090909090909091,0.7333333333333334,1.0,1.0,5,0.7317073170731707
41,1.0,0.35,20260811,0.206043956043956,0.6785714285714286,0.01,0.0,9,0.6829268292682927
41,1.0,0.35,20260811,0.35750000000000004,0.5,0.01,0.5,0,0.6097560975609756
41,1.0,0.35,20260811,0.4425287356321839,0.5,0.01,0.5,0,0.7073170731707317
41,1.0,0.35,20260811,0.6230769230769231,0.8564102564102565,1.0,0.0,9,0.6341463414634146
41,1.0,0.35,20260811,0.5343915343915344,0.7566137566137566,0.01,0.0,9,0.6585365853658537
41,1.0,0.35,20260811,0.4975,0.6699999999999999,0.01,0.0,9,0.6097560975609756
41,1.0,0.35,20260811,0.24754901960784312,0.6813725490196079,0.01,0.0,9,0.5853658536585366
41,1.0,0.35,20260811,0.503030303030303,0.8333333333333334,1.0,0.5,7,0.7317073170731707
41,1.0,0.35,20260811,0.32275132275132273,0.6693121693121693,0.01,0.0,9,0.6585365853658537
41,1.0,0.35,20260811,0.215,0.5,0.01,0.5,0,0.6097560975609756
41,1.0,0.35,20260811,0.49743589743589745,0.7564102564102564,1.0,1.0,5,0.6341463414634146
41,1.0,0.35,20260811,0.37750000000000006,0.815,1.0,0.5,8,0.6097560975609756
41,1.0,0.35,20260811,0.42156862745098045,0.6838235294117647,0.01,0.0,9,0.5853658536585366
41,1.0,0.35,20260811,0.3021978021978021,0.6758241758241759,0.01,0.0,9,0.6829268292682927
41,1.0,0.35,20260811,0.6746031746031745,0.8968253968253969,1.0,0.0,9,0.6585365853658537
41,1.0,0.35,20260811,0.4828431372549019,0.7156862745098038,0.01,0.0,9,0.5853658536585366
41,1.0,0.35,20260811,0.2462121212121212,0.6553030303030303,0.01,0.0,9,0.8048780487804879
41,1.0,0.35,20260811,0.35439560439560436,0.6840659340659341,0.01,0.0,9,0.6829268292682927
41,1.0,0.35,20260811,0.30952380952380953,0.5,0.01,0.5,0,0.5121951219512195
41,1.0,0.35,20260811,0.6818181818181819,0.5,0.01,0.5,0,0.7317073170731707
41,1.0,0.35,20260811,0.25120772946859904,0.6400966183574879,0.01,0.0,9,0.5609756097560976
41,1.0,0.35,20260811,0.6871794871794872,0.8128205128205128,0.1,0.5,2,0.6341463414634146
41,1.0,0.35,20260811,0.49725274725274726,0.7197802197802199,0.01,0.0,9,0.6829268292682927
41,1.0,0.35,20260811,0.5808823529411764,0.7610294117647058,0.1,0.5,1,0.5853658536585366
41,1.0,0.35,20260811,0.617948717948718,0.8743589743589744,1.0,0.0,9,0.6341463414634146
41,1.0,0.35,20260811,0.5303030303030303,0.7454545454545454,0.01,0.0,9,0.7317073170731707
41,1.0,0.35,20260811,0.4841269841269841,0.8015873015873016,1.0,1.0,6,0.6585365853658537
41,1.0,0.35,20260811,0.5851648351648352,0.782967032967033,0.1,0.0,9,0.6829268292682927
41,1.0,0.35,20260811,0.5026455026455027,0.5,0.01,0.5,0,0.6585365853658537
41,1.0,0.35,20260811,0.4951690821256039,0.7850241545893719,0.1,0.0,9,0.43902439024390244
41,1.0,0.35,20260811,0.5,0.7362637362637363,0.01,0.0,9,0.6829268292682927
41,1.0,0.35,20260811,0.367816091954023,0.5,0.01,0.5,0,0.7073170731707317
41,1.0,0.35,20260811,0.6235632183908046,0.8333333333333333,1.0,0.0,9,0.7073170731707317
41,1.0,0.35,20260811,0.21978021978021978,0.5,0.01,0.5,0,0.6829268292682927
41,1.0,0.35,20260811,0.3076923076923077,0.7252747252747253,0.01,0.0,9,0.6829268292682927
41,1.0,0.35,20260811,0.31428571428571433,0.5,0.01,0.5,0,0.5121951219512195
41,1.0,0.35,20260811,0.4357142857142857,0.6880952380952381,0.01,0.0,9,0.5121951219512195
41,1.0,0.35,20260811,0.385,0.675,0.01,0.0,9,0.6097560975609756
41,1.0,0.35,20260811,0.3941798941798942,0.5,0.01,0.5,0,0.6585365853658537
41,1.0,0.35,20260811,0.593939393939394,0.8515151515151516,1.0,0.0,9,0.7317073170731707
41,1.0,0.35,20260811,0.2275132275132275,0.5,0.01,0.5,0,0.6585365853658537
41,1.0,0.35,20260811,0.48309178743961356,0.6956521739130435,0.1,0.5,1,0.5609756097560976
41,1.0,0.35,20260811,0.5767195767195766,0.8253968253968254,1.0,1.0,6,0.6585365853658537
41,1.0,0.35,20260811,0.3324175824175824,0.5,0.01,0.5,0,0.6829268292682927
41,1.0,0.35,20260811,0.6698564593301436,0.8325358851674641,0.01,0.0,9,0.5365853658536586
41,1.0,0.35,20260811,0.34102564102564104,0.676923076923077,0.01,0.0,9,0.6341463414634146
41,1.0,0.35,20260811,0.4275,0.5,0.01,0.5,0,0.6097560975609756
41,1.0,0.35,20260811,0.20048309178743962,0.7608695652173912,1.0,0.0,9,0.5609756097560976
41,1.0,0.35,20260811,0.27751196172248804,0.5,0.01,0.5,0,0.5365853658536586
41,1.0,0.35,20260811,0.5660919540229885,0.8132183908045978,1.0,0.0,9,0.7073170731707317
41,1.0,0.35,20260811,0.2475,0.5,0.01,0.5,0,0.6097560975609756
41,1.0,0.5,20260811,0.38505747126436785,0.6810344827586207,0.01,0.0,9,0.7073170731707317
41,1.0,0.5,20260811,0.47527472527472525,0.5,0.01,0.5,0,0.6829268292682927
41,1.0,0.5,20260811,0.6376811594202898,0.8043478260869564,0.1,0.0,9,0.5609756097560976
41,1.0,0.5,20260811,0.6274509803921569,0.7426470588235294,0.01,0.0,9,0.5853658536585366
41,1.0,0.5,20260811,0.4613526570048309,0.7342995169082125,0.01,0.0,9,0.5609756097560976
41,1.0,0.5,20260811,0.2966507177033493,0.5,0.01,0.5,0,0.5365853658536586
41,1.0,0.5,20260811,0.52,0.69,0.01,0.0,9,0.6097560975609756
41,1.0,0.5,20260811,0.3725,0.7,0.01,0.0,9,0.6097560975609756
41,1.0,0.5,20260811,0.3792270531400966,0.6400966183574879,0.01,0.0,9,0.5609756097560976
41,1.0,0.5,20260811,0.49230769230769234,0.6820512820512821,0.01,0.0,9,0.6341463414634146
41,1.0,0.5,20260811,0.7118055555555557,0.8715277777777778,0.1,0.0,9,0.7804878048780488
41,1.0,0.5,20260811,0.6739130434782609,0.8333333333333334,1.0,0.5,6,0.5609756097560976
41,1.0,0.5,20260811,0.5114942528735632,0.7528735632183907,0.01,0.0,9,0.7073170731707317
41,1.0,0.5,20260811,0.6948717948717948,0.8615384615384616,0.1,0.5,3,0.6341463414634146
41,1.0,0.5,20260811,0.6128205128205128,0.5,0.01,0.5,0,0.6341463414634146
41,1.0,0.5,20260811,0.40750000000000003,0.5,0.01,0.5,0,0.6097560975609756
41,1.0,0.5,20260811,0.25,0.5,0.01,0.5,0,0.5853658536585366
41,1.0,0.5,20260811,0.3137254901960784,0.6176470588235294,0.01,0.0,9,0.5853658536585366
41,1.0,0.5,20260811,0.6025,0.785,0.1,0.0,9,0.6097560975609756
41,1.0,0.5,20260811,0.755,0.8224999999999999,0.1,0.5,1,0.6097560975609756
41,1.0,0.5,20260811,0.1842105263157895,0.6124401913875598,0.01,0.0,9,0.5365853658536586
41,1.0,0.5,20260811,0.7384615384615385,0.9128205128205128,1.0,1.0,6,0.6341463414634146
41,1.0,0.5,20260811,0.39249999999999996,0.5,0.01,0.5,0,0.6097560975609756
41,1.0,0.5,20260811,0.5604395604395604,0.846153846153846,0.1,0.5,2,0.6829268292682927
41,1.0,0.5,20260811,0.7197802197802198,0.8228021978021978,0.1,0.5,1,0.6829268292682927
41,1.0,0.5,20260811,0.4976190476190476,0.7642857142857142,0.1,0.0,9,0.4878048780487805
41,1.0,0.5,20260811,0.606060606060606,0.7606060606060605,0.01,0.0,9,0.7317073170731707
41,1.0,0.5,20260811,0.5759803921568628,0.7352941176470589,0.01,0.0,9,0.5853658536585366
41,1.0,0.5,20260811,0.651098901098901,0.8626373626373627,0.1,0.0,9,0.6829268292682927
41,1.0,0.5,20260811,0.5637254901960784,0.7916666666666665,1.0,0.0,9,0.5853658536585366
41,1.0,0.5,20260811,0.2777777777777778,0.5,0.01,0.5,0,0.5609756097560976
41,1.0,0.5,20260811,0.5,0.7407407407407407,0.01,0.0,9,0.6585365853658537
41,1.0,0.5,20260811,0.42619047619047623,0.7285714285714286,0.1,0.5,2,0.4878048780487805
41,1.0,0.5,20260811,0.3131868131868132,0.5,0.01,0.5,0,0.6829268292682927
41,1.0,0.5,20260811,0.5367647058823529,0.7193627450980391,0.1,0.5,2,0.5853658536585366
41,1.0,0.5,20260811,0.4782608695652174,0.8526570048309179,1.0,1.0,4,0.5609756097560976
41,1.0,0.5,20260811,0.6794258373205743,0.8349282296650717,1.0,0.5,6,0.5365853658536586
41,1.0,0.5,20260811,0.5333333333333333,0.7564102564102564,0.1,0.5,2,0.6341463414634146
41,1.0,0.5,20260811,0.3952380952380952,0.657142857142857,0.01,0.0,9,0.5121951219512195
41,1.0,0.5,20260811,0.5423280423280423,0.8068783068783069,0.01,0.0,9,0.6585365853658537
41,1.0,0.5,20260811,0.46078431372549017,0.786764705882353,1.0,0.0,9,0.5853658536585366
41,1.0,0.5,20260811,0.4810606060606061,0.8636363636363636,1.0,0.0,9,0.8048780487804879
41,1.0,0.5,20260811,0.3230769230769231,0.7794871794871795,1.0,1.0,5,0.6341463414634146
41,1.0,0.5,20260811,0.3915343915343915,0.7354497354497355,0.1,0.0,9,0.6585365853658537
41,1.0,0.5,20260811,0.6025,0.7650000000000001,0.1,0.5,1,0.6097560975609756
41,1.0,0.5,20260811,0.4641025641025641,0.7743589743589744,1.0,1.0,5,0.6341463414634146
41,1.0,0.5,20260811,0.36111111111111116,0.7638888888888888,0.1,0.0,9,0.7804878048780488
41,1.0,0.5,20260811,0.8064516129032258,0.8999999999999999,0.1,0.5,2,0.7560975609756098
41,1.0,0.5,20260811,0.4365079365079365,0.8121693121693122,1.0,0.5,7,0.6585365853658537
41,1.0,0.5,20260811,0.395,0.7775,1.0,0.0,9,0.6097560975609756
41,1.0,0.5,20260811,0.2724867724867725,0.5,0.01,0.5,0,0.6585365853658537
41,1.0,0.5,20260811,0.5290322580645161,0.7612903225806451,0.1,0.0,9,0.7560975609756098
41,1.0,0.5,20260811,0.3439153439153439,0.8068783068783069,1.0,0.5,8,0.6585365853658537
41,1.0,0.5,20260811,0.5952380952380952,0.7645502645502645,0.01,0.0,9,0.6585365853658537
41,1.0,0.5,20260811,0.5225806451612903,0.6419354838709678,0.01,0.0,9,0.7560975609756098
41,1.0,0.5,20260811,0.39950980392156865,0.7745098039215687,1.0,1.0,6,0.5853658536585366
41,1.0,0.5,20260811,0.6137566137566137,0.873015873015873,1.0,0.0,9,0.6585365853658537
41,1.0,0.5,20260811,0.26,0.5,0.01,0.5,0,0.6097560975609756
41,1.0,0.5,20260811,0.6551724137931033,0.7586206896551724,0.01,0.0,9,0.7073170731707317
41,1.0,0.5,20260811,0.3544973544973545,0.5,0.01,0.5,0,0.6585365853658537
41,1.0,0.5,20260811,0.13235294117647062,0.6666666666666667,0.01,0.0,9,0.5853658536585366
41,1.0,0.5,20260811,0.6880952380952381,0.7714285714285714,0.01,0.0,9,0.5121951219512195
41,1.0,0.5,20260811,0.3983516483516483,0.6978021978021979,0.01,0.0,9,0.6829268292682927
41,1.0,0.5,20260811,0.18461538461538463,0.5,0.01,0.5,0,0.6341463414634146
41,1.0,0.5,20260811,0.6005291005291005,0.7619047619047619,0.01,0.0,9,0.6585365853658537
41,1.0,0.5,20260811,0.42857142857142855,0.7005494505494505,0.01,0.0,9,0.6829268292682927
41,1.0,0.5,20260811,0.5102564102564102,0.7307692307692308,0.01,0.0,9,0.6341463414634146
41,1.0,0.5,20260811,0.4251207729468599,0.6739130434782608,0.01,0.0,9,0.5609756097560976
41,1.0,0.5,20260811,0.4425287356321839,0.5,0.01,0.5,0,0.7073170731707317
41,1.0,0.5,20260811,0.4564102564102564,0.7384615384615385,0.1,0.0,9,0.6341463414634146
41,1.0,0.5,20260811,0.6825000000000001,0.7875,0.1,0.0,9,0.6097560975609756
41,1.0,0.5,20260811,0.3492063492063492,0.8095238095238095,1.0,0.0,9,0.6585365853658537
41,1.0,0.5,20260811,0.2965686274509804,0.7377450980392157,1.0,0.0,9,0.5853658536585366
41,1.0,0.5,20260811,0.7230392156862744,0.8848039215686274,0.1,0.0,9,0.5853658536585366
41,1.0,0.5,20260811,0.46249999999999997,0.76375,0.1,0.5,2,0.6097560975609756
41,1.0,0.5,20260811,0.47126436781609193,0.6695402298850575,0.01,0.0,9,0.7073170731707317
41,1.0,0.5,20260811,0.44249999999999995,0.67,0.01,0.0,9,0.6097560975609756
41,1.0,0.5,20260811,0.21739130434782608,0.7294685990338164,0.1,0.5,2,0.5609756097560976
41,1.0,0.5,20260811,0.532967032967033,0.7664835164835164,1.0,1.0,5,0.6829268292682927
41,1.0,0.5,20260811,0.27249999999999996,0.5,0.01,0.5,0,0.6097560975609756
41,1.0,0.5,20260811,0.32051282051282054,0.6692307692307692,0.01,0.0,9,0.6341463414634146
41,1.0,0.5,20260811,0.26999999999999996,0.7575000000000001,0.1,0.0,9,0.6097560975609756
41,1.0,0.5,20260811,0.46825396825396826,0.7394179894179894,0.1,0.5,1,0.6585365853658537
41,1.0,0.5,20260811,0.6507936507936508,0.8227513227513228,1.0,0.5,6,0.6585365853658537
41,1.0,0.5,20260811,0.3275,0.7675000000000001,1.0,0.0,9,0.6097560975609756
41,1.0,0.5,20260811,0.48564593301435405,0.7559808612440191,0.01,0.0,9,0.5365853658536586
41,1.0,0.5,20260811,0.5047619047619047,0.6952380952380952,0.01,0.0,9,0.5121951219512195
41,1.0,0.5,20260811,0.4261904761904761,0.7369047619047618,0.1,0.5,2,0.5121951219512195
41,1.0,0.5,20260811,0.5026455026455027,0.7698412698412699,1.0,0.5,7,0.6585365853658537
41,1.0,0.5,20260811,0.37419354838709673,0.7064516129032258,0.01,0.0,9,0.7560975609756098
41,1.0,0.5,20260811,0.3543956043956044,0.728021978021978,1.0,1.0,4,0.6829268292682927
41,1.0,0.5,20260811,0.4363636363636364,0.7606060606060606,0.01,0.0,9,0.7317073170731707
41,1.0,0.5,20260811,0.5461538461538462,0.7871794871794872,0.1,0.0,9,0.6341463414634146
41,1.0,0.5,20260811,0.40109890109890106,0.7417582417582418,0.1,0.5,2,0.6829268292682927
41,1.0,0.5,20260811,0.47883597883597884,0.7883597883597884,1.0,0.5,6,0.6585365853658537
41,1.0,0.5,20260811,0.5740740740740741,0.8465608465608465,1.0,0.0,9,0.6585365853658537
41,1.0,0.5,20260811,0.6062801932367149,0.8236714975845411,1.0,0.5,6,0.5609756097560976
41,1.0,0.5,20260811,0.5274725274725274,0.7403846153846154,0.1,0.5,1,0.6829268292682927
41,1.0,0.5,20260811,0.4272727272727273,0.7090909090909091,0.01,0.0,9,0.7317073170731707
41,1.0,0.5,20260811,0.5261904761904762,0.7571428571428571,0.01,0.0,9,0.5121951219512195
41,1.0,0.5,20260811,0.5073529411764706,0.7512254901960784,0.1,0.5,1,0.5853658536585366
41,1.0,0.5,20260811,0.5545977011494253,0.5,0.01,0.5,0,0.7073170731707317
41,1.0,0.5,20260811,0.5925925925925926,0.7724867724867724,0.01,0.0,9,0.6585365853658537
41,1.0,0.5,20260811,0.5191387559808612,0.7894736842105263,0.01,0.0,9,0.5365853658536586
41,1.0,0.5,20260811,0.39473684210526316,0.6722488038277512,0.01,0.0,9,0.5365853658536586
41,1.0,0.5,20260811,0.478021978021978,0.6923076923076923,0.01,0.0,9,0.6829268292682927
41,1.0,0.5,20260811,0.36206896551724144,0.632183908045977,0.01,0.0,9,0.7073170731707317
41,1.0,0.5,20260811,0.5425,0.835,1.0,1.0,5,0.6097560975609756
41,1.0,0.5,20260811,0.32775119617224874,0.5,0.01,0.5,0,0.4634146341463415
41,1.0,0.5,20260811,0.2096774193548387,0.5,0.01,0.5,0,0.7560975609756098
41,1.0,0.5,20260811,0.3651960784313725,0.6446078431372549,0.01,0.0,9,0.5853658536585366
41,1.0,0.5,20260811,0.20813397129186606,0.5,0.01,0.5,0,0.5365853658536586
41,1.0,0.5,20260811,0.34750000000000003,0.7275,0.1,0.0,9,0.6097560975609756
41,1.0,0.5,20260811,0.4338235294117647,0.7205882352941176,0.01,0.0,9,0.5853658536585366
41,1.0,0.5,20260811,0.4444444444444444,0.7142857142857143,0.01,0.0,9,0.6585365853658537
41,1.0,0.5,20260811,0.2870967741935484,0.5,0.01,0.5,0,0.7560975609756098
41,1.0,0.5,20260811,0.6544117647058824,0.8529411764705883,1.0,0.0,9,0.5853658536585366
41,1.0,0.5,20260811,0.49743589743589745,0.5,0.01,0.5,0,0.6341463414634146
41,1.0,0.5,20260811,0.46499999999999997,0.5,0.01,0.5,0,0.6097560975609756
41,1.0,0.5,20260811,0.3862433862433862,0.5,0.01,0.5,0,0.6585365853658537
41,1.0,0.5,20260811,0.6363636363636364,0.7393939393939394,0.01,0.0,9,0.7317073170731707
41,1.0,0.5,20260811,0.6120689655172413,0.8160919540229885,0.1,0.0,9,0.7073170731707317
41,1.0,0.5,20260811,0.30512820512820504,0.5,0.01,0.5,0,0.6341463414634146
41,1.0,0.5,20260811,0.19999999999999998,0.5,0.01,0.5,0,0.7560975609756098
41,1.0,0.5,20260811,0.5789473684210527,0.8014354066985647,0.1,0.5,5,0.5365853658536586
41,1.0,0.5,20260811,0.30917874396135264,0.5,0.01,0.5,0,0.5609756097560976
41,1.0,0.5,20260811,0.3096774193548387,0.6612903225806451,0.01,0.0,9,0.7560975609756098
41,1.0,0.5,20260811,0.3525,0.71,0.01,0.0,9,0.6097560975609756
41,1.0,0.5,20260811,0.2451612903225806,0.6064516129032258,0.01,0.0,9,0.7560975609756098
41,1.0,0.5,20260811,0.29750000000000004,0.6525,0.01,0.0,9,0.6097560975609756
41,1.0,0.5,20260811,0.5787878787878789,0.793939393939394,0.01,0.0,9,0.7317073170731707
41,1.0,0.5,20260811,0.38974358974358975,0.6897435897435897,0.01,0.0,9,0.6341463414634146
41,1.0,0.5,20260811,0.3879310344827586,0.6781609195402298,0.01,0.0,9,0.7073170731707317
41,1.0,0.5,20260811,0.5641025641025641,0.8128205128205128,0.1,0.0,9,0.6341463414634146
41,1.0,0.5,20260811,0.42582417582417587,0.7500000000000001,1.0,1.0,5,0.6829268292682927
41,1.0,0.5,20260811,0.5748792270531401,0.7608695652173914,0.1,0.5,4,0.5609756097560976
41,1.0,0.5,20260811,0.4641025641025641,0.735897435897436,0.01,0.0,9,0.6341463414634146
41,1.0,0.5,20260811,0.6225806451612903,0.8709677419354838,1.0,1.0,5,0.7560975609756098
41,1.0,0.5,20260811,0.7212121212121212,0.8515151515151516,1.0,0.5,8,0.7317073170731707
41,1.0,0.5,20260811,0.5666666666666667,0.7410256410256411,0.01,0.0,9,0.6341463414634146
41,1.0,0.5,20260811,0.48499999999999993,0.7525,1.0,1.0,5,0.6097560975609756
41,1.0,0.5,20260811,0.6545454545454545,0.9,1.0,1.0,7,0.7317073170731707
41,1.0,0.5,20260811,0.5878787878787879,0.8272727272727273,1.0,1.0,4,0.7317073170731707
41,1.0,0.5,20260811,0.45238095238095233,0.7407407407407407,1.0,1.0,5,0.6585365853658537
41,1.0,0.5,20260811,0.7549019607843137,0.9117647058823529,1.0,1.0,6,0.5853658536585366
41,1.0,0.5,20260811,0.5604395604395604,0.7802197802197802,0.1,0.0,9,0.6829268292682927
41,1.0,0.5,20260811,0.528735632183908,0.7528735632183908,0.01,0.0,9,0.7073170731707317
41,1.0,0.5,20260811,0.4512820512820513,0.7025641025641025,0.1,0.0,9,0.6341463414634146
41,1.0,0.5,20260811,0.5563725490196079,0.7107843137254902,0.01,0.0,9,0.5853658536585366
41,1.0,0.5,20260811,0.5794871794871795,0.8128205128205128,1.0,1.0,5,0.6341463414634146
41,1.0,0.5,20260811,0.7727272727272727,0.8446969696969697,0.01,0.0,9,0.8048780487804879
41,1.0,0.5,20260811,0.6545454545454545,0.8106060606060607,0.1,0.5,3,0.7317073170731707
41,1.0,0.5,20260811,0.3284313725490196,0.5,0.01,0.5,0,0.5853658536585366
41,1.0,0.5,20260811,0.5461538461538462,0.8153846153846154,1.0,1.0,6,0.6341463414634146
41,1.0,0.5,20260811,0.6243386243386244,0.8015873015873015,0.01,0.0,9,0.6585365853658537
41,1.0,0.5,20260811,0.6522988505747126,0.8045977011494253,0.01,0.0,9,0.7073170731707317
41,1.0,0.5,20260811,0.543956043956044,0.782967032967033,0.01,0.0,9,0.6829268292682927
41,1.0,0.5,20260811,0.632183908045977,0.8936781609195401,1.0,0.0,9,0.7073170731707317
41,1.0,0.5,20260811,0.5631868131868132,0.8337912087912088,0.1,0.5,2,0.6829268292682927
41,1.0,0.5,20260811,0.6497584541062802,0.8067632850241546,0.1,0.0,9,0.5609756097560976
41,1.0,0.5,20260811,0.6851851851851851,0.8253968253968254,0.01,0.0,9,0.6585365853658537
41,1.0,0.5,20260811,0.39285714285714285,0.717032967032967,1.0,0.0,9,0.6829268292682927
41,1.0,0.5,20260811,0.41666666666666663,0.6740196078431373,0.01,0.0,9,0.5853658536585366
41,1.0,0.5,20260811,0.43062200956937796,0.5,0.01,0.5,0,0.4634146341463415
41,1.0,0.5,20260811,0.5287356321839081,0.8390804597701149,1.0,0.0,9,0.7073170731707317
41,1.0,0.5,20260811,0.3925,0.7075,0.01,0.0,9,0.6097560975609756
41,1.0,0.5,20260811,0.6323529411764706,0.7843137254901961,0.1,0.5,3,0.5853658536585366
41,1.0,0.5,20260811,0.3897435897435898,0.6564102564102564,0.01,0.0,9,0.6341463414634146
41,1.0,0.5,20260811,0.6401098901098901,0.8351648351648351,0.1,0.0,9,0.6829268292682927
41,1.0,0.5,20260811,0.5659340659340659,0.8076923076923077,1.0,1.0,4,0.6829268292682927
41,1.0,0.5,20260811,0.45588235294117646,0.6740196078431373,0.01,0.0,9,0.5853658536585366
41,1.0,0.5,20260811,0.507177033492823,0.5,0.01,0.5,0,0.4634146341463415
41,1.0,0.5,20260811,0.3619047619047619,0.5,0.01,0.5,0,0.5121951219512195
41,1.0,0.5,20260811,0.3970588235294118,0.6715686274509804,0.01,0.0,9,0.5853658536585366
41,1.0,0.5,20260811,0.6058201058201058,0.7857142857142857,0.1,0.0,9,0.6585365853658537
41,1.0,0.5,20260811,0.6208791208791209,0.8901098901098901,1.0,0.0,9,0.6829268292682927
41,1.0,0.5,20260811,0.3793103448275862,0.7471264367816093,0.01,0.0,9,0.7073170731707317
41,1.0,0.5,20260811,0.6333333333333333,0.8179487179487179,1.0,1.0,6,0.6341463414634146
41,1.0,0.5,20260811,0.39743589743589747,0.7717948717948718,0.1,0.5,2,0.6341463414634146
41,1.0,0.5,20260811,0.5637254901960784,0.7720588235294118,0.1,0.0,9,0.5853658536585366
41,1.0,0.5,20260811,0.5435897435897437,0.7282051282051283,0.01,0.0,9,0.6341463414634146
41,1.0,0.5,20260811,0.67,0.8600000000000001,0.1,0.5,3,0.6097560975609756
41,1.0,0.5,20260811,0.5999999999999999,0.7641025641025642,0.01,0.0,9,0.6341463414634146
41,1.0,0.5,20260811,0.4203296703296703,0.6840659340659341,0.01,0.0,9,0.6829268292682927
41,1.0,0.5,20260811,0.6051282051282052,0.8666666666666667,1.0,0.5,9,0.6341463414634146
41,1.0,0.5,20260811,0.5,0.7430555555555556,0.01,0.0,9,0.7804878048780488
41,1.0,0.5,20260811,0.6975,0.8325,0.1,0.5,4,0.6097560975609756
41,1.0,0.5,20260811,0.5449999999999999,0.7424999999999999,0.01,0.0,9,0.6097560975609756
41,1.0,0.5,20260811,0.4487179487179488,0.6897435897435897,0.01,0.0,9,0.6341463414634146
41,1.0,0.5,20260811,0.6299019607843137,0.7867647058823529,0.1,0.0,9,0.5853658536585366
41,1.0,0.5,20260811,0.14772727272727273,0.8787878787878788,1.0,0.0,9,0.8048780487804879
41,1.0,0.5,20260811,0.6555023923444977,0.7751196172248804,0.01,0.0,9,0.5365853658536586
41,1.0,0.5,20260811,0.5628019323671497,0.7463768115942029,0.1,0.0,9,0.5609756097560976
41,1.0,0.5,20260811,0.37847222222222227,0.670138888888889,0.01,0.0,9,0.7804878048780488
41,1.0,0.5,20260811,0.4444444444444445,0.8784722222222222,1.0,0.0,9,0.7804878048780488
41,1.0,0.5,20260811,0.48901098901098905,0.782967032967033,1.0,0.0,9,0.6829268292682927
41,1.0,0.5,20260811,0.6325000000000001,0.8825,1.0,1.0,6,0.6097560975609756
41,1.0,0.5,20260811,0.5024509803921569,0.7990196078431373,0.1,0.0,9,0.5853658536585366
41,1.0,0.5,20260811,0.29545454545454547,0.5,0.01,0.5,0,0.8048780487804879
41,1.0,0.5,20260811,0.51,0.6875,0.01,0.0,9,0.6097560975609756
41,1.0,0.5,20260811,0.4401913875598086,0.645933014354067,0.01,0.0,9,0.5365853658536586
41,1.0,0.5,20260811,0.6400000000000001,0.7975,0.01,0.0,9,0.6097560975609756
41,1.0,0.5,20260811,0.44285714285714284,0.6880952380952381,0.01,0.0,9,0.4878048780487805
41,1.0,0.5,20260811,0.4600000000000001,0.75,1.0,1.0,5,0.6097560975609756
41,1.0,0.5,20260811,0.6495098039215687,0.8480392156862745,1.0,0.0,9,0.5853658536585366
41,1.0,0.5,20260811,0.2959770114942528,0.735632183908046,0.01,0.0,9,0.7073170731707317
41,1.0,0.5,20260811,0.4019607843137255,0.6813725490196079,0.01,0.0,9,0.5853658536585366
41,1.0,0.5,20260811,0.5072463768115942,0.7681159420289854,0.1,0.5,2,0.5609756097560976
41,1.0,0.5,20260811,0.5564102564102564,0.7923076923076924,0.1,0.0,9,0.6341463414634146
41,1.0,0.5,20260811,0.3,0.6214285714285713,0.01,0.0,9,0.5121951219512195
41,1.0,0.5,20260811,0.3489010989010988,0.6813186813186813,0.01,0.0,9,0.6829268292682927
41,1.0,0.5,20260811,0.4878787878787879,0.7212121212121212,0.01,0.0,9,0.7317073170731707
41,1.0,0.5,20260811,0.5794871794871794,0.7948717948717949,0.1,0.0,9,0.6341463414634146
41,1.0,0.5,20260811,0.5588235294117647,0.7009803921568627,0.01,0.0,9,0.5853658536585366
41,1.0,0.5,20260811,0.7931034482758621,0.9454022988505747,1.0,0.0,9,0.7073170731707317
41,1.0,0.5,20260811,0.441025641025641,0.8128205128205128,1.0,0.0,9,0.6341463414634146
41,1.0,0.5,20260811,0.8384615384615385,0.9384615384615386,1.0,1.0,5,0.6341463414634146
41,1.0,0.5,20260811,0.5086206896551724,0.735632183908046,0.01,0.0,9,0.7073170731707317
41,1.0,0.5,20260811,0.2342995169082126,0.7584541062801933,1.0,1.0,5,0.5609756097560976
41,1.0,0.5,20260811,0.6161290322580645,0.8225806451612903,0.1,0.0,9,0.7560975609756098
41,1.0,0.5,20260811,0.42580645161290326,0.7225806451612904,0.01,0.0,9,0.7560975609756098
41,1.0,0.5,20260811,0.6551724137931035,0.8002873563218391,0.1,0.5,2,0.7073170731707317
41,1.0,0.5,20260811,0.15952380952380954,0.6738095238095239,0.01,0.0,9,0.4878048780487805
41,1.0,0.5,20260811,0.5193548387096775,0.7225806451612904,0.01,0.0,9,0.7560975609756098
41,1.0,0.5,20260811,0.18809523809523812,0.5,0.01,0.5,0,0.4878048780487805
41,1.0,0.5,20260811,0.521978021978022,0.7857142857142857,0.01,0.0,9,0.6829268292682927
41,1.0,0.5,20260811,0.40645161290322573,0.7225806451612904,0.01,0.0,9,0.7560975609756098
41,1.0,0.5,20260811,0.3548387096774193,0.6935483870967741,0.01,0.0,9,0.7560975609756098
41,1.0,0.5,20260811,0.615,0.8474999999999999,1.0,0.0,9,0.6097560975609756
41,1.0,0.5,20260811,0.47619047619047616,0.8023809523809523,0.1,0.0,9,0.5121951219512195
41,1.0,0.5,20260811,0.3032258064516129,0.7161290322580645,0.01,0.0,9,0.7560975609756098
41,1.0,0.5,20260811,0.5548387096774194,0.7483870967741935,1.0,1.0,5,0.7560975609756098
41,1.0,0.5,20260811,0.5476190476190476,0.8439153439153438,0.1,0.0,9,0.6585365853658537
41,1.0,0.5,20260811,0.2275132275132275,0.6904761904761905,0.01,0.0,9,0.6585365853658537
41,1.0,0.5,20260811,0.3941798941798942,0.7380952380952381,0.1,0.0,9,0.6585365853658537
41,1.0,0.5,20260811,0.5291005291005291,0.7195767195767196,0.01,0.0,9,0.6585365853658537
41,1.0,0.5,20260811,0.5696969696969697,0.8060606060606061,0.01,0.0,9,0.7317073170731707
41,1.0,0.5,20260811,0.4875,0.795,1.0,0.5,7,0.6097560975609756
41,1.0,0.5,20260811,0.3174603174603175,0.634920634920635,0.01,0.0,9,0.6585365853658537
41,1.0,0.5,20260811,0.8261904761904763,0.8726190476190476,0.1,0.5,2,0.4878048780487805
41,1.0,0.5,20260811,0.3925,0.5,0.01,0.5,0,0.6097560975609756
41,1.0,0.5,20260811,0.4,0.7,0.01,0.0,9,0.6341463414634146
41,1.0,0.5,20260811,0.5158730158730159,0.7037037037037037,0.01,0.0,9,0.6585365853658537
41,1.0,0.5,20260811,0.5604395604395604,0.5,0.01,0.5,0,0.6829268292682927
41,1.0,0.5,20260811,0.6023809523809525,0.7857142857142857,0.1,0.5,3,0.5121951219512195
41,1.0,0.5,20260811,0.6296296296296297,0.5,0.01,0.5,0,0.6585365853658537
41,1.0,0.5,20260811,0.5358974358974359,0.7487179487179487,0.01,0.0,9,0.6341463414634146
41,1.0,0.5,20260811,0.5900000000000001,0.7775,0.1,0.5,2,0.6097560975609756
41,1.0,0.5,20260811,0.44179894179894175,0.7248677248677249,0.1,0.0,9,0.6585365853658537
41,1.0,0.5,20260811,0.34068627450980393,0.7965686274509804,1.0,0.5,7,0.5853658536585366
41,1.0,0.5,20260811,0.43301435406698563,0.6770334928229665,0.01,0.0,9,0.5365853658536586
41,1.0,0.5,20260811,0.22999999999999998,0.5,0.01,0.5,0,0.6097560975609756
41,1.0,0.5,20260811,0.5580645161290323,0.7580645161290323,0.01,0.0,9,0.7560975609756098
41,1.0,0.5,20260811,0.6666666666666667,0.8368055555555556,0.01,0.0,9,0.7804878048780488
41,1.0,0.5,20260811,0.65,0.7925000000000001,0.1,0.5,1,0.6097560975609756
41,1.0,0.5,20260811,0.4685990338164251,0.6884057971014493,0.01,0.0,9,0.5609756097560976
41,1.0,0.5,20260811,0.4423076923076923,0.5,0.01,0.5,0,0.6829268292682927
41,1.0,0.5,20260811,0.2912087912087912,0.5,0.01,0.5,0,0.6829268292682927
41,1.0,0.5,20260811,0.3357843137254902,0.6715686274509804,0.01,0.0,9,0.5853658536585366
41,1.0,0.5,20260811,0.3619047619047619,0.7095238095238094,1.0,1.0,3,0.4878048780487805
41,1.0,0.5,20260811,0.43779904306220097,0.7392344497607656,0.1,0.0,9,0.5365853658536586
41,1.0,0.5,20260811,0.8,0.9205128205128206,1.0,0.0,9,0.6341463414634146
41,1.0,0.5,20260811,0.48284313725490197,0.8480392156862745,1.0,0.5,8,0.5853658536585366
41,1.0,0.5,20260811,0.7009803921568627,0.9485294117647058,1.0,0.0,9,0.5853658536585366
41,1.0,0.5,20260811,0.38505747126436785,0.735632183908046,0.1,0.0,9,0.7073170731707317
41,1.0,0.5,20260811,0.4950980392156863,0.7696078431372549,1.0,1.0,6,0.5853658536585366
41,1.0,0.5,20260811,0.3091787439613527,0.6787439613526569,0.01,0.0,9,0.5609756097560976
41,1.0,0.5,20260811,0.5158730158730158,0.6984126984126984,0.01,0.0,9,0.6585365853658537
41,1.0,0.5,20260811,0.5603864734299517,0.8140096618357489,1.0,0.0,9,0.5609756097560976
41,1.0,0.5,20260811,0.7248677248677249,0.83994708994709,0.1,0.5,2,0.6585365853658537
41,1.0,0.5,20260811,0.7435897435897436,0.8615384615384616,0.01,0.0,9,0.6341463414634146
41,1.0,0.5,20260811,0.14832535885167467,0.5,0.01,0.5,0,0.5365853658536586
41,1.0,0.5,20260811,0.41269841269841273,0.7724867724867724,0.1,0.5,1,0.6585365853658537
41,1.0,0.5,20260811,0.478021978021978,0.8214285714285714,1.0,0.5,7,0.6829268292682927
41,1.0,0.5,20260811,0.3214285714285714,0.7032967032967032,0.01,0.0,9,0.6829268292682927
41,1.0,0.5,20260811,0.2523809523809524,0.6571428571428571,0.01,0.0,9,0.4878048780487805
41,1.0,0.5,20260811,0.36274509803921573,0.7156862745098039,0.01,0.0,9,0.5853658536585366
41,1.0,0.5,20260811,0.3983516483516483,0.6648351648351649,0.01,0.0,9,0.6829268292682927
41,1.0,0.5,20260811,0.25,0.5,0.01,0.5,0,0.4146341463414634
41,1.0,0.5,20260811,0.4904306220095694,0.6985645933014354,0.01,0.0,9,0.5365853658536586
41,1.0,0.5,20260811,0.485,0.7375,0.1,0.5,2,0.6097560975609756
41,1.0,0.5,20260811,0.17419354838709675,0.7032258064516128,1.0,0.5,6,0.7560975609756098
41,1.0,0.5,20260811,0.39032258064516134,0.7322580645161291,0.01,0.0,9,0.7560975609756098
41,1.0,0.5,20260811,0.40606060606060607,0.6636363636363637,0.01,0.0,9,0.7317073170731707
41,1.0,0.5,20260811,0.3897058823529411,0.5,0.01,0.5,0,0.5853658536585366
41,1.0,0.5,20260811,0.7095238095238096,0.8285714285714286,0.1,0.5,3,0.5121951219512195
41,1.0,0.5,20260811,0.3591954022988506,0.7701149425287357,1.0,1.0,5,0.7073170731707317
41,1.0,0.5,20260811,0.20303030303030306,0.5,0.01,0.5,0,0.7317073170731707
41,1.0,0.5,20260811,0.33732057416267947,0.8014354066985646,1.0,0.0,9,0.5365853658536586
41,1.0,0.5,20260811,0.08620689655172414,0.6666666666666666,0.01,0.0,9,0.7073170731707317
41,1.0,0.5,20260811,0.37750000000000006,0.6225,0.01,0.0,9,0.6097560975609756
41,1.0,0.5,20260811,0.43333333333333335,0.5,0.01,0.5,0,0.6341463414634146
41,1.0,0.5,20260811,0.39417989417989413,0.656084656084656,0.01,0.0,9,0.6585365853658537
41,1.0,0.5,20260811,0.415,0.6950000000000001,1.0,1.0,3,0.6097560975609756
41,1.0,0.5,20260811,0.47750000000000004,0.5,0.01,0.5,0,0.6097560975609756
41,1.0,0.5,20260811,0.44019138755980863,0.5,0.01,0.5,0,0.5365853658536586
41,1.0,0.5,20260811,0.6190476190476191,0.8862433862433862,1.0,1.0,7,0.6585365853658537
41,1.0,0.5,20260811,0.5514705882352942,0.7426470588235294,0.01,0.0,9,0.5853658536585366
41,1.0,0.5,20260811,0.5478468899521531,0.7918660287081339,0.1,0.0,9,0.5365853658536586
41,1.0,0.5,20260811,0.5741935483870968,0.7903225806451613,0.01,0.0,9,0.7560975609756098
41,1.0,0.5,20260811,0.33333333333333337,0.6424242424242425,0.01,0.0,9,0.7317073170731707
41,1.0,0.5,20260811,0.478021978021978,0.8571428571428571,1.0,0.0,9,0.6829268292682927
41,1.0,0.5,20260811,0.5179487179487179,0.8333333333333334,1.0,0.5,7,0.6341463414634146
41,1.0,0.5,20260811,0.6404761904761905,0.8833333333333333,1.0,0.0,9,0.5121951219512195
41,1.0,0.5,20260811,0.5650000000000001,0.8274999999999999,1.0,0.0,9,0.6097560975609756
41,1.0,0.5,20260811,0.5272727272727273,0.5,0.01,0.5,0,0.7317073170731707
41,1.0,0.5,20260811,0.3925,0.5,0.01,0.5,0,0.6097560975609756
41,1.0,0.5,20260811,0.3529411764705882,0.803921568627451,1.0,0.5,6,0.5853658536585366
41,1.0,0.5,20260811,0.32999999999999996,0.6975,1.0,1.0,7,0.6097560975609756
41,1.0,0.5,20260811,0.6483870967741935,0.8161290322580645,0.1,0.0,9,0.7560975609756098
41,1.0,0.5,20260811,0.5467032967032966,0.7912087912087912,0.01,0.0,9,0.6829268292682927
41,1.0,0.5,20260811,0.18783068783068782,0.5,0.01,0.5,0,0.6585365853658537
41,1.0,0.5,20260811,0.6296296296296297,0.7883597883597884,0.01,0.0,9,0.6585365853658537
41,1.0,0.5,20260811,0.5769230769230769,0.7032967032967032,0.01,0.0,9,0.6829268292682927
41,1.0,0.5,20260811,0.7324999999999999,0.8825000000000001,0.1,0.5,3,0.6097560975609756
41,1.0,0.5,20260811,0.4516908212560387,0.7101449275362318,0.01,0.0,9,0.5609756097560976
41,1.0,0.5,20260811,0.35714285714285715,0.5,0.01,0.5,0,0.5121951219512195
41,1.0,0.5,20260811,0.5794871794871794,0.8384615384615385,1.0,0.5,6,0.6341463414634146
41,1.0,0.5,20260811,0.6724137931034482,0.8678160919540229,1.0,0.5,6,0.7073170731707317
41,1.0,0.5,20260811,0.30219780219780223,0.5,0.01,0.5,0,0.6829268292682927
41,1.0,0.5,20260811,0.7303921568627452,0.8725490196078431,0.1,0.0,9,0.5853658536585366
41,1.0,0.5,20260811,0.33333333333333337,0.6810344827586208,0.01,0.0,9,0.7073170731707317
41,1.0,0.5,20260811,0.6205128205128205,0.8615384615384616,1.0,0.5,8,0.6341463414634146
41,1.0,0.5,20260811,0.5759803921568627,0.7818627450980392,0.1,0.5,5,0.4146341463414634
41,1.0,0.5,20260811,0.6763285024154588,0.8285024154589372,1.0,0.5,6,0.5609756097560976
41,1.0,0.5,20260811,0.23188405797101452,0.6159420289855072,0.01,0.0,9,0.5609756097560976
41,1.0,0.5,20260811,0.40714285714285714,0.6857142857142857,0.01,0.0,9,0.4878048780487805
41,1.0,0.5,20260811,0.22058823529411767,0.6752450980392157,0.1,0.5,1,0.5853658536585366
41,1.0,0.5,20260811,0.4976190476190476,0.7833333333333333,0.1,0.5,3,0.5121951219512195
41,1.0,0.5,20260811,0.75,0.8994252873563219,0.1,0.5,5,0.7073170731707317
41,1.0,0.5,20260811,0.7566137566137566,0.9153439153439153,1.0,0.0,9,0.6585365853658537
41,1.0,0.5,20260811,0.6216931216931216,0.7764550264550265,0.1,0.5,1,0.6585365853658537
41,1.0,0.5,20260811,0.303030303030303,0.7303030303030302,0.01,0.0,9,0.7317073170731707
41,1.0,0.5,20260811,0.32258064516129037,0.7290322580645161,0.01,0.0,9,0.7560975609756098
41,1.0,0.5,20260811,0.37142857142857144,0.6452380952380953,0.01,0.0,9,0.4878048780487805
41,1.0,0.5,20260811,0.445,0.865,1.0,0.0,9,0.6097560975609756
41,1.0,0.5,20260811,0.7155172413793103,0.910919540229885,1.0,0.5,8,0.7073170731707317
41,1.0,0.5,20260811,0.41025641025641024,0.7025641025641025,0.01,0.0,9,0.6341463414634146
41,1.0,0.5,20260811,0.5743589743589744,0.8217948717948718,0.1,0.5,2,0.6341463414634146
41,1.0,0.5,20260811,0.31868131868131866,0.7664835164835164,1.0,1.0,5,0.6829268292682927
41,1.0,0.5,20260811,0.6307692307692307,0.8384615384615384,0.1,0.5,3,0.6341463414634146
41,1.0,0.5,20260811,0.6641025641025642,0.7794871794871795,0.1,0.5,1,0.6341463414634146
41,1.0,0.5,20260811,0.5759803921568627,0.8676470588235294,1.0,1.0,4,0.5853658536585366
41,1.0,0.5,20260811,0.41538461538461535,0.5,0.01,0.5,0,0.6341463414634146
41,1.0,0.5,20260811,0.6913875598086124,0.8444976076555024,1.0,1.0,5,0.5365853658536586
41,1.0,0.5,20260811,0.35344827586206895,0.7183908045977012,0.01,0.0,9,0.7073170731707317
41,1.0,0.5,20260811,0.5201149425287357,0.7442528735632183,0.01,0.0,9,0.7073170731707317
41,1.0,0.5,20260811,0.44000000000000006,0.64,0.01,0.0,9,0.6097560975609756
41,1.0,0.5,20260811,0.27298850574712646,0.7614942528735633,1.0,1.0,5,0.7073170731707317
41,1.0,0.5,20260811,0.41750000000000004,0.62,0.01,0.0,9,0.6097560975609756
41,1.0,0.5,20260811,0.29032258064516125,0.6774193548387096,0.01,0.0,9,0.7560975609756098
41,1.0,0.5,20260811,0.34615384615384615,0.7205128205128206,0.01,0.0,9,0.6341463414634146
41,1.0,0.5,20260811,0.3862433862433863,0.6322751322751322,0.01,0.0,9,0.6585365853658537
41,1.0,0.5,20260811,0.3412698412698413,0.7116402116402116,1.0,0.0,9,0.6585365853658537
41,1.0,0.5,20260811,0.45833333333333337,0.8576388888888888,1.0,0.0,9,0.7804878048780488
41,1.0,0.5,20260811,0.495,0.6849999999999999,0.01,0.0,9,0.6097560975609756
41,1.0,0.5,20260811,0.38186813186813184,0.6813186813186815,0.01,0.0,9,0.6829268292682927
41,1.0,0.5,20260811,0.5588235294117647,0.7549019607843137,1.0,1.0,5,0.5853658536585366
41,1.0,0.5,20260811,0.34516129032258064,0.7225806451612903,0.01,0.0,9,0.7560975609756098
41,1.0,0.5,20260811,0.554945054945055,0.8461538461538461,1.0,0.0,9,0.6829268292682927
41,1.0,0.5,20260811,0.4128205128205128,0.5,0.01,0.5,0,0.6341463414634146
41,1.0,0.5,20260811,0.6363636363636364,0.7515151515151515,0.01,0.0,9,0.7317073170731707
41,1.0,0.5,20260811,0.6954022988505747,0.8649425287356322,1.0,0.5,7,0.7073170731707317
41,1.0,0.5,20260811,0.521531100478469,0.7440191387559809,0.01,0.0,9,0.5365853658536586
41,1.0,0.5,20260811,0.37362637362637363,0.5,0.01,0.5,0,0.6829268292682927
41,1.0,0.5,20260811,0.764367816091954,0.8448275862068965,0.01,0.0,9,0.7073170731707317
41,1.0,0.5,20260811,0.6256410256410256,0.7487179487179487,0.01,0.0,9,0.6341463414634146
41,1.0,0.5,20260811,0.27586206896551724,0.6954022988505747,0.01,0.0,9,0.7073170731707317
41,1.0,0.5,20260811,0.5521978021978021,0.7692307692307693,0.01,0.0,9,0.6829268292682927
41,1.0,0.5,20260811,0.6005747126436782,0.9166666666666667,1.0,0.5,8,0.7073170731707317
41,1.0,0.5,20260811,0.596774193548387,0.7548387096774194,0.01,0.0,9,0.7560975609756098
41,1.0,0.5,20260811,0.2822966507177033,0.6483253588516746,0.01,0.0,9,0.5365853658536586
41,1.0,0.5,20260811,0.3700980392156863,0.5,0.01,0.5,0,0.5853658536585366
41,1.0,0.5,20260811,0.5054945054945055,0.7582417582417582,0.1,0.0,9,0.6829268292682927
41,1.0,0.5,20260811,0.28717948717948727,0.5,0.01,0.5,0,0.6341463414634146
41,1.0,0.5,20260811,0.13285024154589373,0.5,0.01,0.5,0,0.5609756097560976
41,1.0,0.5,20260811,0.46153846153846156,0.6565934065934066,0.01,0.0,9,0.6829268292682927
41,1.0,0.5,20260811,0.3606060606060606,0.7000000000000002,0.01,0.0,9,0.7317073170731707
41,1.0,0.5,20260811,0.07380952380952382,0.6333333333333333,0.01,0.0,9,0.4878048780487805
41,1.0,0.5,20260811,0.5845410628019323,0.7705314009661836,0.01,0.0,9,0.5609756097560976
41,1.0,0.5,20260811,0.4814814814814815,0.6587301587301587,0.01,0.0,9,0.6585365853658537
41,1.0,0.5,20260811,0.7573529411764706,0.8774509803921569,0.1,0.0,9,0.5853658536585366
41,1.0,0.5,20260811,0.3480392156862745,0.6299019607843137,0.01,0.0,9,0.5853658536585366
41,1.0,0.5,20260811,0.6126373626373627,0.7829670329670328,0.01,0.0,9,0.6829268292682927
41,1.0,0.5,20260811,0.5191387559808612,0.8110047846889952,1.0,0.0,9,0.5365853658536586
41,1.0,0.5,20260811,0.2595238095238095,0.75,1.0,0.0,9,0.5121951219512195
41,1.0,0.5,20260811,0.7,0.890909090909091,1.0,0.0,9,0.7317073170731707
41,1.0,0.5,20260811,0.36500000000000005,0.69,0.01,0.0,9,0.6097560975609756
41,1.0,0.5,20260811,0.4038461538461538,0.7335164835164836,0.01,0.0,9,0.6829268292682927
41,1.0,0.5,20260811,0.6456043956043955,0.8681318681318682,1.0,0.0,9,0.6829268292682927
41,1.0,0.5,20260811,0.21693121693121695,0.5,0.01,0.5,0,0.6585365853658537
41,1.0,0.5,20260811,0.678921568627451,0.7818627450980392,0.01,0.0,9,0.5853658536585366
41,1.0,0.5,20260811,0.5153846153846154,0.6487179487179487,0.01,0.0,9,0.6341463414634146
41,1.0,0.5,20260811,0.3512820512820513,0.6564102564102564,0.01,0.0,9,0.6341463414634146
41,1.0,0.5,20260811,0.29354838709677417,0.6709677419354839,0.01,0.0,9,0.7560975609756098
41,1.0,0.5,20260811,0.24175824175824176,0.5,0.01,0.5,0,0.6829268292682927
41,1.0,0.5,20260811,0.4380952380952381,0.6833333333333333,0.01,0.0,9,0.4878048780487805
41,1.0,0.5,20260811,0.6818181818181819,0.7833333333333333,0.1,0.5,2,0.7317073170731707
41,1.0,0.5,20260811,0.26470588235294124,0.6323529411764706,0.01,0.0,9,0.5853658536585366
41,1.0,0.5,20260811,0.5057471264367817,0.7758620689655171,0.01,0.0,9,0.7073170731707317
41,1.0,0.5,20260811,0.625,0.87,1.0,0.0,9,0.6097560975609756
41,1.0,0.5,20260811,0.3623188405797102,0.7415458937198067,0.1,0.0,9,0.5609756097560976
41,1.0,0.5,20260811,0.7010582010582012,0.7910052910052909,0.1,0.0,9,0.6585365853658537
41,1.0,0.5,20260811,0.395,0.7725000000000001,1.0,0.0,9,0.6097560975609756
41,1.0,0.5,20260811,0.44102564102564107,0.6948717948717948,0.01,0.0,9,0.6341463414634146
41,1.0,0.5,20260811,0.20574162679425842,0.5,0.01,0.5,0,0.5365853658536586
41,1.0,0.5,20260811,0.41421568627450983,0.7696078431372549,1.0,0.5,8,0.5853658536585366
41,1.0,0.5,20260811,0.4339080459770115,0.6810344827586207,0.01,0.0,9,0.7073170731707317
41,1.0,0.5,20260811,0.5800000000000001,0.75,0.01,0.0,9,0.6097560975609756
41,1.0,0.5,20260811,0.3936781609195403,0.764367816091954,0.1,0.0,9,0.7073170731707317
41,1.0,0.5,20260811,0.5765550239234449,0.854066985645933,1.0,1.0,5,0.5365853658536586
41,1.0,0.5,20260811,0.36923076923076925,0.7307692307692308,0.1,0.0,9,0.6341463414634146
41,1.0,0.5,20260811,0.7068965517241379,0.8002873563218391,0.1,0.5,1,0.7073170731707317
41,1.0,0.5,20260811,0.5412087912087912,0.7087912087912088,0.01,0.0,9,0.6829268292682927
41,1.0,0.5,20260811,0.5098039215686275,0.7181372549019609,0.01,0.0,9,0.5853658536585366
41,1.0,0.5,20260811,0.43,0.7050000000000001,0.01,0.0,9,0.6097560975609756
41,1.0,0.5,20260811,0.41538461538461535,0.7256410256410256,0.01,0.0,9,0.6341463414634146
41,1.0,0.5,20260811,0.4475,0.7575000000000001,0.01,0.0,9,0.6097560975609756
41,1.0,0.5,20260811,0.3125,0.5,0.01,0.5,0,0.6097560975609756
41,1.0,0.5,20260811,0.7435897435897436,0.5,0.01,0.5,0,0.6341463414634146
41,1.0,0.5,20260811,0.4285714285714286,0.7952380952380953,1.0,0.0,9,0.5121951219512195
41,1.0,0.5,20260811,0.39999999999999997,0.5,0.01,0.5,0,0.4878048780487805
41,1.0,0.5,20260811,0.37681159420289856,0.6545893719806762,0.01,0.0,9,0.5609756097560976
41,1.0,0.5,20260811,0.5449999999999999,0.7125,0.01,0.0,9,0.6097560975609756
41,1.0,0.5,20260811,0.2545454545454546,0.6939393939393941,0.01,0.0,9,0.7317073170731707
41,1.0,0.5,20260811,0.5,0.5,0.01,0.5,0,0.6829268292682927
41,1.0,0.5,20260811,0.6126373626373627,0.8928571428571429,1.0,0.0,9,0.6829268292682927
41,1.0,0.5,20260811,0.6772486772486772,0.8333333333333333,0.1,0.0,9,0.6585365853658537
41,1.0,0.5,20260811,0.6349206349206349,0.873015873015873,1.0,0.5,7,0.6585365853658537
41,1.0,0.5,20260811,0.7696078431372549,0.8602941176470588,0.01,0.0,9,0.5853658536585366
41,1.0,0.5,20260811,0.235,0.5,0.01,0.5,0,0.6097560975609756
41,1.0,0.5,20260811,0.5487179487179488,0.7564102564102564,0.01,0.0,9,0.6341463414634146
41,1.0,0.5,20260811,0.43333333333333335,0.8153846153846154,1.0,0.0,9,0.6341463414634146
41,1.0,0.5,20260811,0.5809523809523809,0.775,0.1,0.5,1,0.4878048780487805
41,1.0,0.5,20260811,0.5048309178743962,0.8236714975845411,0.1,0.0,9,0.5609756097560976
41,1.0,0.5,20260811,0.41005291005291006,0.7169312169312169,0.01,0.0,9,0.6585365853658537
41,1.0,0.5,20260811,0.39230769230769236,0.7307692307692308,0.1,0.0,9,0.6341463414634146
41,1.0,0.5,20260811,0.2222222222222222,0.5,0.01,0.5,0,0.5609756097560976
41,1.0,0.5,20260811,0.20105820105820107,0.7195767195767195,0.01,0.0,9,0.6585365853658537
41,1.0,0.5,20260811,0.34615384615384615,0.6615384615384616,0.01,0.0,9,0.6341463414634146
41,1.0,0.5,20260811,0.5789473684210525,0.7966507177033493,1.0,0.0,9,0.5365853658536586
41,1.0,0.5,20260811,0.3641025641025641,0.6487179487179487,0.01,0.0,9,0.6341463414634146
41,1.0,0.5,20260811,0.1717948717948718,0.5,0.01,0.5,0,0.6341463414634146
41,1.0,0.5,20260811,0.7608695652173914,0.9106280193236715,1.0,0.0,9,0.5609756097560976
41,1.0,0.5,20260811,0.4264705882352941,0.6838235294117647,0.01,0.0,9,0.5853658536585366
41,1.0,0.5,20260811,0.7197802197802198,0.8392857142857143,0.1,0.5,1,0.6829268292682927
41,1.0,0.5,20260811,0.4230769230769231,0.5,0.01,0.5,0,0.6829268292682927
41,1.0,0.5,20260811,0.7254901960784313,0.7867647058823529,0.01,0.0,9,0.5853658536585366
41,1.0,0.5,20260811,0.42063492063492064,0.6534391534391535,0.01,0.0,9,0.6585365853658537
41,1.0,0.5,20260811,0.5363636363636364,0.8848484848484849,1.0,0.0,9,0.7317073170731707
41,1.0,0.5,20260811,0.2445054945054945,0.7087912087912088,0.01,0.0,9,0.6829268292682927
41,1.0,0.5,20260811,0.4558823529411765,0.5,0.01,0.5,0,0.5853658536585366
41,1.0,0.5,20260811,0.49725274725274726,0.7706043956043955,0.1,0.5,1,0.6829268292682927
41,1.0,0.5,20260811,0.6274509803921569,0.7916666666666667,0.01,0.0,9,0.5853658536585366
41,1.0,0.5,20260811,0.3025641025641026,0.6871794871794872,0.01,0.0,9,0.6341463414634146
41,1.0,0.5,20260811,0.6120689655172413,0.7758620689655171,0.01,0.0,9,0.7073170731707317
41,1.0,0.5,20260811,0.5784313725490197,0.8308823529411764,1.0,0.0,9,0.5853658536585366
41,1.0,0.5,20260811,0.29395604395604397,0.7060439560439561,0.01,0.0,9,0.6829268292682927
41,1.0,0.5,20260811,0.48750000000000004,0.7625,0.1,0.0,9,0.6097560975609756
41,1.0,0.5,20260811,0.3695652173913044,0.6690821256038647,0.01,0.0,9,0.5609756097560976
41,1.0,0.5,20260811,0.393719806763285,0.71256038647343,0.01,0.0,9,0.5609756097560976
41,1.0,0.5,20260811,0.5,0.676923076923077,0.01,0.0,9,0.6341463414634146
41,1.0,0.5,20260811,0.2777777777777778,0.6908212560386472,0.01,0.0,9,0.5609756097560976
41,1.0,0.5,20260811,0.35897435897435903,0.7615384615384615,1.0,0.0,9,0.6341463414634146
41,1.0,0.5,20260811,0.3409090909090909,0.5,0.01,0.5,0,0.8048780487804879
41,1.0,0.5,20260811,0.40931372549019607,0.803921568627451,0.1,0.0,9,0.5853658536585366
41,1.0,0.5,20260811,0.6835748792270532,0.8526570048309179,1.0,1.0,5,0.5609756097560976
41,1.0,0.5,20260811,0.6666666666666666,0.8023809523809524,0.1,0.0,9,0.5121951219512195
41,1.0,0.5,20260811,0.5686274509803921,0.7279411764705883,0.1,0.5,2,0.5853658536585366
41,1.0,0.5,20260811,0.6794871794871795,0.7833333333333333,0.1,0.5,1,0.6341463414634146
41,1.0,0.5,20260811,0.7000000000000001,0.8976190476190475,1.0,0.0,9,0.4878048780487805
41,1.0,0.5,20260811,0.3277511961722488,0.69377990430622,0.1,0.5,2,0.5365853658536586
41,1.0,0.5,20260811,0.27873563218390807,0.6408045977011494,0.01,0.0,9,0.7073170731707317
41,1.0,0.5,20260811,0.642156862745098,0.7745098039215685,0.01,0.0,9,0.5853658536585366
41,1.0,0.5,20260811,0.2939560439560439,0.5,0.01,0.5,0,0.6829268292682927
41,1.0,0.5,20260811,0.5804597701149425,0.8477011494252873,1.0,1.0,5,0.7073170731707317
41,1.0,0.5,20260811,0.71,0.9025000000000001,0.1,0.0,9,0.6097560975609756
41,1.0,0.5,20260811,0.5,0.7083333333333334,0.01,0.0,9,0.5853658536585366
41,1.0,0.5,20260811,0.37356321839080464,0.6350574712643678,0.01,0.0,9,0.7073170731707317
41,1.0,0.5,20260811,0.6428571428571428,0.7751322751322752,0.01,0.0,9,0.6585365853658537
41,1.0,0.5,20260811,0.545,0.8674999999999999,1.0,0.5,7,0.6097560975609756
41,1.0,0.5,20260811,0.4879227053140096,0.8067632850241546,1.0,0.5,7,0.5609756097560976
41,1.0,0.5,20260811,0.6025000000000001,0.7450000000000001,0.01,0.0,9,0.6097560975609756
41,1.0,0.5,20260811,0.6348039215686274,0.8161764705882353,0.1,0.5,3,0.5853658536585366
41,1.0,0.5,20260811,0.5181818181818182,0.6878787878787879,0.01,0.0,9,0.7317073170731707
41,1.0,0.5,20260811,0.5725,0.7450000000000001,0.01,0.0,9,0.6097560975609756
41,1.0,0.5,20260811,0.6764705882352942,0.8700980392156863,0.1,0.5,4,0.5853658536585366
41,1.0,0.5,20260811,0.4846153846153846,0.7230769230769231,0.01,0.0,9,0.6341463414634146
41,1.0,0.5,20260811,0.5717703349282297,0.7296650717703349,0.01,0.0,9,0.5365853658536586
41,1.0,0.5,20260811,0.3666666666666667,0.6846153846153846,0.01,0.0,9,0.6341463414634146
41,1.0,0.5,20260811,0.43386243386243384,0.5,0.01,0.5,0,0.6585365853658537
41,1.0,0.5,20260811,0.4794871794871795,0.8717948717948718,1.0,0.0,9,0.6341463414634146
41,1.0,0.5,20260811,0.4785714285714286,0.6642857142857143,0.01,0.0,9,0.5121951219512195
41,1.0,0.5,20260811,0.39215686274509803,0.803921568627451,1.0,0.5,7,0.5853658536585366
41,1.0,0.5,20260811,0.47126436781609193,0.6982758620689655,0.01,0.0,9,0.7073170731707317
41,1.0,0.5,20260811,0.6495098039215685,0.8296568627450981,0.1,0.5,2,0.5853658536585366
41,1.0,0.5,20260811,0.35449735449735453,0.5,0.01,0.5,0,0.6585365853658537
41,1.0,0.5,20260811,0.7142857142857143,0.8518518518518519,1.0,1.0,4,0.6585365853658537
41,1.0,0.5,20260811,0.6244019138755981,0.8229665071770335,0.1,0.0,9,0.5365853658536586
41,1.0,0.5,20260811,0.6484848484848484,0.8333333333333334,0.01,0.0,9,0.7317073170731707
41,1.0,0.8,20260811,0.5564102564102564,0.717948717948718,0.01,0.0,9,0.6341463414634146
41,1.0,0.8,20260811,0.5490196078431373,0.7990196078431373,1.0,1.0,4,0.5853658536585366
41,1.0,0.8,20260811,0.4688995215311005,0.8421052631578947,1.0,1.0,6,0.4634146341463415
41,1.0,0.8,20260811,0.3736263736263736,0.7197802197802198,0.01,0.0,9,0.6829268292682927
41,1.0,0.8,20260811,0.6058201058201058,0.7883597883597884,0.1,0.5,2,0.6585365853658537
41,1.0,0.8,20260811,0.34195402298850575,0.6867816091954023,0.01,0.0,9,0.7073170731707317
41,1.0,0.8,20260811,0.3571428571428571,0.5,0.01,0.5,0,0.6585365853658537
41,1.0,0.8,20260811,0.5,0.8359788359788359,1.0,0.0,9,0.6585365853658537
41,1.0,0.8,20260811,0.5714285714285714,0.8201058201058201,0.1,0.5,3,0.6585365853658537
41,1.0,0.8,20260811,0.8600000000000001,0.89,0.1,0.0,9,0.6097560975609756
41,1.0,0.8,20260811,0.6363636363636364,0.7655502392344498,0.01,0.0,9,0.5365853658536586
41,1.0,0.8,20260811,0.6483516483516484,0.7994505494505495,0.01,0.0,9,0.6829268292682927
41,1.0,0.8,20260811,0.6261904761904762,0.7666666666666667,0.01,0.0,9,0.4878048780487805
41,1.0,0.8,20260811,0.5363636363636364,0.8393939393939394,0.1,0.0,9,0.7317073170731707
41,1.0,0.8,20260811,0.625,0.7725,0.01,0.0,9,0.6097560975609756
41,1.0,0.8,20260811,0.6318681318681318,0.7362637362637363,0.01,0.0,9,0.6829268292682927
41,1.0,0.8,20260811,0.5380952380952381,0.7761904761904762,0.1,0.5,3,0.5121951219512195
41,1.0,0.8,20260811,0.4454022988505747,0.6580459770114943,0.01,0.0,9,0.7073170731707317
41,1.0,0.8,20260811,0.5661375661375662,0.7275132275132274,0.01,0.0,9,0.6585365853658537
41,1.0,0.8,20260811,0.7142857142857143,0.8227513227513228,0.1,0.5,1,0.6585365853658537
41,1.0,0.8,20260811,0.5431034482758621,0.7614942528735632,0.1,0.0,9,0.7073170731707317
41,1.0,0.8,20260811,0.2272727272727273,0.770334928229665,1.0,1.0,6,0.5365853658536586
41,1.0,0.8,20260811,0.6280193236714976,0.8091787439613526,0.1,0.5,3,0.5609756097560976
41,1.0,0.8,20260811,0.8300000000000001,0.9,0.1,0.5,3,0.6097560975609756
41,1.0,0.8,20260811,0.7787356321839081,0.9195402298850573,0.1,0.0,9,0.7073170731707317
41,1.0,0.8,20260811,0.6878306878306878,0.8386243386243387,0.01,0.0,9,0.6585365853658537
41,1.0,0.8,20260811,0.6256410256410256,0.7999999999999999,0.1,0.0,9,0.6341463414634146
41,1.0,0.8,20260811,0.8205128205128205,0.8999999999999999,0.01,0.0,9,0.6341463414634146
41,1.0,0.8,20260811,0.38717948717948714,0.6743589743589744,0.01,0.0,9,0.6341463414634146
41,1.0,0.8,20260811,0.6064516129032258,0.8709677419354839,1.0,0.0,9,0.7560975609756098
41,1.0,0.8,20260811,0.7725000000000001,0.8799999999999999,0.01,0.0,9,0.6097560975609756
41,1.0,0.8,20260811,0.7270531400966184,0.8526570048309179,0.1,0.5,4,0.5609756097560976
41,1.0,0.8,20260811,0.6333333333333333,0.7692307692307693,0.1,0.0,9,0.6341463414634146
41,1.0,0.8,20260811,0.7417582417582418,0.9093406593406593,0.1,0.0,9,0.6829268292682927
41,1.0,0.8,20260811,0.6225,0.795,0.1,0.0,9,0.6097560975609756
41,1.0,0.8,20260811,0.6637931034482759,0.882183908045977,1.0,0.0,9,0.7073170731707317
41,1.0,0.8,20260811,0.5502645502645502,0.7592592592592592,0.01,0.0,9,0.6585365853658537
41,1.0,0.8,20260811,0.5291005291005292,0.7328042328042328,0.01,0.0,9,0.6585365853658537
41,1.0,0.8,20260811,0.6978021978021979,0.8557692307692307,0.1,0.5,2,0.6829268292682927
41,1.0,0.8,20260811,0.36129032258064514,0.7129032258064516,0.01,0.0,9,0.7560975609756098
41,1.0,0.8,20260811,0.566137566137566,0.783068783068783,0.01,0.0,9,0.6585365853658537
41,1.0,0.8,20260811,0.48850574712643685,0.8045977011494253,1.0,0.5,8,0.7073170731707317
41,1.0,0.8,20260811,0.5741626794258374,0.80622009569378,0.1,0.0,9,0.5365853658536586
41,1.0,0.8,20260811,0.6339712918660287,0.8229665071770335,0.1,0.5,3,0.5365853658536586
41,1.0,0.8,20260811,0.7657004830917874,0.9009661835748792,0.01,0.0,9,0.5609756097560976
41,1.0,0.8,20260811,0.635,0.8674999999999999,0.1,0.0,9,0.6097560975609756
41,1.0,0.8,20260811,0.5794871794871794,0.8615384615384615,1.0,0.5,9,0.6341463414634146
41,1.0,0.8,20260811,0.6458333333333333,0.8368055555555556,0.01,0.0,9,0.7804878048780488
41,1.0,0.8,20260811,0.39950980392156865,0.6617647058823529,0.01,0.0,9,0.5853658536585366
41,1.0,0.8,20260811,0.7222222222222223,0.9130434782608696,1.0,0.5,7,0.5609756097560976
41,1.0,0.8,20260811,0.3492822966507177,0.6483253588516746,0.01,0.0,9,0.5365853658536586
41,1.0,0.8,20260811,0.5431034482758621,0.8160919540229886,1.0,0.5,7,0.7073170731707317
41,1.0,0.8,20260811,0.22549019607843138,0.6544117647058824,0.01,0.0,9,0.5853658536585366
41,1.0,0.8,20260811,0.319047619047619,0.7119047619047619,0.1,0.0,9,0.4878048780487805
41,1.0,0.8,20260811,0.532967032967033,0.9038461538461539,1.0,0.0,9,0.6829268292682927
41,1.0,0.8,20260811,0.7068965517241378,0.8850574712643678,1.0,0.0,9,0.7073170731707317
41,1.0,0.8,20260811,0.52,0.7024999999999999,0.01,0.0,9,0.6097560975609756
41,1.0,0.8,20260811,0.6387096774193548,0.8741935483870967,1.0,1.0,5,0.7560975609756098
41,1.0,0.8,20260811,0.5239234449760766,0.7392344497607655,0.1,0.5,2,0.5365853658536586
41,1.0,0.8,20260811,0.6950000000000001,0.77,0.01,0.0,9,0.6097560975609756
41,1.0,0.8,20260811,0.27294685990338163,0.6183574879227053,0.01,0.0,9,0.5609756097560976
41,1.0,0.8,20260811,0.2326388888888889,0.7569444444444444,0.1,0.0,9,0.7804878048780488
41,1.0,0.8,20260811,0.5096618357487923,0.7379227053140096,0.1,0.5,2,0.5609756097560976
41,1.0,0.8,20260811,0.6715686274509804,0.8848039215686274,1.0,1.0,6,0.5853658536585366
41,1.0,0.8,20260811,0.7848484848484848,0.9212121212121213,1.0,0.5,7,0.7317073170731707
41,1.0,0.8,20260811,0.7689393939393939,0.9318181818181819,1.0,0.0,9,0.8048780487804879
41,1.0,0.8,20260811,0.430952380952381,0.6666666666666666,0.01,0.0,9,0.5121951219512195
41,1.0,0.8,20260811,0.5851648351648352,0.7032967032967032,0.01,0.0,9,0.6829268292682927
41,1.0,0.8,20260811,0.24019607843137256,0.5,0.01,0.5,0,0.5853658536585366
41,1.0,0.8,20260811,0.8038277511961722,0.8899521531100479,0.01,0.0,9,0.5365853658536586
41,1.0,0.8,20260811,0.7666666666666667,0.9282051282051282,1.0,0.0,9,0.6341463414634146
41,1.0,0.8,20260811,0.5974358974358974,0.7897435897435897,0.1,0.0,9,0.6341463414634146
41,1.0,0.8,20260811,0.658974358974359,0.7948717948717949,0.01,0.0,9,0.6341463414634146
41,1.0,0.8,20260811,0.5833333333333333,0.732843137254902,0.01,0.0,9,0.5853658536585366
41,1.0,0.8,20260811,0.4923076923076922,0.7461538461538462,0.1,0.5,2,0.6341463414634146
41,1.0,0.8,20260811,0.42592592592592593,0.671957671957672,0.01,0.0,9,0.6585365853658537
41,1.0,0.8,20260811,0.7512820512820513,0.9230769230769231,1.0,1.0,5,0.6341463414634146
41,1.0,0.8,20260811,0.6475,0.76,0.01,0.0,9,0.6097560975609756
41,1.0,0.8,20260811,0.5696969696969697,0.8333333333333333,0.01,0.0,9,0.7317073170731707
41,1.0,0.8,20260811,0.36666666666666664,0.7666666666666666,1.0,0.5,7,0.7317073170731707
41,1.0,0.8,20260811,0.6825000000000001,0.7925,0.1,0.5,3,0.6097560975609756
41,1.0,0.8,20260811,0.48,0.7125,0.01,0.0,9,0.6097560975609756
41,1.0,0.8,20260811,0.642156862745098,0.7941176470588236,0.01,0.0,9,0.5853658536585366
41,1.0,0.8,20260811,0.6593406593406593,0.782967032967033,0.01,0.0,9,0.6829268292682927
41,1.0,0.8,20260811,0.6615384615384615,0.9000000000000001,1.0,0.0,9,0.6341463414634146
41,1.0,0.8,20260811,0.5057471264367817,0.7471264367816092,0.01,0.0,9,0.7073170731707317
41,1.0,0.8,20260811,0.3444976076555024,0.7009569377990431,0.01,0.0,9,0.4634146341463415
41,1.0,0.8,20260811,0.5476190476190477,0.8042328042328044,0.1,0.5,2,0.6585365853658537
41,1.0,0.8,20260811,0.4175,0.695,0.01,0.0,9,0.6097560975609756
41,1.0,0.8,20260811,0.6387559808612441,0.8492822966507179,1.0,0.0,9,0.5365853658536586
41,1.0,0.8,20260811,0.5454545454545454,0.7484848484848484,0.01,0.0,9,0.7317073170731707
41,1.0,0.8,20260811,0.5906862745098039,0.8946078431372548,1.0,0.5,8,0.5853658536585366
41,1.0,0.8,20260811,0.6568627450980392,0.7990196078431373,0.01,0.0,9,0.5853658536585366
41,1.0,0.8,20260811,0.6375000000000001,0.7725,0.01,0.0,9,0.6097560975609756
41,1.0,0.8,20260811,0.6452380952380953,0.7880952380952381,0.01,0.0,9,0.5121951219512195
41,1.0,0.8,20260811,0.7475,0.8612500000000001,0.1,0.5,3,0.6097560975609756
41,1.0,0.8,20260811,0.6870967741935483,0.8677419354838709,0.01,0.0,9,0.7560975609756098
41,1.0,0.8,20260811,0.4505494505494505,0.760989010989011,0.1,0.5,1,0.6829268292682927
41,1.0,0.8,20260811,0.5574712643678161,0.7859195402298851,0.1,0.5,2,0.7073170731707317
41,1.0,0.8,20260811,0.6208791208791209,0.7692307692307692,0.1,0.5,1,0.6829268292682927
41,1.0,0.8,20260811,0.7034313725490196,0.8161764705882353,0.01,0.0,9,0.5853658536585366
41,1.0,0.8,20260811,0.7696969696969698,0.8939393939393939,0.01,0.0,9,0.7317073170731707
41,1.0,0.8,20260811,0.3848039215686274,0.6666666666666667,0.01,0.0,9,0.5853658536585366
41,1.0,0.8,20260811,0.7816091954022989,0.8965517241379309,1.0,1.0,5,0.7073170731707317
41,1.0,0.8,20260811,0.566137566137566,0.7169312169312169,0.01,0.0,9,0.6585365853658537
41,1.0,0.8,20260811,0.8038277511961722,0.8995215311004785,0.1,0.5,3,0.5365853658536586
41,1.0,0.8,20260811,0.2830687830687831,0.7830687830687831,1.0,0.0,9,0.6585365853658537
41,1.0,0.8,20260811,0.5476190476190476,0.7380952380952381,0.01,0.0,9,0.5121951219512195
41,1.0,0.8,20260811,0.7573529411764707,0.8627450980392156,0.01,0.0,9,0.5853658536585366
41,1.0,0.8,20260811,0.5425,0.72,0.01,0.0,9,0.6097560975609756
41,1.0,0.8,20260811,0.656084656084656,0.8042328042328043,0.01,0.0,9,0.6585365853658537
41,1.0,0.8,20260811,0.26363636363636367,0.6606060606060606,0.1,0.0,9,0.7317073170731707
41,1.0,0.8,20260811,0.6176470588235294,0.8357843137254902,1.0,1.0,5,0.5853658536585366
41,1.0,0.8,20260811,0.6400000000000001,0.8325,0.01,0.0,9,0.6097560975609756
41,1.0,0.8,20260811,0.403030303030303,0.706060606060606,0.01,0.0,9,0.7317073170731707
41,1.0,0.8,20260811,0.228021978021978,0.5,0.01,0.5,0,0.6829268292682927
41,1.0,0.8,20260811,0.5599999999999999,0.7875000000000001,0.01,0.0,9,0.6097560975609756
41,1.0,0.8,20260811,0.6159420289855072,0.780193236714976,0.1,0.0,9,0.5609756097560976
41,1.0,0.8,20260811,0.5132275132275131,0.8174603174603174,1.0,1.0,5,0.6585365853658537
41,1.0,0.8,20260811,0.5548387096774194,0.7612903225806451,1.0,1.0,5,0.7560975609756098
41,1.0,0.8,20260811,0.4775,0.71125,0.1,0.5,1,0.6097560975609756
41,1.0,0.8,20260811,0.3303030303030303,0.6727272727272727,0.01,0.0,9,0.7317073170731707
41,1.0,0.8,20260811,0.42582417582417587,0.695054945054945,0.01,0.0,9,0.6829268292682927
41,1.0,0.8,20260811,0.56,0.7675000000000001,0.1,0.0,9,0.6097560975609756
41,1.0,0.8,20260811,0.5661375661375663,0.7407407407407408,0.1,0.5,1,0.6585365853658537
41,1.0,0.8,20260811,0.6149425287356322,0.8160919540229885,0.1,0.0,9,0.7073170731707317
41,1.0,0.8,20260811,0.5919540229885057,0.7844827586206896,0.1,0.0,9,0.7073170731707317
41,1.0,0.8,20260811,0.7169312169312169,0.9179894179894179,1.0,0.5,7,0.6585365853658537
41,1.0,0.8,20260811,0.5861244019138756,0.7942583732057416,0.1,0.5,3,0.4634146341463415
41,1.0,0.8,20260811,0.5000000000000001,0.7844827586206896,0.1,0.0,9,0.7073170731707317
41,1.0,0.8,20260811,0.3725,0.675,0.01,0.0,9,0.6097560975609756
41,1.0,0.8,20260811,0.5,0.7822966507177033,1.0,0.5,8,0.4634146341463415
41,1.0,0.8,20260811,0.4,0.7075,0.01,0.0,9,0.6097560975609756
41,1.0,0.8,20260811,0.5027472527472527,0.6785714285714286,0.01,0.0,9,0.6829268292682927
41,1.0,0.8,20260811,0.64,0.7925,0.01,0.0,9,0.6097560975609756
41,1.0,0.8,20260811,0.5264550264550265,0.8677248677248677,1.0,0.5,8,0.6585365853658537
41,1.0,0.8,20260811,0.6100478468899522,0.7906698564593302,0.1,0.5,2,0.5365853658536586
41,1.0,0.8,20260811,0.6322751322751323,0.8015873015873016,0.1,0.0,9,0.6585365853658537
41,1.0,0.8,20260811,0.5687830687830687,0.7791005291005291,0.1,0.5,2,0.6585365853658537
41,1.0,0.8,20260811,0.45151515151515154,0.706060606060606,0.1,0.0,9,0.7317073170731707
41,1.0,0.8,20260811,0.8,0.9071428571428571,0.01,0.0,9,0.4878048780487805
41,1.0,0.8,20260811,0.6519607843137255,0.8161764705882353,0.1,0.5,4,0.5853658536585366
41,1.0,0.8,20260811,0.6323529411764706,0.8186274509803921,0.1,0.5,4,0.5853658536585366
41,1.0,0.8,20260811,0.5871794871794872,0.7897435897435898,1.0,0.5,5,0.6341463414634146
41,1.0,0.8,20260811,0.7149758454106281,0.821256038647343,0.1,0.5,2,0.5609756097560976
41,1.0,0.8,20260811,0.49999999999999994,0.7433862433862434,0.01,0.0,9,0.6585365853658537
41,1.0,0.8,20260811,0.6401098901098901,0.8173076923076924,0.1,0.5,2,0.6829268292682927
41,1.0,0.8,20260811,0.48787878787878786,0.7484848484848484,0.01,0.0,9,0.7317073170731707
41,1.0,0.8,20260811,0.656084656084656,0.8412698412698413,0.1,0.0,9,0.6585365853658537
41,1.0,0.8,20260811,0.6135265700483092,0.8236714975845411,0.01,0.0,9,0.5609756097560976
41,1.0,0.8,20260811,0.3492063492063492,0.5,0.01,0.5,0,0.6585365853658537
41,1.0,0.8,20260811,0.4454545454545455,0.7303030303030303,0.01,0.0,9,0.7317073170731707
41,1.0,0.8,20260811,0.6375,0.88,1.0,0.5,7,0.6097560975609756
41,1.0,0.8,20260811,0.7004830917874396,0.8816425120772947,1.0,0.0,9,0.5609756097560976
41,1.0,0.8,20260811,0.8641025641025641,0.9256410256410257,0.1,0.5,3,0.6341463414634146
41,1.0,0.8,20260811,0.6606060606060605,0.906060606060606,1.0,0.0,9,0.7317073170731707
41,1.0,0.8,20260811,0.37681159420289856,0.6521739130434783,0.01,0.0,9,0.5609756097560976
41,1.0,0.8,20260811,0.4618055555555555,0.7604166666666667,0.01,0.0,9,0.7804878048780488
41,1.0,0.8,20260811,0.6551724137931034,0.7959770114942527,0.01,0.0,9,0.7073170731707317
41,1.0,0.8,20260811,0.8043478260869565,0.9009661835748792,0.01,0.0,9,0.43902439024390244
41,1.0,0.8,20260811,0.5976190476190477,0.7476190476190476,0.01,0.0,9,0.4878048780487805
41,1.0,0.8,20260811,0.6715686274509804,0.8480392156862745,0.01,0.0,9,0.5853658536585366
41,1.0,0.8,20260811,0.5169082125603865,0.7222222222222222,0.01,0.0,9,0.5609756097560976
41,1.0,0.8,20260811,0.78743961352657,0.9106280193236715,1.0,0.0,9,0.5609756097560976
41,1.0,0.8,20260811,0.6205128205128205,0.7051282051282052,0.01,0.0,9,0.6341463414634146
41,1.0,0.8,20260811,0.632183908045977,0.8764367816091955,1.0,0.0,9,0.7073170731707317
41,1.0,0.8,20260811,0.6263736263736264,0.8406593406593407,1.0,0.5,4,0.6829268292682927
41,1.0,0.8,20260811,0.7883597883597884,0.8756613756613756,0.01,0.0,9,0.6585365853658537
41,1.0,0.8,20260811,0.7380952380952381,0.8428571428571429,0.01,0.0,9,0.5121951219512195
41,1.0,0.8,20260811,0.6494252873563218,0.7959770114942528,0.01,0.0,9,0.7073170731707317
41,1.0,0.8,20260811,0.6275,0.76,0.01,0.0,9,0.6097560975609756
41,1.0,0.8,20260811,0.6230769230769231,0.8051282051282052,0.01,0.0,9,0.6341463414634146
41,1.0,0.8,20260811,0.755,0.8674999999999999,0.1,0.0,9,0.6097560975609756
41,1.0,0.8,20260811,0.5238095238095238,0.7552910052910052,0.1,0.5,2,0.6585365853658537
41,1.0,0.8,20260811,0.49033816425120774,0.6811594202898551,0.01,0.0,9,0.5609756097560976
41,1.0,0.8,20260811,0.4852941176470589,0.6862745098039216,0.01,0.0,9,0.5853658536585366
41,1.0,0.8,20260811,0.7089947089947091,0.888888888888889,0.1,0.0,9,0.6585365853658537
41,1.0,0.8,20260811,0.7327586206896552,0.8390804597701149,0.1,0.5,5,0.7073170731707317
41,1.0,0.8,20260811,0.8384615384615384,0.8948717948717949,0.01,0.0,9,0.6341463414634146
41,1.0,0.8,20260811,0.5727272727272728,0.8181818181818181,0.1,0.5,2,0.7317073170731707
41,1.0,0.8,20260811,0.6206896551724138,0.7844827586206897,0.01,0.0,9,0.7073170731707317
41,1.0,0.8,20260811,0.7487179487179487,0.8538461538461538,0.1,0.0,9,0.6341463414634146
41,1.0,0.8,20260811,0.39749999999999996,0.7175,0.01,0.0,9,0.6097560975609756
41,1.0,0.8,20260811,0.6597222222222222,0.8506944444444445,0.1,0.5,2,0.7804878048780488
41,1.0,0.8,20260811,0.6307692307692307,0.7794871794871795,0.1,0.5,3,0.6341463414634146
41,1.0,0.8,20260811,0.47607655502392343,0.80622009569378,1.0,0.0,9,0.5365853658536586
41,1.0,0.8,20260811,0.32307692307692304,0.6820512820512821,0.01,0.0,9,0.6341463414634146
41,1.0,0.8,20260811,0.40931372549019607,0.7892156862745098,1.0,0.0,9,0.5853658536585366
41,1.0,0.8,20260811,0.6166666666666667,0.7666666666666667,0.01,0.0,9,0.5121951219512195
41,1.0,0.8,20260811,0.3708791208791209,0.6813186813186813,0.01,0.0,9,0.6829268292682927
41,1.0,0.8,20260811,0.3324175824175824,0.6923076923076923,0.01,0.0,9,0.6829268292682927
41,1.0,0.8,20260811,0.6205128205128205,0.7999999999999999,0.01,0.0,9,0.6341463414634146
41,1.0,0.8,20260811,0.6487179487179487,0.7846153846153846,0.01,0.0,9,0.6341463414634146
41,1.0,0.8,20260811,0.5275000000000001,0.7100000000000001,0.01,0.0,9,0.6097560975609756
41,1.0,0.8,20260811,0.6274509803921569,0.7377450980392157,0.01,0.0,9,0.5853658536585366
41,1.0,0.8,20260811,0.6084656084656084,0.7883597883597884,0.01,0.0,9,0.6585365853658537
41,1.0,0.8,20260811,0.28750000000000003,0.625,0.01,0.0,9,0.6097560975609756
41,1.0,0.8,20260811,0.5201149425287356,0.8132183908045977,1.0,0.0,9,0.7073170731707317
41,1.0,0.8,20260811,0.6825000000000001,0.865,0.1,0.0,9,0.6097560975609756
41,1.0,0.8,20260811,0.5052910052910052,0.7394179894179894,0.1,0.5,1,0.6585365853658537
41,1.0,0.8,20260811,0.7,0.7923076923076924,0.01,0.0,9,0.6341463414634146
41,1.0,0.8,20260811,0.7125,0.8875,1.0,1.0,7,0.6097560975609756
41,1.0,0.8,20260811,0.30606060606060603,0.6939393939393939,0.01,0.0,9,0.7317073170731707
41,1.0,0.8,20260811,0.69,0.7975,0.01,0.0,9,0.6097560975609756
41,1.0,0.8,20260811,0.5151515151515151,0.8674242424242424,0.1,0.0,9,0.8048780487804879
41,1.0,0.8,20260811,0.8214285714285714,0.8928571428571428,0.01,0.0,9,0.6829268292682927
41,1.0,0.8,20260811,0.31212121212121213,0.6484848484848484,0.01,0.0,9,0.7317073170731707
41,1.0,0.8,20260811,0.5192307692307692,0.7554945054945055,0.01,0.0,9,0.6829268292682927
41,1.0,0.8,20260811,0.5258620689655172,0.7298850574712643,0.01,0.0,9,0.7073170731707317
41,1.0,0.8,20260811,0.3439153439153439,0.6507936507936508,0.01,0.0,9,0.6585365853658537
41,1.0,0.8,20260811,0.7524509803921569,0.8504901960784315,0.1,0.0,9,0.5853658536585366
41,1.0,0.8,20260811,0.44,0.74,0.01,0.0,9,0.6097560975609756
41,1.0,0.8,20260811,0.43500000000000005,0.7025,0.01,0.0,9,0.6097560975609756
41,1.0,0.8,20260811,0.5833333333333334,0.7557471264367815,0.01,0.0,9,0.7073170731707317
41,1.0,0.8,20260811,0.475,0.75625,0.1,0.5,1,0.6097560975609756
41,1.0,0.8,20260811,0.51,0.6575,0.1,0.5,1,0.6097560975609756
41,1.0,0.8,20260811,0.21025641025641026,0.6974358974358974,0.01,0.0,9,0.6341463414634146
41,1.0,0.8,20260811,0.3671497584541063,0.6908212560386474,0.1,0.5,1,0.5609756097560976
41,1.0,0.8,20260811,0.8125,0.95,1.0,0.0,9,0.6097560975609756
41,1.0,0.8,20260811,0.6483516483516484,0.7939560439560439,0.01,0.0,9,0.6829268292682927
41,1.0,0.8,20260811,0.5980861244019139,0.7655502392344498,0.01,0.0,9,0.5365853658536586
41,1.0,0.8,20260811,0.4880382775119617,0.7177033492822966,0.01,0.0,9,0.4634146341463415
41,1.0,0.8,20260811,0.5700000000000001,0.9425,1.0,0.0,9,0.6097560975609756
41,1.0,0.8,20260811,0.59,0.8049999999999999,0.1,0.5,3,0.6097560975609756
41,1.0,0.8,20260811,0.57,0.7175,0.01,0.0,9,0.6097560975609756
41,1.0,0.8,20260811,0.4100529100529101,0.6375661375661374,0.01,0.0,9,0.6585365853658537
41,1.0,0.8,20260811,0.505,0.7312500000000001,0.1,0.5,1,0.6097560975609756
41,1.0,0.8,20260811,0.4227053140096618,0.7173913043478262,0.01,0.0,9,0.5609756097560976
41,1.0,0.8,20260811,0.3571428571428572,0.664021164021164,0.01,0.0,9,0.6585365853658537
41,1.0,0.8,20260811,0.53,0.715,0.01,0.0,9,0.6097560975609756
41,1.0,0.8,20260811,0.75,0.9340277777777778,1.0,0.5,8,0.7804878048780488
41,1.0,0.8,20260811,0.5548387096774194,0.7564516129032258,0.1,0.5,2,0.7560975609756098
41,1.0,0.8,20260811,0.6825396825396826,0.8333333333333334,0.01,0.0,9,0.6585365853658537
41,1.0,0.8,20260811,0.42528735632183906,0.6982758620689655,0.01,0.0,9,0.7073170731707317
41,1.0,0.8,20260811,0.6880952380952381,0.8642857142857142,0.1,0.0,9,0.4878048780487805
41,1.0,0.8,20260811,0.6304347826086957,0.7898550724637682,0.1,0.0,9,0.5609756097560976
41,1.0,0.8,20260811,0.6887254901960784,0.7965686274509803,0.01,0.0,9,0.4146341463414634
41,1.0,0.8,20260811,0.6870967741935484,0.9290322580645161,1.0,0.0,9,0.7560975609756098
41,1.0,0.8,20260811,0.5358851674641147,0.7320574162679426,0.1,0.0,9,0.5365853658536586
41,1.0,0.8,20260811,0.41954022988505746,0.5,0.01,0.5,0,0.7073170731707317
41,1.0,0.8,20260811,0.5603448275862069,0.75,0.1,0.0,9,0.7073170731707317
41,1.0,0.8,20260811,0.5,0.8153846153846154,1.0,1.0,9,0.6341463414634146
41,1.0,0.8,20260811,0.40441176470588236,0.7867647058823529,1.0,0.0,9,0.5853658536585366
41,1.0,0.8,20260811,0.7181372549019608,0.8774509803921567,0.1,0.0,9,0.5853658536585366
41,1.0,0.8,20260811,0.5205128205128206,0.7641025641025642,0.01,0.0,9,0.6341463414634146
41,1.0,0.8,20260811,0.3502415458937198,0.642512077294686,0.01,0.0,9,0.5609756097560976
41,1.0,0.8,20260811,0.6523809523809523,0.7904761904761904,0.01,0.0,9,0.5121951219512195
41,1.0,0.8,20260811,0.26750000000000007,0.5,0.01,0.5,0,0.6097560975609756
41,1.0,0.8,20260811,0.30303030303030304,0.6636363636363636,0.01,0.0,9,0.7317073170731707
41,1.0,0.8,20260811,0.3487179487179487,0.6641025641025641,0.01,0.0,9,0.6341463414634146
41,1.0,0.8,20260811,0.6770334928229665,0.8205741626794258,0.1,0.5,3,0.5365853658536586
41,1.0,0.8,20260811,0.4010989010989011,0.6565934065934066,0.01,0.0,9,0.6829268292682927
41,1.0,0.8,20260811,0.665,0.7999999999999999,0.01,0.0,9,0.6097560975609756
41,1.0,0.8,20260811,0.36774193548387096,0.7258064516129032,0.01,0.0,9,0.7560975609756098
41,1.0,0.8,20260811,0.42307692307692313,0.7390109890109889,0.01,0.0,9,0.6829268292682927
41,1.0,0.8,20260811,0.7745098039215685,0.8725490196078431,0.1,0.5,4,0.5853658536585366
41,1.0,0.8,20260811,0.6029411764705883,0.5,0.01,0.5,0,0.5853658536585366
41,1.0,0.8,20260811,0.5410256410256411,0.7282051282051283,0.01,0.0,9,0.6341463414634146
41,1.0,0.8,20260811,0.735,0.84,0.1,0.5,3,0.6097560975609756
41,1.0,0.8,20260811,0.5247252747252746,0.7060439560439561,0.01,0.0,9,0.6829268292682927
41,1.0,0.8,20260811,0.3677248677248677,0.7433862433862434,0.1,0.5,1,0.6585365853658537
41,1.0,0.8,20260811,0.7205128205128206,0.8717948717948718,0.1,0.5,5,0.6341463414634146
41,1.0,0.8,20260811,0.596153846153846,0.7747252747252747,0.1,0.5,1,0.6829268292682927
41,1.0,0.8,20260811,0.7352941176470589,0.9019607843137255,1.0,0.0,9,0.5853658536585366
41,1.0,0.8,20260811,0.49137931034482757,0.8218390804597702,1.0,0.5,6,0.7073170731707317
41,1.0,0.8,20260811,0.42822966507177035,0.7918660287081339,1.0,0.0,9,0.5365853658536586
41,1.0,0.8,20260811,0.6128205128205129,0.8282051282051283,0.01,0.0,9,0.6341463414634146
41,1.0,0.8,20260811,0.4252873563218391,0.7471264367816093,0.1,0.0,9,0.7073170731707317
41,1.0,0.8,20260811,0.505,0.7124999999999999,0.01,0.0,9,0.6097560975609756
41,1.0,0.8,20260811,0.34750000000000003,0.675,0.01,0.0,9,0.6097560975609756
41,1.0,0.8,20260811,0.3692307692307692,0.6846153846153846,0.01,0.0,9,0.6341463414634146
41,1.0,0.8,20260811,0.6978021978021978,0.8324175824175823,0.01,0.0,9,0.6829268292682927
41,1.0,0.8,20260811,0.735897435897436,0.8564102564102565,0.01,0.0,9,0.6341463414634146
41,1.0,0.8,20260811,0.656084656084656,0.8253968253968254,0.1,0.0,9,0.6585365853658537
41,1.0,0.8,20260811,0.5142857142857142,0.7178571428571429,0.1,0.5,1,0.4878048780487805
41,1.0,0.8,20260811,0.39285714285714285,0.7107142857142856,0.1,0.5,1,0.5121951219512195
41,1.0,0.8,20260811,0.5158730158730158,0.7222222222222222,0.01,0.0,9,0.6585365853658537
41,1.0,0.8,20260811,0.6063218390804598,0.7816091954022988,0.01,0.0,9,0.7073170731707317
41,1.0,0.8,20260811,0.49516908212560384,0.7028985507246377,0.01,0.0,9,0.5609756097560976
41,1.0,0.8,20260811,0.7384615384615385,0.9025641025641026,1.0,0.0,9,0.6341463414634146
41,1.0,0.8,20260811,0.46031746031746035,0.6931216931216931,0.01,0.0,9,0.6585365853658537
41,1.0,0.8,20260811,0.5717703349282297,0.8444976076555024,1.0,0.5,7,0.5365853658536586
41,1.0,0.8,20260811,0.2692307692307692,0.804945054945055,1.0,1.0,6,0.6829268292682927
41,1.0,0.8,20260811,0.5976190476190476,0.7738095238095238,0.1,0.0,9,0.4878048780487805
41,1.0,0.8,20260811,0.5219780219780219,0.7252747252747253,0.01,0.0,9,0.6829268292682927
41,1.0,0.8,20260811,0.4758454106280193,0.7101449275362319,0.01,0.0,9,0.5609756097560976
41,1.0,0.8,20260811,0.39010989010989006,0.5,0.01,0.5,0,0.6829268292682927
41,1.0,0.8,20260811,0.47527472527472525,0.6923076923076923,0.01,0.0,9,0.6829268292682927
41,1.0,0.8,20260811,0.5772946859903382,0.7632850241545893,0.1,0.5,4,0.5609756097560976
41,1.0,0.8,20260811,0.47,0.77,0.1,0.5,2,0.6097560975609756
41,1.0,0.8,20260811,0.7417582417582418,0.9093406593406593,1.0,1.0,5,0.6829268292682927
41,1.0,0.8,20260811,0.7294685990338163,0.8526570048309179,0.01,0.0,9,0.43902439024390244
41,1.0,0.8,20260811,0.645,0.8049999999999999,0.1,0.0,9,0.6097560975609756
41,1.0,0.8,20260811,0.6736111111111112,0.8402777777777778,0.1,0.5,2,0.7804878048780488
41,1.0,0.8,20260811,0.611111111111111,0.7764550264550265,0.1,0.5,2,0.6585365853658537
41,1.0,0.8,20260811,0.46560846560846564,0.7208994708994709,0.1,0.5,2,0.6585365853658537
41,1.0,0.8,20260811,0.7248677248677248,0.8095238095238095,0.01,0.0,9,0.6585365853658537
41,1.0,0.8,20260811,0.4685990338164251,0.7801932367149759,1.0,1.0,5,0.5609756097560976
41,1.0,0.8,20260811,0.5980861244019139,0.7799043062200957,0.1,0.5,3,0.5365853658536586
41,1.0,0.8,20260811,0.38405797101449274,0.7560386473429952,0.1,0.0,9,0.5609756097560976
41,1.0,0.8,20260811,0.6693121693121693,0.8597883597883598,0.1,0.5,3,0.6585365853658537
41,1.0,0.8,20260811,0.7575000000000001,0.9225,1.0,0.0,9,0.6097560975609756
41,1.0,0.8,20260811,0.582051282051282,0.7794871794871796,0.1,0.0,9,0.6341463414634146
41,1.0,0.8,20260811,0.5256410256410257,0.8256410256410256,1.0,0.5,8,0.6341463414634146
41,1.0,0.8,20260811,0.5406698564593302,0.7679425837320575,0.1,0.5,3,0.5365853658536586
41,1.0,0.8,20260811,0.5375000000000001,0.7150000000000001,0.01,0.0,9,0.6097560975609756
41,1.0,0.8,20260811,0.715,0.8525,0.1,0.0,9,0.6097560975609756
41,1.0,0.8,20260811,0.6384615384615385,0.8743589743589743,1.0,0.0,9,0.6341463414634146
41,1.0,0.8,20260811,0.8354838709677419,0.9548387096774194,0.1,0.5,6,0.7560975609756098
41,1.0,0.8,20260811,0.635,0.8475,1.0,0.5,7,0.6097560975609756
41,1.0,0.8,20260811,0.45588235294117646,0.7181372549019607,0.01,0.0,9,0.5853658536585366
41,1.0,0.8,20260811,0.7175,0.8999999999999999,1.0,1.0,6,0.6097560975609756
41,1.0,0.8,20260811,0.6714975845410628,0.8574879227053139,1.0,0.5,7,0.5609756097560976
41,1.0,0.8,20260811,0.4393939393939394,0.8484848484848485,1.0,0.0,9,0.8048780487804879
41,1.0,0.8,20260811,0.6023809523809525,0.7785714285714286,0.1,0.5,3,0.4878048780487805
41,1.0,0.8,20260811,0.8256410256410256,0.941025641025641,1.0,0.5,7,0.6341463414634146
41,1.0,0.8,20260811,0.7393939393939394,0.8318181818181818,0.1,0.5,2,0.7317073170731707
41,1.0,0.8,20260811,0.7417582417582417,0.903846153846154,1.0,1.0,4,0.6829268292682927
41,1.0,0.8,20260811,0.7004830917874396,0.891304347826087,1.0,1.0,5,0.5609756097560976
41,1.0,0.8,20260811,0.5416666666666667,0.6985294117647058,0.01,0.0,9,0.5853658536585366
41,1.0,0.8,20260811,0.6806451612903225,0.8516129032258065,0.01,0.0,9,0.7560975609756098
41,1.0,0.8,20260811,0.716931216931217,0.8862433862433863,1.0,0.0,9,0.6585365853658537
41,1.0,0.8,20260811,0.7990196078431372,0.9068627450980392,1.0,0.5,6,0.5853658536585366
41,1.0,0.8,20260811,0.6120689655172414,0.8218390804597702,0.01,0.0,9,0.7073170731707317
41,1.0,0.8,20260811,0.5214285714285715,0.7238095238095238,0.01,0.0,9,0.5121951219512195
41,1.0,0.8,20260811,0.5404761904761904,0.7571428571428572,0.1,0.0,9,0.4878048780487805
41,1.0,0.8,20260811,0.37643678160919536,0.6925287356321839,0.01,0.0,9,0.7073170731707317
41,1.0,0.8,20260811,0.45151515151515154,0.8424242424242424,1.0,0.0,9,0.7317073170731707
41,1.0,0.8,20260811,0.6925,0.84,0.1,0.5,3,0.6097560975609756
41,1.0,0.8,20260811,0.6810344827586207,0.8017241379310345,0.01,0.0,9,0.7073170731707317
41,1.0,0.8,20260811,0.6358974358974359,0.7615384615384615,0.1,0.5,1,0.6341463414634146
41,1.0,0.8,20260811,0.5928571428571429,0.7821428571428571,0.1,0.5,2,0.5121951219512195
41,1.0,0.8,20260811,0.5096774193548387,0.8193548387096775,0.1,0.5,2,0.7560975609756098
41,1.0,0.8,20260811,0.5201149425287356,0.7298850574712643,0.01,0.0,9,0.7073170731707317
41,1.0,0.8,20260811,0.765,0.8625,0.01,0.0,9,0.6097560975609756
41,1.0,0.8,20260811,0.7124999999999999,0.8325,0.01,0.0,9,0.6097560975609756
41,1.0,0.8,20260811,0.6825,0.8625,0.1,0.0,9,0.6097560975609756
41,1.0,0.8,20260811,0.7705314009661836,0.9106280193236715,1.0,0.0,9,0.5609756097560976
41,1.0,0.8,20260811,0.29894179894179895,0.6957671957671957,0.01,0.0,9,0.6585365853658537
41,1.0,0.8,20260811,0.13526570048309178,0.8115942028985508,1.0,0.0,9,0.43902439024390244
41,1.0,0.8,20260811,0.4615384615384615,0.7115384615384616,0.1,0.5,1,0.6829268292682927
41,1.0,0.8,20260811,0.4224137931034483,0.7270114942528736,0.1,0.5,1,0.7073170731707317
41,1.0,0.8,20260811,0.5079365079365079,0.746031746031746,0.01,0.0,9,0.6585365853658537
41,1.0,0.8,20260811,0.6593137254901961,0.7745098039215687,0.01,0.0,9,0.5853658536585366
41,1.0,0.8,20260811,0.5263157894736842,0.7177033492822967,1.0,1.0,6,0.5365853658536586
41,1.0,0.8,20260811,0.215311004784689,0.5,0.01,0.5,0,0.5365853658536586
41,1.0,0.8,20260811,0.5494505494505494,0.7362637362637363,0.01,0.0,9,0.6829268292682927
41,1.0,0.8,20260811,0.7657004830917874,0.857487922705314,0.1,0.5,2,0.5609756097560976
41,1.0,0.8,20260811,0.4338235294117647,0.6862745098039216,0.01,0.0,9,0.5853658536585366
41,1.0,0.8,20260811,0.3259803921568627,0.7659313725490196,0.1,0.5,2,0.5853658536585366
41,1.0,0.8,20260811,0.5151515151515151,0.7606060606060606,0.01,0.0,9,0.7317073170731707
41,1.0,0.8,20260811,0.3434065934065934,0.7335164835164835,0.01,0.0,9,0.6829268292682927
41,1.0,0.8,20260811,0.7250000000000001,0.8374999999999999,0.1,0.5,3,0.6097560975609756
41,1.0,0.8,20260811,0.7318840579710145,0.859903381642512,1.0,1.0,5,0.5609756097560976
41,1.0,0.8,20260811,0.6346153846153847,0.7417582417582418,0.01,0.0,9,0.6829268292682927
41,1.0,0.8,20260811,0.48677248677248675,0.7063492063492063,0.01,0.0,9,0.6585365853658537
41,1.0,0.8,20260811,0.41666666666666663,0.6887254901960784,0.1,0.5,1,0.4146341463414634
41,1.0,0.8,20260811,0.4126984126984127,0.6613756613756613,0.01,0.0,9,0.6585365853658537
41,1.0,0.8,20260811,0.5700000000000001,0.8425,1.0,0.5,6,0.6097560975609756
41,1.0,0.8,20260811,0.5076923076923077,0.7538461538461538,0.1,0.0,9,0.6341463414634146
41,1.0,0.8,20260811,0.4121212121212121,0.7636363636363637,0.1,0.0,9,0.7317073170731707
41,1.0,0.8,20260811,0.5396825396825398,0.753968253968254,0.1,0.5,3,0.6585365853658537
41,1.0,0.8,20260811,0.5555555555555556,0.7671957671957672,0.1,0.5,2,0.6585365853658537
41,1.0,0.8,20260811,0.3709677419354839,0.7129032258064516,0.01,0.0,9,0.7560975609756098
41,1.0,0.8,20260811,0.5603864734299517,0.7198067632850241,0.01,0.0,9,0.5609756097560976
41,1.0,0.8,20260811,0.5928571428571429,0.7583333333333333,0.1,0.5,2,0.5121951219512195
41,1.0,0.8,20260811,0.8256410256410256,0.9141025641025641,0.1,1.0,1,0.6341463414634146
41,1.0,0.8,20260811,0.518939393939394,0.7462121212121212,0.01,0.0,9,0.8048780487804879
41,1.0,0.8,20260811,0.6568627450980392,0.8455882352941176,0.1,0.0,9,0.5853658536585366
41,1.0,0.8,20260811,0.7087912087912088,0.8516483516483516,0.01,0.0,9,0.6829268292682927
41,1.0,0.8,20260811,0.4717948717948718,0.7051282051282051,0.01,0.0,9,0.6341463414634146
41,1.0,0.8,20260811,0.5538461538461539,0.7410256410256411,0.01,0.0,9,0.6341463414634146
41,1.0,0.8,20260811,0.6739130434782609,0.8502415458937198,0.1,0.0,9,0.5609756097560976
41,1.0,0.8,20260811,0.6594202898550725,0.7657004830917875,0.01,0.0,9,0.5609756097560976
41,1.0,0.8,20260811,0.6349206349206349,0.7883597883597884,0.1,0.5,2,0.6585365853658537
41,1.0,0.8,20260811,0.675,0.8574999999999999,0.1,0.0,9,0.6097560975609756
41,1.0,0.8,20260811,0.6648351648351648,0.8846153846153846,1.0,0.0,9,0.6829268292682927
41,1.0,0.8,20260811,0.2857142857142857,0.75,1.0,0.0,9,0.6829268292682927
41,1.0,0.8,20260811,0.5,0.7622549019607843,1.0,1.0,6,0.5853658536585366
41,1.0,0.8,20260811,0.5333333333333333,0.7357142857142858,0.01,0.0,9,0.4878048780487805
41,1.0,0.8,20260811,0.6813725490196079,0.8112745098039216,0.01,0.0,9,0.5853658536585366
41,1.0,0.8,20260811,0.11538461538461536,0.6025641025641026,0.01,0.0,9,0.6341463414634146
41,1.0,0.8,20260811,0.47857142857142854,0.8119047619047619,0.1,0.0,9,0.5121951219512195
41,1.0,0.8,20260811,0.34195402298850575,0.5,0.01,0.5,0,0.7073170731707317
41,1.0,0.8,20260811,0.7175,0.9325,1.0,0.0,9,0.6097560975609756
41,1.0,0.8,20260811,0.9099999999999999,0.9375,0.01,0.0,9,0.6097560975609756
41,1.0,0.8,20260811,0.33076923076923076,0.6641025641025641,0.01,0.0,9,0.6341463414634146
41,1.0,0.8,20260811,0.735897435897436,0.8358974358974359,0.01,0.0,9,0.6341463414634146
41,1.0,0.8,20260811,0.701388888888889,0.8940972222222223,0.1,0.5,2,0.7804878048780488
41,1.0,0.8,20260811,0.5102564102564102,0.7846153846153846,1.0,0.5,7,0.6341463414634146
41,1.0,0.8,20260811,0.6206896551724138,0.8850574712643678,1.0,0.5,9,0.7073170731707317
41,1.0,0.8,20260811,0.7242424242424242,0.8575757575757575,1.0,1.0,5,0.7317073170731707
41,1.0,0.8,20260811,0.5869565217391305,0.7560386473429952,0.1,0.5,4,0.5609756097560976
41,1.0,0.8,20260811,0.7034313725490196,0.8235294117647058,0.1,0.0,9,0.5853658536585366
41,1.0,0.8,20260811,0.478021978021978,0.7087912087912087,0.01,0.0,9,0.6829268292682927
41,1.0,0.8,20260811,0.49047619047619045,0.6833333333333333,0.01,0.0,9,0.5121951219512195
41,1.0,0.8,20260811,0.6531100478468901,0.7655502392344498,0.1,0.0,9,0.5365853658536586
41,1.0,0.8,20260811,0.7205882352941176,0.821078431372549,0.01,0.0,9,0.5853658536585366
41,1.0,0.8,20260811,0.5333333333333334,0.8153846153846154,0.1,0.0,9,0.6341463414634146
41,1.0,0.8,20260811,0.4775,0.8025,0.1,0.0,9,0.6097560975609756
41,1.0,0.8,20260811,0.625,0.78,0.01,0.0,9,0.6097560975609756
41,1.0,0.8,20260811,0.5441176470588236,0.7377450980392157,0.1,0.5,2,0.5853658536585366
41,1.0,0.8,20260811,0.4124999999999999,0.7362500000000001,0.1,0.5,2,0.6097560975609756
41,1.0,0.8,20260811,0.6757575757575758,0.8121212121212121,0.01,0.0,9,0.7317073170731707
41,1.0,0.8,20260811,0.25603864734299514,0.6231884057971014,0.01,0.0,9,0.5609756097560976
41,1.0,0.8,20260811,0.6428571428571428,0.7883597883597884,0.01,0.0,9,0.6585365853658537
41,1.0,0.8,20260811,0.7463768115942029,0.8888888888888888,1.0,1.0,6,0.5609756097560976
41,1.0,0.8,20260811,0.4774999999999999,0.735,0.1,0.0,9,0.6097560975609756
41,1.0,0.8,20260811,0.39215686274509803,0.6740196078431373,0.01,0.0,9,0.5853658536585366
41,1.0,0.8,20260811,0.5775862068965517,0.7557471264367815,0.01,0.0,9,0.7073170731707317
41,1.0,0.8,20260811,0.6153846153846154,0.7884615384615385,0.01,0.0,9,0.6829268292682927
41,1.0,0.8,20260811,0.5142857142857142,0.7119047619047618,0.01,0.0,9,0.5121951219512195
41,1.0,0.8,20260811,0.6545454545454545,0.8030303030303031,0.1,0.0,9,0.7317073170731707
41,1.0,0.8,20260811,0.2922705314009662,0.5845410628019323,0.01,0.0,9,0.5609756097560976
41,1.0,0.8,20260811,0.4798850574712644,0.7873563218390804,0.1,0.0,9,0.7073170731707317
41,1.0,0.8,20260811,0.6,0.8358974358974359,0.1,0.0,9,0.6341463414634146
41,1.0,0.8,20260811,0.7923076923076924,0.8641025641025641,0.1,0.0,9,0.6341463414634146
41,1.0,0.8,20260811,0.5467032967032966,0.7362637362637362,0.01,0.0,9,0.6829268292682927
41,1.0,0.8,20260811,0.6300000000000001,0.855,1.0,0.0,9,0.6097560975609756
41,1.0,0.8,20260811,0.641025641025641,0.7974358974358975,0.01,0.0,9,0.6341463414634146
41,1.0,0.8,20260811,0.5900000000000001,0.745,0.1,0.5,2,0.6097560975609756
41,1.0,0.8,20260811,0.3571428571428571,0.6693121693121693,0.01,0.0,9,0.6585365853658537
41,1.0,0.8,20260811,0.708133971291866,0.8397129186602871,0.1,0.0,9,0.4634146341463415
41,1.0,0.8,20260811,0.7645502645502645,0.8306878306878307,0.01,0.0,9,0.6585365853658537
41,1.0,0.8,20260811,0.4121212121212121,0.7484848484848484,0.01,0.0,9,0.7317073170731707
41,1.0,0.8,20260811,0.8,0.8666666666666667,0.1,0.5,4,0.6341463414634146
41,1.0,0.8,20260811,0.8042328042328042,0.8835978835978836,0.1,0.0,9,0.6585365853658537
41,1.0,0.8,20260811,0.5608465608465608,0.7671957671957672,0.1,0.5,2,0.6585365853658537
41,1.0,0.8,20260811,0.5548387096774193,0.7483870967741935,0.01,0.0,9,0.7560975609756098
41,1.0,0.8,20260811,0.2246376811594203,0.5,0.01,0.5,0,0.5609756097560976
41,1.0,0.8,20260811,0.40804597701149425,0.6896551724137931,0.01,0.0,9,0.7073170731707317
41,1.0,0.8,20260811,0.7150000000000001,0.84,0.1,0.5,3,0.6097560975609756
41,1.0,0.8,20260811,0.6333333333333333,0.8196969696969697,0.1,0.5,1,0.7317073170731707
41,1.0,0.8,20260811,0.7328431372549019,0.8553921568627451,0.1,0.5,5,0.5853658536585366
41,1.0,0.8,20260811,0.5612903225806452,0.7387096774193549,0.01,0.0,9,0.7560975609756098
41,1.0,0.8,20260811,0.5978835978835979,0.8306878306878306,0.01,0.0,9,0.6585365853658537
41,1.0,0.8,20260811,0.2664835164835164,0.7692307692307693,1.0,1.0,6,0.6829268292682927
41,1.0,0.8,20260811,0.6637931034482758,0.8620689655172413,0.1,0.5,2,0.7073170731707317
41,1.0,0.8,20260811,0.6897435897435897,0.8846153846153846,1.0,0.5,6,0.6341463414634146
41,1.0,0.8,20260811,0.466183574879227,0.71256038647343,0.01,0.0,9,0.5609756097560976
41,1.0,0.8,20260811,0.5096618357487923,0.8333333333333333,1.0,0.5,9,0.5609756097560976
41,1.0,0.8,20260811,0.8025641025641026,0.9051282051282051,0.1,0.5,3,0.6341463414634146
41,1.0,0.8,20260811,0.26436781609195403,0.6695402298850575,0.01,0.0,9,0.7073170731707317
41,1.0,0.8,20260811,0.5661375661375662,0.8597883597883598,1.0,0.0,9,0.6585365853658537
41,1.0,0.8,20260811,0.642156862745098,0.803921568627451,0.1,0.0,9,0.5853658536585366
41,1.0,0.8,20260811,0.6319444444444445,0.8194444444444444,0.1,0.0,9,0.7804878048780488
41,1.0,0.8,20260811,0.6384615384615384,0.8461538461538461,1.0,1.0,6,0.6341463414634146
41,1.0,0.8,20260811,0.6400966183574879,0.8285024154589372,0.01,0.0,9,0.5609756097560976
41,1.0,0.8,20260811,0.2614942528735632,0.7097701149425287,0.1,0.5,1,0.7073170731707317
41,1.0,0.8,20260811,0.5942028985507246,0.7536231884057971,0.01,0.0,9,0.5609756097560976
41,1.0,0.8,20260811,0.6957671957671957,0.8359788359788359,0.01,0.0,9,0.6585365853658537
41,1.0,0.8,20260811,0.3994252873563219,0.7183908045977012,0.01,0.0,9,0.7073170731707317
41,1.0,0.8,20260811,0.3575757575757576,0.6606060606060606,0.01,0.0,9,0.7317073170731707
41,1.0,0.8,20260811,0.6016483516483516,0.8406593406593407,1.0,1.0,4,0.6829268292682927
41,1.0,0.8,20260811,0.5517241379310345,0.8362068965517242,0.1,0.5,3,0.7073170731707317
41,1.0,0.8,20260811,0.6495098039215687,0.8406862745098039,0.1,0.5,4,0.5853658536585366
41,1.0,0.8,20260811,0.676470588235294,0.7242647058823529,0.1,0.5,1,0.5853658536585366
41,1.0,0.8,20260811,0.7149758454106281,0.7850241545893719,0.01,0.0,9,0.5609756097560976
41,1.0,0.8,20260811,0.7679425837320575,0.9425837320574162,1.0,1.0,8,0.5365853658536586
41,1.0,0.8,20260811,0.7564102564102564,0.841025641025641,0.01,0.0,9,0.6341463414634146
41,1.0,0.8,20260811,0.6692307692307693,0.8102564102564103,0.01,0.0,9,0.6341463414634146
41,1.0,0.8,20260811,0.5550239234449761,0.7822966507177033,0.01,0.0,9,0.5365853658536586
41,1.0,0.8,20260811,0.47619047619047616,0.7714285714285714,1.0,1.0,5,0.5121951219512195
41,1.0,0.8,20260811,0.6005291005291006,0.8280423280423281,0.1,0.0,9,0.6585365853658537
41,1.0,0.8,20260811,0.6925287356321839,0.8448275862068965,0.01,0.0,9,0.7073170731707317
41,1.0,0.8,20260811,0.5241545893719808,0.7173913043478262,0.01,0.0,9,0.5609756097560976
41,1.0,0.8,20260811,0.4411764705882353,0.8137254901960784,1.0,0.0,9,0.5853658536585366
41,1.0,0.8,20260811,0.4761904761904762,0.7047619047619048,0.01,0.0,9,0.4878048780487805
41,1.0,0.8,20260811,0.5549999999999999,0.75,0.01,0.0,9,0.6097560975609756
41,1.0,0.8,20260811,0.5857142857142857,0.8107142857142857,0.1,0.5,2,0.4878048780487805
41,1.0,0.8,20260811,0.5096618357487923,0.7560386473429952,0.01,0.0,9,0.5609756097560976
41,1.0,0.8,20260811,0.5531400966183575,0.8429951690821256,1.0,0.0,9,0.5609756097560976
41,1.0,0.8,20260811,0.6216931216931216,0.7751322751322751,0.01,0.0,9,0.6585365853658537
41,1.0,0.8,20260811,0.39473684210526316,0.6985645933014355,0.01,0.0,9,0.5365853658536586
41,1.0,0.8,20260811,0.4618055555555555,0.6631944444444444,0.01,0.0,9,0.7804878048780488
41,1.0,0.8,20260811,0.4855072463768116,0.7270531400966184,0.01,0.0,9,0.5609756097560976
41,1.0,0.8,20260811,0.6126373626373627,0.8571428571428571,0.1,0.0,9,0.6829268292682927
41,1.0,0.8,20260811,0.49230769230769234,0.7423076923076923,0.1,0.5,2,0.6341463414634146
41,1.0,0.8,20260811,0.4325,0.7025,0.01,0.0,9,0.6097560975609756
41,1.0,0.8,20260811,0.5269607843137255,0.7794117647058822,0.1,0.5,2,0.5853658536585366
41,1.0,0.8,20260811,0.7254901960784313,0.8431372549019608,0.1,0.0,9,0.5853658536585366
41,1.0,0.8,20260811,0.41911764705882354,0.6568627450980392,0.01,0.0,9,0.5853658536585366
41,1.0,0.8,20260811,0.5441176470588236,0.7426470588235294,0.01,0.0,9,0.5853658536585366
41,1.0,0.8,20260811,0.2966507177033493,0.6555023923444976,0.01,0.0,9,0.5365853658536586
41,1.0,0.8,20260811,0.7222222222222222,0.8680555555555556,0.1,0.0,9,0.7804878048780488
41,1.0,0.8,20260811,0.6224999999999999,0.7550000000000001,0.01,0.0,9,0.6097560975609756
41,1.0,0.8,20260811,0.6263736263736264,0.7582417582417582,0.01,0.0,9,0.6829268292682927
41,1.0,0.8,20260811,0.3492063492063492,0.6534391534391535,0.01,0.0,9,0.6585365853658537
41,1.0,0.8,20260811,0.4897435897435898,0.7153846153846154,0.1,0.5,1,0.6341463414634146
41,1.0,0.8,20260811,0.7258064516129032,0.8709677419354839,1.0,1.0,4,0.7560975609756098
41,1.0,0.8,20260811,0.6960784313725491,0.8259803921568628,0.01,0.0,9,0.5853658536585366
41,1.0,0.8,20260811,0.6380952380952382,0.8357142857142856,1.0,0.0,9,0.4878048780487805
41,1.0,0.8,20260811,0.45151515151515154,0.696969696969697,0.01,0.0,9,0.7317073170731707
41,1.0,0.8,20260811,0.8615384615384616,0.9128205128205128,0.1,0.5,3,0.6341463414634146
41,1.0,0.8,20260811,0.3923444976076555,0.7117224880382775,0.1,0.5,1,0.5365853658536586
41,1.0,0.8,20260811,0.6531100478468899,0.8492822966507177,1.0,1.0,4,0.5365853658536586
41,1.0,0.8,20260811,0.489010989010989,0.739010989010989,1.0,0.5,8,0.6829268292682927
41,1.0,0.8,20260811,0.54,0.7875,0.1,0.5,3,0.6097560975609756
41,1.0,0.8,20260811,0.7612903225806451,0.932258064516129,1.0,0.0,9,0.7560975609756098
41,1.0,0.8,20260811,0.6111111111111112,0.8333333333333334,0.1,0.5,2,0.7804878048780488
41,0.5,0.0,20260811,0.535,0.8049999999999999,1.0,0.0,9,0.6097560975609756
41,0.5,0.0,20260811,0.49230769230769234,0.7128205128205128,0.1,0.5,1,0.6341463414634146
41,0.5,0.0,20260811,0.43681318681318676,0.5,0.01,0.5,0,0.6829268292682927
41,0.5,0.0,20260811,0.5343915343915344,0.873015873015873,1.0,0.0,9,0.6585365853658537
41,0.5,0.0,20260811,0.39285714285714285,0.819047619047619,1.0,0.0,9,0.4878048780487805
41,0.5,0.0,20260811,0.3615384615384616,0.6435897435897435,0.01,0.0,9,0.6341463414634146
41,0.5,0.0,20260811,0.48000000000000004,0.8025,0.1,0.0,9,0.6097560975609756
41,0.5,0.0,20260811,0.27696078431372545,0.5,0.01,0.5,0,0.5853658536585366
41,0.5,0.0,20260811,0.28500000000000003,0.6525,0.01,0.0,9,0.6097560975609756
41,0.5,0.0,20260811,0.3681318681318681,0.5,0.01,0.5,0,0.6829268292682927
41,0.5,0.0,20260811,0.23563218390804597,0.5,0.01,0.5,0,0.7073170731707317
41,0.5,0.0,20260811,0.2822966507177034,0.5,0.01,0.5,0,0.5365853658536586
41,0.5,0.0,20260811,0.46264367816091956,0.7873563218390804,0.01,0.0,9,0.7073170731707317
41,0.5,0.0,20260811,0.277511961722488,0.5,0.01,0.5,0,0.5365853658536586
41,0.5,0.0,20260811,0.245,0.775,1.0,0.0,9,0.6097560975609756
41,0.5,0.0,20260811,0.5128205128205128,0.7153846153846154,0.01,0.0,9,0.6341463414634146
41,0.5,0.0,20260811,0.5846560846560847,0.7751322751322751,0.1,0.0,9,0.6585365853658537
41,0.5,0.0,20260811,0.17500000000000002,0.675,0.01,0.0,9,0.6097560975609756
41,0.5,0.0,20260811,0.1565934065934066,0.782967032967033,1.0,0.0,9,0.6829268292682927
41,0.5,0.0,20260811,0.3375,0.5,0.01,0.5,0,0.6097560975609756
41,0.5,0.0,20260811,0.5615384615384615,0.7717948717948717,0.01,0.0,9,0.6341463414634146
41,0.5,0.0,20260811,0.2413793103448276,0.7701149425287357,0.1,0.0,9,0.7073170731707317
41,0.5,0.0,20260811,0.456043956043956,0.8076923076923077,0.1,0.0,9,0.6829268292682927
41,0.5,0.0,20260811,0.4032258064516129,0.732258064516129,0.01,0.0,9,0.7560975609756098
41,0.5,0.0,20260811,0.45454545454545453,0.7799043062200957,0.1,0.0,9,0.5365853658536586
41,0.5,0.0,20260811,0.34375,0.7152777777777779,0.01,0.0,9,0.7804878048780488
41,0.5,0.0,20260811,0.6212121212121212,0.7712121212121212,0.1,0.5,1,0.7317073170731707
41,0.5,0.0,20260811,0.5,0.8362068965517242,1.0,0.0,9,0.7073170731707317
41,0.5,0.0,20260811,0.53125,0.7986111111111109,0.01,0.0,9,0.7804878048780488
41,0.5,0.0,20260811,0.42307692307692313,0.8512820512820513,0.1,0.0,9,0.6341463414634146
41,0.5,0.0,20260811,0.47089947089947093,0.8624338624338624,1.0,0.5,9,0.6585365853658537
41,0.5,0.0,20260811,0.43846153846153846,0.8333333333333334,1.0,0.0,9,0.6341463414634146
41,0.5,0.0,20260811,0.6495098039215685,0.7892156862745099,1.0,1.0,4,0.5853658536585366
41,0.5,0.0,20260811,0.44000000000000006,0.7975,1.0,0.5,7,0.6097560975609756
41,0.5,0.0,20260811,0.45384615384615384,0.7820512820512822,1.0,0.5,6,0.6341463414634146
41,0.5,0.0,20260811,0.3435897435897436,0.5,0.01,0.5,0,0.6341463414634146
41,0.5,0.0,20260811,0.5247252747252746,0.7554945054945055,1.0,1.0,4,0.6829268292682927
41,0.5,0.0,20260811,0.47058823529411764,0.5,0.01,0.5,0,0.5853658536585366
41,0.5,0.0,20260811,0.47619047619047616,0.5,0.01,0.5,0,0.6585365853658537
41,0.5,0.0,20260811,0.26249999999999996,0.5,0.01,0.5,0,0.6097560975609756
41,0.5,0.0,20260811,0.34803921568627455,0.5,0.01,0.5,0,0.5853658536585366
41,0.5,0.0,20260811,0.3823529411764706,0.5,0.01,0.5,0,0.5853658536585366
41,0.5,0.0,20260811,0.7000000000000001,0.87,1.0,1.0,5,0.6097560975609756
41,0.5,0.0,20260811,0.2320574162679426,0.7727272727272727,1.0,1.0,3,0.5365853658536586
41,0.5,0.0,20260811,0.36428571428571427,0.819047619047619,1.0,1.0,8,0.5121951219512195
41,0.5,0.0,20260811,0.3076923076923077,0.5,0.01,0.5,0,0.6341463414634146
41,0.5,0.0,20260811,0.6071428571428572,0.5,0.01,0.5,0,0.4878048780487805
41,0.5,0.0,20260811,0.34195402298850575,0.692528735632184,1.0,0.0,9,0.7073170731707317
41,0.5,0.0,20260811,0.06129032258064515,0.7935483870967742,1.0,1.0,5,0.7560975609756098
41,0.5,0.0,20260811,0.3846153846153846,0.7743589743589744,0.1,0.0,9,0.6341463414634146
41,0.5,0.0,20260811,0.275,0.635,0.01,0.0,9,0.6097560975609756
41,0.5,0.0,20260811,0.40499999999999997,0.6950000000000001,0.01,0.0,9,0.6097560975609756
41,0.5,0.0,20260811,0.2075,0.5,0.01,0.5,0,0.6097560975609756
41,0.5,0.0,20260811,0.6323529411764706,0.8725490196078431,1.0,0.0,9,0.5853658536585366
41,0.5,0.0,20260811,0.25245098039215685,0.8014705882352942,1.0,0.5,7,0.5853658536585366
41,0.5,0.0,20260811,0.43382352941176466,0.6691176470588236,0.1,0.5,1,0.5853658536585366
41,0.5,0.0,20260811,0.25358851674641153,0.7033492822966507,0.01,0.0,9,0.5365853658536586
41,0.5,0.0,20260811,0.18064516129032254,0.5,0.01,0.5,0,0.7560975609756098
41,0.5,0.0,20260811,0.16666666666666666,0.5,0.01,0.5,0,0.5853658536585366
41,0.5,0.0,20260811,0.36666666666666664,0.6025641025641026,0.01,0.0,9,0.6341463414634146
41,0.5,0.0,20260811,0.3666666666666667,0.8153846153846154,1.0,0.0,9,0.6341463414634146
41,0.5,0.0,20260811,0.20249999999999999,0.6325000000000001,0.01,0.0,9,0.6097560975609756
41,0.5,0.0,20260811,0.3397129186602871,0.5,0.01,0.5,0,0.5365853658536586
41,0.5,0.0,20260811,0.24509803921568626,0.5931372549019608,0.01,0.0,9,0.5853658536585366
41,0.5,0.0,20260811,0.37681159420289856,0.5,0.01,0.5,0,0.5609756097560976
41,0.5,0.0,20260811,0.3,0.5,0.01,0.5,0,0.7317073170731707
41,0.5,0.0,20260811,0.2566137566137566,0.5,0.01,0.5,0,0.6585365853658537
41,0.5,0.0,20260811,0.15934065934065933,0.6401098901098902,0.01,0.0,9,0.6829268292682927
41,0.5,0.0,20260811,0.3529411764705882,0.8039215686274509,1.0,0.0,9,0.5853658536585366
41,0.5,0.0,20260811,0.15,0.7375,1.0,0.5,9,0.6097560975609756
41,0.5,0.0,20260811,0.4401913875598086,0.5,0.01,0.5,0,0.4634146341463415
41,0.5,0.0,20260811,0.5023923444976077,0.5,0.01,0.5,0,0.5365853658536586
41,0.5,0.0,20260811,0.5318627450980392,0.8112745098039216,1.0,1.0,4,0.5853658536585366
41,0.5,0.0,20260811,0.5769230769230769,0.8406593406593407,0.1,0.0,9,0.6829268292682927
41,0.5,0.0,20260811,0.434065934065934,0.6923076923076923,0.1,0.0,9,0.6829268292682927
41,0.5,0.0,20260811,0.45502645502645506,0.5,0.01,0.5,0,0.6585365853658537
41,0.5,0.0,20260811,0.611111111111111,0.8285024154589372,0.1,0.0,9,0.5609756097560976
41,0.5,0.0,20260811,0.37878787878787873,0.6757575757575758,0.01,0.0,9,0.7317073170731707
41,0.5,0.0,20260811,0.535897435897436,0.7974358974358974,1.0,0.0,9,0.6341463414634146
41,0.5,0.0,20260811,0.619047619047619,0.7962962962962963,0.1,0.0,9,0.6585365853658537
41,0.5,0.0,20260811,0.38095238095238093,0.5,0.01,0.5,0,0.6585365853658537
41,0.5,0.0,20260811,0.6264367816091955,0.8505747126436781,1.0,0.5,6,0.7073170731707317
41,0.5,0.0,20260811,0.2129032258064516,0.6903225806451614,0.01,0.0,9,0.7560975609756098
41,0.5,0.0,20260811,0.48563218390804597,0.7586206896551724,0.01,0.0,9,0.7073170731707317
41,0.5,0.0,20260811,0.3736263736263736,0.5,0.01,0.5,0,0.6829268292682927
41,0.5,0.0,20260811,0.2,0.5,0.01,0.5,0,0.7317073170731707
41,0.5,0.0,20260811,0.30147058823529416,0.6544117647058824,0.01,0.0,9,0.5853658536585366
41,0.5,0.0,20260811,0.3956043956043956,0.5,0.01,0.5,0,0.6829268292682927
41,0.5,0.0,20260811,0.47435897435897434,0.7128205128205127,0.01,0.0,9,0.6341463414634146
41,0.5,0.0,20260811,0.46031746031746035,0.8174603174603174,1.0,0.5,7,0.6585365853658537
41,0.5,0.0,20260811,0.20606060606060606,0.7545454545454545,0.1,0.0,9,0.7317073170731707
41,0.5,0.0,20260811,0.239010989010989,0.695054945054945,0.01,0.0,9,0.6829268292682927
41,0.5,0.0,20260811,0.3548387096774193,0.832258064516129,1.0,0.0,9,0.7560975609756098
41,0.5,0.0,20260811,0.3290322580645161,0.6903225806451614,0.01,0.0,9,0.7560975609756098
41,0.5,0.0,20260811,0.1818181818181818,0.5,0.01,0.5,0,0.7317073170731707
41,0.5,0.0,20260811,0.5873015873015872,0.8412698412698413,1.0,0.0,9,0.6585365853658537
41,0.5,0.0,20260811,0.42361111111111105,0.5,0.01,0.5,0,0.7804878048780488
41,0.5,0.0,20260811,0.29022988505747127,0.7097701149425287,1.0,1.0,6,0.7073170731707317
41,0.5,0.0,20260811,0.30256410256410254,0.5,0.01,0.5,0,0.6341463414634146
41,0.5,0.0,20260811,0.29411764705882354,0.7475490196078431,1.0,1.0,6,0.5853658536585366
41,0.5,0.0,20260811,0.7377450980392156,0.875,1.0,0.0,9,0.5853658536585366
41,0.5,0.0,20260811,0.258974358974359,0.6641025641025642,0.01,0.0,9,0.6341463414634146
41,0.5,0.0,20260811,0.3875,0.5,0.01,0.5,0,0.6097560975609756
41,0.5,0.0,20260811,0.38461538461538464,0.5,0.01,0.5,0,0.6341463414634146
41,0.5,0.0,20260811,0.11961722488038276,0.8110047846889952,1.0,0.0,9,0.4634146341463415
41,0.5,0.0,20260811,0.2931034482758621,0.5,0.01,0.5,0,0.7073170731707317
41,0.5,0.0,20260811,0.42647058823529416,0.7132352941176471,0.1,0.0,9,0.5853658536585366
41,0.5,0.0,20260811,0.509090909090909,0.5,0.01,0.5,0,0.7317073170731707
41,0.5,0.0,20260811,0.5661375661375662,0.5,0.01,0.5,0,0.6585365853658537
41,0.5,0.0,20260811,0.22946859903381642,0.7512077294685989,1.0,1.0,5,0.5609756097560976
41,0.5,0.0,20260811,0.1867816091954023,0.5,0.01,0.5,0,0.7073170731707317
41,0.5,0.0,20260811,0.5057471264367815,0.8649425287356323,1.0,1.0,7,0.7073170731707317
41,0.5,0.0,20260811,0.3595238095238095,0.75,0.1,0.0,9,0.5121951219512195
41,0.5,0.0,20260811,0.3148148148148148,0.6031746031746033,0.01,0.0,9,0.6585365853658537
41,0.5,0.0,20260811,0.47802197802197804,0.815934065934066,1.0,0.0,9,0.6829268292682927
41,0.5,0.0,20260811,0.49090909090909085,0.8212121212121212,1.0,0.0,9,0.7317073170731707
41,0.5,0.0,20260811,0.41208791208791207,0.5,0.01,0.5,0,0.6829268292682927
41,0.5,0.0,20260811,0.08333333333333333,0.617816091954023,0.01,0.0,9,0.7073170731707317
41,0.5,0.0,20260811,0.7075,0.9325,1.0,0.0,9,0.6097560975609756
41,0.5,0.0,20260811,0.22258064516129028,0.5,0.01,0.5,0,0.7560975609756098
41,0.5,0.0,20260811,0.5169082125603865,0.5,0.01,0.5,0,0.43902439024390244
41,0.5,0.0,20260811,0.3825,0.7150000000000001,0.01,0.0,9,0.6097560975609756
41,0.5,0.0,20260811,0.4161290322580645,0.5,0.01,0.5,0,0.7560975609756098
41,0.5,0.0,20260811,0.5217391304347826,0.8091787439613526,1.0,0.0,9,0.5609756097560976
41,0.5,0.0,20260811,0.23563218390804602,0.6982758620689655,0.1,0.0,9,0.7073170731707317
41,0.5,0.0,20260811,0.6373626373626373,0.7884615384615384,0.01,0.0,9,0.6829268292682927
41,0.5,0.0,20260811,0.3275,0.5,0.01,0.5,0,0.6097560975609756
41,0.5,0.0,20260811,0.42592592592592593,0.5,0.01,0.5,0,0.6585365853658537
41,0.5,0.0,20260811,0.46153846153846156,0.8021978021978022,1.0,0.0,9,0.6829268292682927
41,0.5,0.0,20260811,0.30917874396135264,0.5,0.01,0.5,0,0.5609756097560976
41,0.5,0.0,20260811,0.6746411483253589,0.8899521531100478,1.0,0.0,9,0.5365853658536586
41,0.5,0.0,20260811,0.36494252873563215,0.8103448275862069,1.0,0.0,9,0.7073170731707317
41,0.5,0.0,20260811,0.2463768115942029,0.6352657004830917,0.01,0.0,9,0.5609756097560976
41,0.5,0.0,20260811,0.2142857142857143,0.719047619047619,0.1,0.0,9,0.4878048780487805
41,0.5,0.0,20260811,0.09788359788359788,0.5,0.01,0.5,0,0.6585365853658537
41,0.5,0.0,20260811,0.7354497354497355,0.9126984126984127,1.0,1.0,6,0.6585365853658537
41,0.5,0.0,20260811,0.41758241758241754,0.5,0.01,0.5,0,0.6829268292682927
41,0.5,0.0,20260811,0.7225806451612903,0.9193548387096774,1.0,0.5,8,0.7560975609756098
41,0.5,0.0,20260811,0.34523809523809523,0.6523809523809524,0.01,0.0,9,0.5121951219512195
41,0.5,0.0,20260811,0.3564102564102564,0.5,0.01,0.5,0,0.6341463414634146
41,0.5,0.0,20260811,0.3873626373626374,0.6895604395604396,0.01,0.0,9,0.6829268292682927
41,0.5,0.0,20260811,0.6029411764705883,0.8137254901960784,1.0,0.0,9,0.5853658536585366
41,0.5,0.0,20260811,0.25490196078431376,0.5,0.01,0.5,0,0.5853658536585366
41,0.5,0.0,20260811,0.2433862433862434,0.6375661375661374,0.01,0.0,9,0.6585365853658537
41,0.5,0.0,20260811,0.21818181818181817,0.5,0.01,0.5,0,0.7317073170731707
41,0.5,0.0,20260811,0.5347222222222222,0.8506944444444444,1.0,0.5,6,0.7804878048780488
41,0.5,0.0,20260811,0.5384615384615384,0.8153846153846154,1.0,1.0,5,0.6341463414634146
41,0.5,0.0,20260811,0.32857142857142857,0.5,0.01,0.5,0,0.5121951219512195
41,0.5,0.0,20260811,0.3132183908045978,0.6206896551724138,0.01,0.0,9,0.7073170731707317
41,0.5,0.0,20260811,0.35049019607843135,0.5,0.01,0.5,0,0.5853658536585366
41,0.5,0.0,20260811,0.5975,0.865,1.0,0.0,9,0.6097560975609756
41,0.5,0.0,20260811,0.5396825396825397,0.7222222222222222,0.01,0.0,9,0.6585365853658537
41,0.5,0.0,20260811,0.3653846153846154,0.6978021978021978,0.01,0.0,9,0.6829268292682927
41,0.5,0.0,20260811,0.6052631578947368,0.7416267942583732,0.01,0.0,9,0.5365853658536586
41,0.5,0.0,20260811,0.5467032967032966,0.7445054945054945,0.01,0.0,9,0.6829268292682927
41,0.5,0.0,20260811,0.3102564102564103,0.6615384615384615,0.01,0.0,9,0.6341463414634146
41,0.5,0.0,20260811,0.38164251207729466,0.7608695652173914,1.0,0.5,8,0.5609756097560976
41,0.5,0.0,20260811,0.39487179487179486,0.5,0.01,0.5,0,0.6341463414634146
41,0.5,0.0,20260811,0.3873626373626373,0.6565934065934066,0.01,0.0,9,0.6829268292682927
41,0.5,0.0,20260811,0.6111111111111112,0.8454106280193237,1.0,1.0,6,0.5609756097560976
41,0.5,0.0,20260811,0.435,0.7525000000000001,0.1,0.5,2,0.6097560975609756
41,0.5,0.0,20260811,0.4558823529411765,0.75,1.0,0.5,7,0.5853658536585366
41,0.5,0.0,20260811,0.3362068965517241,0.6522988505747126,0.01,0.0,9,0.7073170731707317
41,0.5,0.0,20260811,0.365,0.7050000000000001,0.01,0.0,9,0.6097560975609756
41,0.5,0.0,20260811,0.2675,0.5,0.01,0.5,0,0.6097560975609756
41,0.5,0.0,20260811,0.5550239234449762,0.7452153110047847,0.1,0.5,2,0.5365853658536586
41,0.5,0.0,20260811,0.3448275862068966,0.7413793103448275,0.1,0.0,9,0.7073170731707317
41,0.5,0.0,20260811,0.410919540229885,0.5,0.01,0.5,0,0.7073170731707317
41,0.5,0.0,20260811,0.5632183908045977,0.5,0.01,0.5,0,0.7073170731707317
41,0.5,0.0,20260811,0.36923076923076925,0.741025641025641,0.01,0.0,9,0.6341463414634146
41,0.5,0.0,20260811,0.6743589743589744,0.8743589743589744,1.0,0.0,9,0.6341463414634146
41,0.5,0.0,20260811,0.1570048309178744,0.6642512077294686,0.01,0.0,9,0.5609756097560976
41,0.5,0.0,20260811,0.3769230769230769,0.5,0.01,0.5,0,0.6341463414634146
41,0.5,0.0,20260811,0.47948717948717945,0.764102564102564,0.1,0.0,9,0.6341463414634146
41,0.5,0.0,20260811,0.29894179894179895,0.5,0.01,0.5,0,0.6585365853658537
41,0.5,0.0,20260811,0.43779904306220097,0.7153110047846889,0.01,0.0,9,0.5365853658536586
41,0.5,0.0,20260811,0.49516908212560384,0.7572463768115942,0.1,0.5,1,0.5609756097560976
41,0.5,0.0,20260811,0.41904761904761906,0.6666666666666667,0.01,0.0,9,0.5121951219512195
41,0.5,0.0,20260811,0.3923444976076555,0.5,0.01,0.5,0,0.4634146341463415
41,0.5,0.0,20260811,0.5239234449760766,0.8205741626794258,1.0,0.0,9,0.5365853658536586
41,0.5,0.0,20260811,0.4454022988505747,0.7701149425287356,0.1,0.0,9,0.7073170731707317
41,0.5,0.0,20260811,0.5531400966183575,0.8357487922705314,1.0,0.0,9,0.5609756097560976
41,0.5,0.0,20260811,0.44318181818181823,0.821969696969697,1.0,0.5,7,0.8048780487804879
41,0.5,0.0,20260811,0.1282051282051282,0.6128205128205129,0.01,0.0,9,0.6341463414634146
41,0.5,0.0,20260811,0.3612440191387559,0.631578947368421,0.01,0.0,9,0.4634146341463415
41,0.5,0.0,20260811,0.36231884057971014,0.7922705314009661,1.0,0.5,9,0.5609756097560976
41,0.5,0.0,20260811,0.30512820512820515,0.5,0.01,0.5,0,0.6341463414634146
41,0.5,0.0,20260811,0.615,0.87,0.1,0.0,9,0.6097560975609756
41,0.5,0.0,20260811,0.466183574879227,0.5,0.01,0.5,0,0.5609756097560976
41,0.5,0.0,20260811,0.31593406593406587,0.7362637362637363,0.1,0.0,9,0.6829268292682927
41,0.5,0.0,20260811,0.23626373626373626,0.5,0.01,0.5,0,0.6829268292682927
41,0.5,0.0,20260811,0.6494252873563219,0.8505747126436781,1.0,1.0,6,0.7073170731707317
41,0.5,0.0,20260811,0.2904761904761905,0.5,0.01,0.5,0,0.4878048780487805
41,0.5,0.0,20260811,0.6349206349206349,0.835978835978836,1.0,1.0,4,0.6585365853658537
41,0.5,0.0,20260811,0.6428571428571429,0.8983516483516483,1.0,0.5,6,0.6829268292682927
41,0.5,0.0,20260811,0.4770114942528736,0.692528735632184,0.01,0.0,9,0.7073170731707317
41,0.5,0.0,20260811,0.20689655172413793,0.5,0.01,0.5,0,0.7073170731707317
41,0.5,0.0,20260811,0.39583333333333337,0.6840277777777778,0.01,0.0,9,0.7804878048780488
41,0.5,0.0,20260811,0.375,0.7622549019607843,1.0,0.5,8,0.5853658536585366
41,0.5,0.0,20260811,0.18253968253968256,0.5,0.01,0.5,0,0.6585365853658537
41,0.5,0.0,20260811,0.4948717948717949,0.7538461538461538,1.0,0.0,9,0.6341463414634146
41,0.5,0.0,20260811,0.44999999999999996,0.64,0.01,0.0,9,0.6097560975609756
41,0.5,0.0,20260811,0.24999999999999994,0.6016483516483517,0.01,0.0,9,0.6829268292682927
41,0.5,0.0,20260811,0.5191387559808613,0.7069377990430622,0.1,0.5,1,0.5365853658536586
41,0.5,0.0,20260811,0.4782608695652174,0.7367149758454106,0.01,0.0,9,0.5609756097560976
41,0.5,0.0,20260811,0.22564102564102562,0.5,0.01,0.5,0,0.6341463414634146
41,0.5,0.0,20260811,0.4814814814814815,0.8253968253968255,1.0,0.0,9,0.6585365853658537
41,0.5,0.0,20260811,0.3194444444444445,0.7118055555555556,1.0,0.0,9,0.7804878048780488
41,0.5,0.0,20260811,0.34068627450980393,0.6348039215686274,0.01,0.0,9,0.5853658536585366
41,0.5,0.0,20260811,0.3060606060606061,0.8363636363636363,1.0,1.0,6,0.7317073170731707
41,0.5,0.0,20260811,0.2777777777777778,0.5,0.01,0.5,0,0.7804878048780488
41,0.5,0.0,20260811,0.458974358974359,0.8076923076923077,1.0,0.0,9,0.6341463414634146
41,0.5,0.0,20260811,0.38999999999999996,0.6225,0.01,0.0,9,0.6097560975609756
41,0.5,0.0,20260811,0.6063218390804598,0.7844827586206896,1.0,1.0,4,0.7073170731707317
41,0.5,0.0,20260811,0.5435897435897435,0.8358974358974359,1.0,0.0,9,0.6341463414634146
41,0.5,0.0,20260811,0.382183908045977,0.7729885057471264,1.0,0.0,9,0.7073170731707317
41,0.5,0.0,20260811,0.507177033492823,0.7631578947368421,0.1,0.0,9,0.5365853658536586
41,0.5,0.0,20260811,0.18,0.6575,1.0,1.0,4,0.6097560975609756
41,0.5,0.0,20260811,0.37142857142857144,0.5,0.01,0.5,0,0.5121951219512195
41,0.5,0.0,20260811,0.4606060606060606,0.7999999999999999,1.0,1.0,4,0.7317073170731707
41,0.5,0.0,20260811,0.40645161290322585,0.7419354838709677,1.0,0.0,9,0.7560975609756098
41,0.5,0.0,20260811,0.46889952153110054,0.7703349282296651,1.0,1.0,6,0.5365853658536586
41,0.5,0.0,20260811,0.32,0.70125,0.1,0.5,1,0.6097560975609756
41,0.5,0.0,20260811,0.47846889952153104,0.7894736842105263,0.1,0.0,9,0.4634146341463415
41,0.5,0.0,20260811,0.19323671497584544,0.5,0.01,0.5,0,0.5609756097560976
41,0.5,0.0,20260811,0.2619047619047619,0.6851851851851851,0.01,0.0,9,0.6585365853658537
41,0.5,0.0,20260811,0.5967741935483871,0.8096774193548387,1.0,1.0,3,0.7560975609756098
41,0.5,0.0,20260811,0.2941176470588235,0.6936274509803921,0.01,0.0,9,0.5853658536585366
41,0.5,0.0,20260811,0.3181818181818182,0.5,0.01,0.5,0,0.5365853658536586
41,0.5,0.0,20260811,0.3214285714285714,0.5,0.01,0.5,0,0.6829268292682927
41,0.5,0.0,20260811,0.32275132275132273,0.5,0.01,0.5,0,0.6585365853658537
41,0.5,0.0,20260811,0.29166666666666663,0.6323529411764707,0.01,0.0,9,0.5853658536585366
41,0.5,0.0,20260811,0.38000000000000006,0.5,0.01,0.5,0,0.6097560975609756
41,0.5,0.0,20260811,0.6358974358974359,0.8487179487179487,1.0,0.0,9,0.6341463414634146
41,0.5,0.0,20260811,0.46499999999999997,0.5,0.01,0.5,0,0.6097560975609756
41,0.5,0.0,20260811,0.2153846153846154,0.5,0.01,0.5,0,0.6341463414634146
41,0.5,0.0,20260811,0.3794871794871795,0.5,0.01,0.5,0,0.6341463414634146
41,0.5,0.0,20260811,0.26774193548387093,0.5,0.01,0.5,0,0.7560975609756098
41,0.5,0.0,20260811,0.34615384615384615,0.5,0.01,0.5,0,0.6341463414634146
41,0.5,0.0,20260811,0.41005291005291,0.7698412698412699,1.0,0.0,9,0.6585365853658537
41,0.5,0.0,20260811,0.5072463768115942,0.746376811594203,0.1,0.5,1,0.5609756097560976
41,0.5,0.0,20260811,0.22058823529411764,0.5,0.01,0.5,0,0.5853658536585366
41,0.5,0.0,20260811,0.19743589743589746,0.7282051282051283,0.1,0.0,9,0.6341463414634146
41,0.5,0.0,20260811,0.3175,0.5,0.01,0.5,0,0.6097560975609756
41,0.5,0.0,20260811,0.6000000000000001,0.9,1.0,1.0,5,0.6097560975609756
41,0.5,0.0,20260811,0.28431372549019607,0.5,0.01,0.5,0,0.5853658536585366
41,0.5,0.0,20260811,0.4666666666666667,0.7243589743589743,0.1,0.5,1,0.6341463414634146
41,0.5,0.0,20260811,0.3275,0.5,0.01,0.5,0,0.6097560975609756
41,0.5,0.0,20260811,0.19,0.5,0.01,0.5,0,0.6097560975609756
41,0.5,0.0,20260811,0.3151515151515152,0.6545454545454545,0.01,0.0,9,0.7317073170731707
41,0.5,0.0,20260811,0.3480392156862745,0.6985294117647058,0.01,0.0,9,0.5853658536585366
41,0.5,0.0,20260811,0.2806451612903226,0.5,0.01,0.5,0,0.7560975609756098
41,0.5,0.0,20260811,0.34615384615384615,0.6978021978021979,0.01,0.0,9,0.6829268292682927
41,0.5,0.0,20260811,0.6538461538461537,0.8358974358974359,0.1,0.0,9,0.6341463414634146
41,0.5,0.0,20260811,0.32758620689655166,0.7543103448275862,0.1,0.5,1,0.7073170731707317
41,0.5,0.0,20260811,0.4354066985645933,0.6483253588516746,0.01,0.0,9,0.5365853658536586
41,0.5,0.0,20260811,0.63,0.7550000000000001,0.1,0.5,2,0.6097560975609756
41,0.5,0.0,20260811,0.3791208791208791,0.6840659340659341,0.01,0.0,9,0.6829268292682927
41,0.5,0.0,20260811,0.5393939393939394,0.8090909090909091,1.0,0.5,6,0.7317073170731707
41,0.5,0.0,20260811,0.658974358974359,0.7807692307692308,0.1,0.5,1,0.6341463414634146
41,0.5,0.0,20260811,0.24425287356321837,0.8160919540229885,1.0,0.0,9,0.7073170731707317
41,0.5,0.0,20260811,0.5258620689655172,0.5,0.01,0.5,0,0.7073170731707317
41,0.5,0.0,20260811,0.4375,0.5,0.01,0.5,0,0.6097560975609756
41,0.5,0.0,20260811,0.423076923076923,0.5,0.01,0.5,0,0.6829268292682927
41,0.5,0.0,20260811,0.3412698412698413,0.5,0.01,0.5,0,0.6585365853658537
41,0.5,0.0,20260811,0.42580645161290326,0.7000000000000001,0.01,0.0,9,0.7560975609756098
41,0.5,0.0,20260811,0.5212121212121212,0.703030303030303,0.01,0.0,9,0.7317073170731707
41,0.5,0.0,20260811,0.5582010582010583,0.5,0.01,0.5,0,0.6585365853658537
41,0.5,0.0,20260811,0.2743055555555556,0.8125,0.1,0.0,9,0.7804878048780488
41,0.5,0.0,20260811,0.325,0.5,0.01,0.5,0,0.6097560975609756
41,0.5,0.0,20260811,0.31999999999999995,0.7475,0.01,0.0,9,0.6097560975609756
41,0.5,0.0,20260811,0.5603864734299517,0.8405797101449276,1.0,0.0,9,0.5609756097560976
41,0.5,0.0,20260811,0.2671957671957672,0.5,0.01,0.5,0,0.6585365853658537
41,0.5,0.0,20260811,0.5824175824175825,0.8461538461538461,1.0,0.0,9,0.6829268292682927
41,0.5,0.0,20260811,0.44,0.74375,0.1,0.5,2,0.6097560975609756
41,0.5,0.0,20260811,0.5144927536231885,0.5,0.01,0.5,0,0.5609756097560976
41,0.5,0.0,20260811,0.45806451612903226,0.6387096774193548,0.1,0.0,9,0.7560975609756098
41,0.5,0.0,20260811,0.4950980392156863,0.7009803921568627,0.01,0.0,9,0.5853658536585366
41,0.5,0.0,20260811,0.475,0.7975000000000001,1.0,0.0,9,0.6097560975609756
41,0.5,0.0,20260811,0.4681372549019608,0.6838235294117647,0.01,0.0,9,0.5853658536585366
41,0.5,0.0,20260811,0.21999999999999997,0.5,0.01,0.5,0,0.6097560975609756
41,0.5,0.0,20260811,0.31025641025641026,0.617948717948718,0.01,0.0,9,0.6341463414634146
41,0.5,0.0,20260811,0.3872549019607843,0.5,0.01,0.5,0,0.5853658536585366
41,0.5,0.0,20260811,0.3791208791208791,0.5,0.01,0.5,0,0.6829268292682927
41,0.5,0.0,20260811,0.5555555555555556,0.8492063492063492,1.0,1.0,6,0.6585365853658537
41,0.5,0.0,20260811,0.4952153110047847,0.7894736842105263,1.0,0.0,9,0.5365853658536586
41,0.5,0.0,20260811,0.23923444976076558,0.6411483253588517,0.01,0.0,9,0.5365853658536586
41,0.5,0.0,20260811,0.3425,0.5,0.01,0.5,0,0.6097560975609756
41,0.5,0.0,20260811,0.3504901960784314,0.7205882352941176,0.1,0.0,9,0.5853658536585366
41,0.5,0.0,20260811,0.26455026455026454,0.7037037037037037,0.01,0.0,9,0.6585365853658537
41,0.5,0.0,20260811,0.34838709677419355,0.5,0.01,0.5,0,0.7560975609756098
41,0.5,0.0,20260811,0.26153846153846155,0.835897435897436,1.0,0.0,9,0.6341463414634146
41,0.5,0.0,20260811,0.4482758620689655,0.8304597701149425,1.0,1.0,6,0.7073170731707317
41,0.5,0.0,20260811,0.5878787878787879,0.5,0.01,0.5,0,0.7317073170731707
41,0.5,0.0,20260811,0.6562500000000001,0.8923611111111112,1.0,1.0,6,0.7804878048780488
41,0.5,0.0,20260811,0.48787878787878786,0.6303030303030304,0.01,0.0,9,0.7317073170731707
41,0.5,0.0,20260811,0.30193236714975846,0.5,0.01,0.5,0,0.5609756097560976
41,0.5,0.0,20260811,0.4925,0.7575000000000001,1.0,1.0,6,0.6097560975609756
41,0.5,0.0,20260811,0.5333333333333334,0.8128205128205128,1.0,0.0,9,0.6341463414634146
41,0.5,0.0,20260811,0.3677248677248677,0.701058201058201,0.01,0.0,9,0.6585365853658537
41,0.5,0.0,20260811,0.6096774193548387,0.9032258064516129,1.0,1.0,6,0.7560975609756098
41,0.5,0.0,20260811,0.4264705882352941,0.6397058823529412,0.01,0.0,9,0.5853658536585366
41,0.5,0.0,20260811,0.43121693121693117,0.6984126984126984,0.01,0.0,9,0.6585365853658537
41,0.5,0.0,20260811,0.5,0.7486772486772486,1.0,1.0,6,0.6585365853658537
41,0.5,0.0,20260811,0.7132352941176471,0.8823529411764706,1.0,0.5,8,0.5853658536585366
41,0.5,0.0,20260811,0.20634920634920634,0.7433862433862435,1.0,0.0,9,0.6585365853658537
41,0.5,0.0,20260811,0.6215277777777778,0.8402777777777778,1.0,1.0,5,0.7804878048780488
41,0.5,0.0,20260811,0.4923076923076923,0.7948717948717949,0.1,0.0,9,0.6341463414634146
41,0.5,0.0,20260811,0.7794871794871795,0.9153846153846152,1.0,1.0,4,0.6341463414634146
41,0.5,0.0,20260811,0.40109890109890106,0.8379120879120878,1.0,0.0,9,0.6829268292682927
41,0.5,0.0,20260811,0.617948717948718,0.8076923076923077,0.1,0.0,9,0.6341463414634146
41,0.5,0.0,20260811,0.38461538461538464,0.7005494505494505,1.0,1.0,4,0.6829268292682927
41,0.5,0.0,20260811,0.6076555023923444,0.8205741626794258,0.1,0.0,9,0.4634146341463415
41,0.5,0.0,20260811,0.40512820512820513,0.6743589743589744,0.01,0.0,9,0.6341463414634146
41,0.5,0.0,20260811,0.4236111111111111,0.8298611111111112,1.0,0.0,9,0.7804878048780488
41,0.5,0.0,20260811,0.42528735632183906,0.8132183908045978,1.0,0.5,7,0.7073170731707317
41,0.5,0.0,20260811,0.5476190476190477,0.8068783068783069,1.0,1.0,5,0.6585365853658537
41,0.5,0.0,20260811,0.23333333333333334,0.5,0.01,0.5,0,0.6341463414634146
41,0.5,0.0,20260811,0.32820512820512826,0.7089743589743591,0.1,0.5,1,0.6341463414634146
41,0.5,0.0,20260811,0.3384615384615385,0.6615384615384615,0.01,0.0,9,0.6341463414634146
41,0.5,0.0,20260811,0.6236263736263736,0.8681318681318682,1.0,0.0,9,0.6829268292682927
41,0.5,0.0,20260811,0.41545893719806765,0.5,0.01,0.5,0,0.5609756097560976
41,0.5,0.0,20260811,0.4848484848484848,0.7636363636363637,0.01,0.0,9,0.7317073170731707
41,0.5,0.0,20260811,0.4285714285714286,0.5,0.01,0.5,0,0.6585365853658537
41,0.5,0.0,20260811,0.36494252873563215,0.6637931034482759,0.01,0.0,9,0.7073170731707317
41,0.5,0.0,20260811,0.5225,0.6225,0.01,0.0,9,0.6097560975609756
41,0.5,0.0,20260811,0.3897058823529412,0.713235294117647,0.01,0.0,9,0.5853658536585366
41,0.5,0.0,20260811,0.31025641025641026,0.5,0.01,0.5,0,0.6341463414634146
41,0.5,0.0,20260811,0.3128205128205128,0.6512820512820513,0.01,0.0,9,0.6341463414634146
41,0.5,0.0,20260811,0.5294117647058824,0.7916666666666667,1.0,0.5,7,0.5853658536585366
41,0.5,0.0,20260811,0.23563218390804597,0.5,0.01,0.5,0,0.7073170731707317
41,0.5,0.0,20260811,0.24074074074074073,0.5,0.01,0.5,0,0.6585365853658537
41,0.5,0.0,20260811,0.38095238095238093,0.5,0.01,0.5,0,0.6585365853658537
41,0.5,0.0,20260811,0.2777777777777778,0.5,0.01,0.5,0,0.5609756097560976
41,0.5,0.0,20260811,0.21497584541062803,0.7801932367149759,1.0,0.0,9,0.43902439024390244
41,0.5,0.0,20260811,0.3131868131868132,0.6978021978021979,0.01,0.0,9,0.6829268292682927
41,0.5,0.0,20260811,0.41911764705882354,0.6691176470588235,0.01,0.0,9,0.5853658536585366
41,0.5,0.0,20260811,0.5529100529100529,0.7962962962962963,1.0,1.0,5,0.6585365853658537
41,0.5,0.0,20260811,0.6775,0.8674999999999999,1.0,0.0,9,0.6097560975609756
41,0.5,0.0,20260811,0.5564102564102564,0.8461538461538461,1.0,0.0,9,0.6341463414634146
41,0.5,0.0,20260811,0.6063218390804598,0.7614942528735633,0.01,0.0,9,0.7073170731707317
41,0.5,0.0,20260811,0.33088235294117646,0.5,0.01,0.5,0,0.5853658536585366
41,0.5,0.0,20260811,0.27294685990338163,0.7632850241545894,0.01,0.0,9,0.5609756097560976
41,0.5,0.0,20260811,0.5761904761904761,0.8571428571428572,1.0,0.0,9,0.5121951219512195
41,0.5,0.0,20260811,0.32057416267942584,0.7368421052631579,0.01,0.0,9,0.5365853658536586
41,0.5,0.0,20260811,0.46969696969696967,0.7848484848484849,0.1,0.0,9,0.7317073170731707
41,0.5,0.0,20260811,0.15128205128205127,0.5,0.01,0.5,0,0.6341463414634146
41,0.5,0.0,20260811,0.3076923076923077,0.5,0.01,0.5,0,0.6829268292682927
41,0.5,0.0,20260811,0.3067632850241546,0.5,0.01,0.5,0,0.5609756097560976
41,0.5,0.0,20260811,0.3431372549019608,0.7696078431372549,1.0,1.0,6,0.5853658536585366
41,0.5,0.0,20260811,0.2897435897435897,0.5,0.01,0.5,0,0.6341463414634146
41,0.5,0.0,20260811,0.2720588235294118,0.5,0.01,0.5,0,0.5853658536585366
41,0.5,0.0,20260811,0.5931372549019608,0.8406862745098039,1.0,0.0,9,0.5853658536585366
41,0.5,0.0,20260811,0.35919540229885055,0.5775862068965517,0.01,0.0,9,0.7073170731707317
41,0.5,0.0,20260811,0.3333333333333333,0.5,0.01,0.5,0,0.6341463414634146
41,0.5,0.0,20260811,0.39371980676328505,0.7318840579710144,0.01,0.0,9,0.5609756097560976
41,0.5,0.0,20260811,0.3132183908045977,0.5,0.01,0.5,0,0.7073170731707317
41,0.5,0.0,20260811,0.48750000000000004,0.5,0.01,0.5,0,0.6097560975609756
41,0.5,0.0,20260811,0.5384615384615384,0.6895604395604397,0.01,0.0,9,0.6829268292682927
41,0.5,0.0,20260811,0.3214285714285714,0.5,0.01,0.5,0,0.6829268292682927
41,0.5,0.0,20260811,0.5150000000000001,0.8,1.0,0.0,9,0.6097560975609756
41,0.5,0.0,20260811,0.2303030303030303,0.5,0.01,0.5,0,0.7317073170731707
41,0.5,0.0,20260811,0.3717948717948718,0.7179487179487181,0.1,0.0,9,0.6341463414634146
41,0.5,0.0,20260811,0.4730392156862745,0.5,0.01,0.5,0,0.5853658536585366
41,0.5,0.0,20260811,0.34249999999999997,0.6275,0.01,0.0,9,0.6097560975609756
41,0.5,0.0,20260811,0.35406698564593303,0.7105263157894737,1.0,0.0,9,0.5365853658536586
41,0.5,0.0,20260811,0.16666666666666669,0.696078431372549,1.0,0.5,8,0.5853658536585366
41,0.5,0.0,20260811,0.3128205128205128,0.782051282051282,1.0,0.0,9,0.6341463414634146
41,0.5,0.0,20260811,0.635,0.86,1.0,0.5,7,0.6097560975609756
41,0.5,0.0,20260811,0.08717948717948718,0.5,0.01,0.5,0,0.6341463414634146
41,0.5,0.0,20260811,0.5890804597701149,0.8477011494252873,1.0,1.0,5,0.7073170731707317
41,0.5,0.0,20260811,0.17989417989417988,0.7433862433862435,1.0,1.0,6,0.6585365853658537
41,0.5,0.0,20260811,0.47380952380952385,0.8452380952380952,1.0,0.5,8,0.5121951219512195
41,0.5,0.0,20260811,0.5494505494505494,0.7664835164835165,1.0,1.0,4,0.6829268292682927
41,0.5,0.0,20260811,0.6435897435897435,0.8512820512820514,1.0,0.0,9,0.6341463414634146
41,0.5,0.0,20260811,0.10645161290322581,0.5,0.01,0.5,0,0.7560975609756098
41,0.5,0.0,20260811,0.3627450980392157,0.6617647058823529,0.01,0.0,9,0.5853658536585366
41,0.5,0.0,20260811,0.3384615384615385,0.7282051282051282,0.01,0.0,9,0.6341463414634146
41,0.5,0.0,20260811,0.6411483253588517,0.7799043062200957,0.01,0.0,9,0.5365853658536586
41,0.5,0.0,20260811,0.489010989010989,0.8076923076923077,1.0,0.5,6,0.6829268292682927
41,0.5,0.0,20260811,0.7005494505494505,0.8612637362637363,0.1,0.5,2,0.6829268292682927
41,0.5,0.0,20260811,0.2857142857142857,0.5,0.01,0.5,0,0.6585365853658537
41,0.5,0.0,20260811,0.4261904761904762,0.5,0.01,0.5,0,0.5121951219512195
41,0.5,0.0,20260811,0.435,0.5,0.01,0.5,0,0.6097560975609756
41,0.5,0.0,20260811,0.4545454545454546,0.8727272727272728,1.0,0.0,9,0.7317073170731707
41,0.5,0.0,20260811,0.3563218390804598,0.5,0.01,0.5,0,0.7073170731707317
41,0.5,0.0,20260811,0.44615384615384623,0.6974358974358974,0.01,0.0,9,0.36585365853658536
41,0.5,0.0,20260811,0.25757575757575757,0.5,0.01,0.5,0,0.7317073170731707
41,0.5,0.0,20260811,0.3275862068965517,0.5,0.01,0.5,0,0.7073170731707317
41,0.5,0.0,20260811,0.37990196078431376,0.8259803921568628,1.0,0.5,7,0.5853658536585366
41,0.5,0.0,20260811,0.5909090909090909,0.7878787878787878,0.01,0.0,9,0.7317073170731707
41,0.5,0.0,20260811,0.321256038647343,0.5,0.01,0.5,0,0.5609756097560976
41,0.5,0.0,20260811,0.41904761904761906,0.8380952380952381,1.0,0.0,9,0.4878048780487805
41,0.5,0.0,20260811,0.2363636363636364,0.6757575757575758,0.01,0.0,9,0.7317073170731707
41,0.5,0.0,20260811,0.5,0.853448275862069,0.1,0.0,9,0.7073170731707317
41,0.5,0.0,20260811,0.39855072463768115,0.8140096618357487,1.0,0.5,6,0.5609756097560976
41,0.5,0.0,20260811,0.5387096774193548,0.8193548387096774,1.0,0.0,9,0.7560975609756098
41,0.5,0.0,20260811,0.3263888888888889,0.5,0.01,0.5,0,0.7804878048780488
41,0.5,0.0,20260811,0.45604395604395603,0.7032967032967032,0.1,0.0,9,0.6829268292682927
41,0.5,0.0,20260811,0.4534313725490196,0.5,0.01,0.5,0,0.5853658536585366
41,0.5,0.0,20260811,0.5137362637362637,0.5,0.01,0.5,0,0.6829268292682927
41,0.5,0.0,20260811,0.5978835978835978,0.828042328042328,1.0,0.5,7,0.6585365853658537
41,0.5,0.0,20260811,0.5441176470588236,0.8112745098039216,1.0,1.0,5,0.5853658536585366
41,0.5,0.0,20260811,0.8325358851674641,0.8971291866028708,1.0,1.0,3,0.5365853658536586
41,0.5,0.0,20260811,0.4717948717948718,0.7128205128205128,0.1,0.0,9,0.6341463414634146
41,0.5,0.0,20260811,0.21703296703296698,0.5,0.01,0.5,0,0.6829268292682927
41,0.5,0.0,20260811,0.3840579710144927,0.746376811594203,1.0,1.0,5,0.5609756097560976
41,0.5,0.0,20260811,0.21875000000000003,0.8263888888888888,1.0,1.0,4,0.7804878048780488
41,0.5,0.0,20260811,0.4025,0.5,0.01,0.5,0,0.6097560975609756
41,0.5,0.0,20260811,0.6244019138755981,0.8779904306220097,1.0,1.0,5,0.5365853658536586
41,0.5,0.0,20260811,0.3769230769230769,0.6961538461538461,0.1,0.5,1,0.6341463414634146
41,0.5,0.0,20260811,0.43,0.77,0.1,0.0,9,0.6097560975609756
41,0.5,0.0,20260811,0.3774193548387097,0.5,0.01,0.5,0,0.7560975609756098
41,0.5,0.0,20260811,0.185,0.75,1.0,1.0,5,0.6097560975609756
41,0.5,0.0,20260811,0.2433862433862434,0.5,0.01,0.5,0,0.6585365853658537
41,0.5,0.0,20260811,0.4357142857142856,0.5,0.01,0.5,0,0.5121951219512195
41,0.5,0.0,20260811,0.35,0.6675,1.0,1.0,4,0.6097560975609756
41,0.5,0.0,20260811,0.37037037037037035,0.7182539682539683,1.0,1.0,5,0.6585365853658537
41,0.5,0.0,20260811,0.716931216931217,0.8597883597883598,1.0,1.0,5,0.6585365853658537
41,0.5,0.0,20260811,0.3448275862068966,0.7586206896551725,1.0,1.0,6,0.7073170731707317
41,0.5,0.0,20260811,0.46703296703296704,0.8049450549450549,1.0,0.0,9,0.6829268292682927
41,0.5,0.0,20260811,0.5119617224880383,0.8014354066985646,1.0,0.5,8,0.5365853658536586
41,0.5,0.0,20260811,0.4411764705882353,0.6691176470588235,0.01,0.0,9,0.5853658536585366
41,0.5,0.0,20260811,0.45749999999999996,0.71,0.01,0.0,9,0.6097560975609756
41,0.5,0.0,20260811,0.3873626373626374,0.5,0.01,0.5,0,0.6829268292682927
41,0.5,0.0,20260811,0.52,0.5,0.01,0.5,0,0.6097560975609756
41,0.5,0.0,20260811,0.358974358974359,0.5,0.01,0.5,0,0.6341463414634146
41,0.5,0.0,20260811,0.6238095238095238,0.8095238095238095,0.1,0.0,9,0.5121951219512195
41,0.5,0.0,20260811,0.5,0.7575000000000001,0.1,0.5,1,0.6097560975609756
41,0.5,0.0,20260811,0.46153846153846156,0.5,0.01,0.5,0,0.6341463414634146
41,0.5,0.0,20260811,0.5423280423280423,0.8015873015873016,1.0,0.0,9,0.6585365853658537
41,0.5,0.0,20260811,0.5718390804597702,0.7988505747126436,0.1,0.5,3,0.7073170731707317
41,0.5,0.0,20260811,0.2032258064516129,0.5,0.01,0.5,0,0.7560975609756098
41,0.5,0.0,20260811,0.5897435897435898,0.8256410256410257,1.0,1.0,5,0.6341463414634146
41,0.5,0.0,20260811,0.6695402298850575,0.764367816091954,0.01,0.0,9,0.7073170731707317
41,0.5,0.0,20260811,0.425,0.7125000000000001,0.01,0.0,9,0.6097560975609756
41,0.5,0.0,20260811,0.603448275862069,0.8735632183908046,1.0,0.5,7,0.7073170731707317
41,0.5,0.0,20260811,0.23626373626373623,0.5,0.01,0.5,0,0.6829268292682927
41,0.5,0.0,20260811,0.6076923076923076,0.7371794871794872,0.1,0.5,1,0.6341463414634146
41,0.5,0.0,20260811,0.38888888888888884,0.7328042328042328,0.01,0.0,9,0.6585365853658537
41,0.5,0.0,20260811,0.2747252747252747,0.5,0.01,0.5,0,0.6829268292682927
41,0.5,0.0,20260811,0.5132275132275133,0.7433862433862435,0.1,0.5,1,0.6585365853658537
41,0.5,0.0,20260811,0.38725490196078427,0.6862745098039216,0.01,0.0,9,0.5853658536585366
41,0.5,0.0,20260811,0.26436781609195403,0.5,0.01,0.5,0,0.7073170731707317
41,0.5,0.0,20260811,0.6346153846153846,0.8956043956043955,1.0,1.0,5,0.6829268292682927
41,0.5,0.0,20260811,0.532967032967033,0.8351648351648352,1.0,0.0,9,0.6829268292682927
41,0.5,0.0,20260811,0.3928571428571429,0.7307692307692308,0.01,0.0,9,0.6829268292682927
41,0.5,0.0,20260811,0.5096618357487923,0.5,0.01,0.5,0,0.5609756097560976
41,0.5,0.0,20260811,0.6375661375661376,0.8544973544973545,1.0,1.0,6,0.6585365853658537
41,0.5,0.0,20260811,0.2692307692307693,0.5,0.01,0.5,0,0.6341463414634146
41,0.5,0.0,20260811,0.3649425287356322,0.8362068965517241,1.0,0.0,9,0.7073170731707317
41,0.5,0.0,20260811,0.5486111111111112,0.861111111111111,1.0,0.0,9,0.7804878048780488
41,0.5,0.0,20260811,0.5692307692307692,0.7435897435897436,0.1,0.5,2,0.6341463414634146
41,0.5,0.0,20260811,0.37500000000000006,0.5,0.01,0.5,0,0.5853658536585366
41,0.5,0.0,20260811,0.5,0.7564102564102564,1.0,1.0,5,0.6341463414634146
41,0.5,0.0,20260811,0.43478260869565216,0.7801932367149758,1.0,1.0,6,0.5609756097560976
41,0.5,0.0,20260811,0.5247252747252746,0.7527472527472527,1.0,0.0,9,0.6829268292682927
41,0.5,0.0,20260811,0.2916666666666667,0.7843137254901961,1.0,0.5,6,0.5853658536585366
41,0.5,0.0,20260811,0.6325000000000001,0.8625,1.0,1.0,6,0.6097560975609756
41,0.5,0.0,20260811,0.4769230769230769,0.782051282051282,1.0,0.0,9,0.6341463414634146
41,0.5,0.0,20260811,0.3434065934065934,0.6895604395604396,0.01,0.0,9,0.6829268292682927
41,0.5,0.0,20260811,0.5838709677419355,0.7258064516129032,1.0,1.0,4,0.7560975609756098
41,0.5,0.0,20260811,0.5903225806451613,0.8354838709677419,1.0,0.5,8,0.7560975609756098
41,0.5,0.0,20260811,0.38235294117647056,0.7230392156862745,0.01,0.0,9,0.5853658536585366
41,0.5,0.0,20260811,0.3086124401913876,0.5,0.01,0.5,0,0.5365853658536586
41,0.5,0.0,20260811,0.48309178743961356,0.7427536231884058,0.1,0.5,1,0.5609756097560976
41,0.5,0.0,20260811,0.48626373626373626,0.8186813186813187,1.0,0.0,9,0.6829268292682927
41,0.5,0.0,20260811,0.373015873015873,0.6825396825396826,0.01,0.0,9,0.6585365853658537
41,0.5,0.0,20260811,0.45410628019323673,0.6932367149758454,0.01,0.0,9,0.5609756097560976
41,0.5,0.0,20260811,0.6923076923076923,0.8681318681318682,0.1,0.0,9,0.6829268292682927
41,0.5,0.0,20260811,0.6025,0.845,1.0,0.0,9,0.6097560975609756
41,0.5,0.0,20260811,0.2802197802197802,0.5,0.01,0.5,0,0.6829268292682927
41,0.5,0.0,20260811,0.4897435897435898,0.8,1.0,0.0,9,0.6341463414634146
41,0.5,0.0,20260811,0.5923076923076923,0.8076923076923077,1.0,0.5,8,0.6341463414634146
41,0.5,0.0,20260811,0.5857843137254902,0.8137254901960784,1.0,0.0,9,0.5853658536585366
41,0.5,0.0,20260811,0.4666666666666667,0.7230769230769231,0.01,0.0,9,0.6341463414634146
41,0.5,0.0,20260811,0.43390804597701155,0.5,0.01,0.5,0,0.7073170731707317
41,0.5,0.0,20260811,0.49175824175824173,0.7554945054945055,1.0,1.0,4,0.6829268292682927
41,0.5,0.0,20260811,0.45749999999999996,0.76,0.01,0.0,9,0.6097560975609756
41,0.5,0.0,20260811,0.43,0.7,0.1,0.5,2,0.6097560975609756
41,0.5,0.0,20260811,0.5761904761904761,0.8571428571428572,1.0,0.0,9,0.5121951219512195
41,0.5,0.0,20260811,0.716931216931217,0.9259259259259259,1.0,0.5,7,0.6585365853658537
41,0.5,0.0,20260811,0.3921568627450981,0.8186274509803921,1.0,0.0,9,0.4146341463414634
41,0.5,0.0,20260811,0.6102564102564103,0.7461538461538461,0.01,0.0,9,0.6341463414634146
41,0.5,0.0,20260811,0.3936781609195402,0.5,0.01,0.5,0,0.7073170731707317
41,0.5,0.0,20260811,0.37250000000000005,0.675,0.01,0.0,9,0.6097560975609756
41,0.5,0.0,20260811,0.3553921568627451,0.7769607843137255,0.1,0.0,9,0.5853658536585366
41,0.5,0.0,20260811,0.2874396135265701,0.5,0.01,0.5,0,0.5609756097560976
41,0.5,0.0,20260811,0.3435897435897436,0.7923076923076924,1.0,1.0,6,0.6341463414634146
41,0.5,0.0,20260811,0.7248677248677249,0.8809523809523809,1.0,0.5,7,0.6585365853658537
41,0.5,0.0,20260811,0.45000000000000007,0.5,0.01,0.5,0,0.6097560975609756
41,0.5,0.0,20260811,0.3626373626373626,0.7445054945054945,0.1,0.5,1,0.6829268292682927
41,0.5,0.0,20260811,0.2777777777777778,0.5,0.01,0.5,0,0.5609756097560976
41,0.5,0.0,20260811,0.4019607843137255,0.5,0.01,0.5,0,0.5853658536585366
41,0.5,0.0,20260811,0.18461538461538463,0.6333333333333333,0.01,0.0,9,0.6341463414634146
41,0.5,0.0,20260811,0.5961538461538461,0.5,0.01,0.5,0,0.6829268292682927
41,0.5,0.0,20260811,0.5897435897435898,0.8512820512820511,1.0,1.0,5,0.6341463414634146
41,0.5,0.0,20260811,0.5483091787439613,0.5,0.01,0.5,0,0.5609756097560976
41,0.5,0.0,20260811,0.3700980392156863,0.5,0.01,0.5,0,0.5853658536585366
41,0.5,0.0,20260811,0.554945054945055,0.7032967032967032,0.01,0.0,9,0.6829268292682927
41,0.5,0.2,20260811,0.5333333333333334,0.7615384615384615,0.1,0.0,9,0.6341463414634146
41,0.5,0.2,20260811,0.4175,0.5,0.01,0.5,0,0.6097560975609756
41,0.5,0.2,20260811,0.667464114832536,0.5,0.01,0.5,0,0.5365853658536586
41,0.5,0.2,20260811,0.39952153110047844,0.5,0.01,0.5,0,0.5365853658536586
41,0.5,0.2,20260811,0.43333333333333335,0.5,0.01,0.5,0,0.6341463414634146
41,0.5,0.2,20260811,0.5264550264550265,0.746031746031746,1.0,1.0,4,0.6585365853658537
41,0.5,0.2,20260811,0.6166666666666667,0.7714285714285714,1.0,1.0,5,0.5121951219512195
41,0.5,0.2,20260811,0.5693779904306221,0.8253588516746412,1.0,0.0,9,0.5365853658536586
41,0.5,0.2,20260811,0.354066985645933,0.7559808612440192,1.0,1.0,6,0.5365853658536586
41,0.5,0.2,20260811,0.53,0.7275,0.1,0.5,1,0.6097560975609756
41,0.5,0.2,20260811,0.25,0.7690476190476191,1.0,0.5,9,0.5121951219512195
41,0.5,0.2,20260811,0.47096774193548385,0.7451612903225806,1.0,1.0,4,0.7560975609756098
41,0.5,0.2,20260811,0.644927536231884,0.8719806763285024,1.0,0.0,9,0.43902439024390244
41,0.5,0.2,20260811,0.3477011494252874,0.7298850574712644,0.1,0.0,9,0.7073170731707317
41,0.5,0.2,20260811,0.6328502415458936,0.785024154589372,0.1,0.5,1,0.5609756097560976
41,0.5,0.2,20260811,0.23095238095238096,0.7404761904761905,1.0,1.0,5,0.5121951219512195
41,0.5,0.2,20260811,0.545,0.84,1.0,0.0,9,0.6097560975609756
41,0.5,0.2,20260811,0.3333333333333333,0.5,0.01,0.5,0,0.5609756097560976
41,0.5,0.2,20260811,0.3700980392156863,0.6470588235294118,0.01,0.0,9,0.5853658536585366
41,0.5,0.2,20260811,0.29285714285714287,0.6714285714285714,0.01,0.0,9,0.5121951219512195
41,0.5,0.2,20260811,0.43681318681318676,0.5,0.01,0.5,0,0.6829268292682927
41,0.5,0.2,20260811,0.18382352941176472,0.7990196078431372,1.0,0.0,9,0.5853658536585366
41,0.5,0.2,20260811,0.40821256038647336,0.7439613526570048,0.01,0.0,9,0.5609756097560976
41,0.5,0.2,20260811,0.31884057971014496,0.5,0.01,0.5,0,0.5609756097560976
41,0.5,0.2,20260811,0.5151515151515152,0.6000000000000001,0.01,0.0,9,0.7317073170731707
41,0.5,0.2,20260811,0.29365079365079366,0.5,0.01,0.5,0,0.6585365853658537
41,0.5,0.2,20260811,0.43386243386243384,0.7486772486772487,0.1,0.0,9,0.6585365853658537
41,0.5,0.2,20260811,0.295,0.5,0.01,0.5,0,0.6097560975609756
41,0.5,0.2,20260811,0.4307692307692308,0.7461538461538462,0.1,0.0,9,0.6341463414634146
41,0.5,0.2,20260811,0.6352657004830918,0.7657004830917874,0.1,0.5,2,0.5609756097560976
41,0.5,0.2,20260811,0.3253588516746411,0.8014354066985646,1.0,0.0,9,0.5365853658536586
41,0.5,0.2,20260811,0.3131868131868132,0.6813186813186812,0.01,0.0,9,0.6829268292682927
41,0.5,0.2,20260811,0.39371980676328505,0.7584541062801932,1.0,0.5,7,0.5609756097560976
41,0.5,0.2,20260811,0.26149425287356326,0.5,0.01,0.5,0,0.7073170731707317
41,0.5,0.2,20260811,0.5574162679425837,0.7344497607655501,0.1,0.5,1,0.5365853658536586
41,0.5,0.2,20260811,0.619047619047619,0.8465608465608465,0.1,0.0,9,0.6585365853658537
41,0.5,0.2,20260811,0.37830687830687826,0.6957671957671957,0.01,0.0,9,0.6585365853658537
41,0.5,0.2,20260811,0.6148325358851674,0.8588516746411483,1.0,0.0,9,0.5365853658536586
41,0.5,0.2,20260811,0.6086956521739131,0.785024154589372,1.0,1.0,6,0.5609756097560976
41,0.5,0.2,20260811,0.3164251207729469,0.5,0.01,0.5,0,0.5609756097560976
41,0.5,0.2,20260811,0.19743589743589746,0.6769230769230768,0.1,0.5,1,0.6341463414634146
41,0.5,0.2,20260811,0.09722222222222225,0.7326388888888888,1.0,0.5,5,0.7804878048780488
41,0.5,0.2,20260811,0.4697802197802198,0.848901098901099,1.0,0.5,6,0.6829268292682927
41,0.5,0.2,20260811,0.3994252873563219,0.7270114942528736,0.1,0.5,1,0.7073170731707317
41,0.5,0.2,20260811,0.43965517241379315,0.5,0.01,0.5,0,0.7073170731707317
41,0.5,0.2,20260811,0.2442528735632184,0.5,0.01,0.5,0,0.7073170731707317
41,0.5,0.2,20260811,0.5769230769230769,0.7788461538461539,0.1,0.5,2,0.6829268292682927
41,0.5,0.2,20260811,0.4033816425120773,0.6473429951690821,0.01,0.0,9,0.5609756097560976
41,0.5,0.2,20260811,0.5274725274725275,0.8846153846153847,1.0,0.5,8,0.6829268292682927
41,0.5,0.2,20260811,0.4846153846153846,0.8333333333333334,1.0,0.5,9,0.6341463414634146
41,0.5,0.2,20260811,0.3692307692307692,0.6935897435897436,0.1,0.5,1,0.6341463414634146
41,0.5,0.2,20260811,0.25837320574162675,0.5,0.01,0.5,0,0.4634146341463415
41,0.5,0.2,20260811,0.7471264367816093,0.956896551724138,1.0,1.0,6,0.7073170731707317
41,0.5,0.2,20260811,0.20714285714285716,0.75,1.0,0.5,9,0.5121951219512195
41,0.5,0.2,20260811,0.5105820105820106,0.8201058201058201,1.0,1.0,5,0.6585365853658537
41,0.5,0.2,20260811,0.5363636363636364,0.8636363636363636,1.0,0.0,9,0.7317073170731707
41,0.5,0.2,20260811,0.36813186813186816,0.5,0.01,0.5,0,0.6829268292682927
41,0.5,0.2,20260811,0.2586206896551724,0.6839080459770115,0.01,0.0,9,0.7073170731707317
41,0.5,0.2,20260811,0.44871794871794873,0.8256410256410256,0.1,0.0,9,0.6341463414634146
41,0.5,0.2,20260811,0.5451612903225806,0.7064516129032258,0.1,0.0,9,0.7560975609756098
41,0.5,0.2,20260811,0.2671957671957672,0.6931216931216931,0.01,0.0,9,0.6585365853658537
41,0.5,0.2,20260811,0.6522988505747127,0.8275862068965517,1.0,0.5,7,0.7073170731707317
41,0.5,0.2,20260811,0.42032967032967034,0.7692307692307692,1.0,0.0,9,0.6829268292682927
41,0.5,0.2,20260811,0.5725,0.875,1.0,0.5,8,0.6097560975609756
41,0.5,0.2,20260811,0.3626373626373626,0.8131868131868132,1.0,0.0,9,0.6829268292682927
41,0.5,0.2,20260811,0.5576923076923077,0.7458791208791208,0.1,0.5,2,0.6829268292682927
41,0.5,0.2,20260811,0.5659340659340659,0.7403846153846154,0.1,0.5,1,0.6829268292682927
41,0.5,0.2,20260811,0.5974358974358974,0.8282051282051281,1.0,1.0,6,0.6341463414634146
41,0.5,0.2,20260811,0.215,0.675,0.1,0.0,9,0.6097560975609756
41,0.5,0.2,20260811,0.45641025641025645,0.7410256410256411,0.1,0.0,9,0.6341463414634146
41,0.5,0.2,20260811,0.6794871794871795,0.8538461538461539,1.0,0.0,9,0.6341463414634146
41,0.5,0.2,20260811,0.37362637362637363,0.5,0.01,0.5,0,0.6829268292682927
41,0.5,0.2,20260811,0.26363636363636367,0.6636363636363637,0.01,0.0,9,0.7317073170731707
41,0.5,0.2,20260811,0.5903225806451613,0.9096774193548387,1.0,0.0,9,0.7560975609756098
41,0.5,0.2,20260811,0.38999999999999996,0.7125,0.01,0.0,9,0.6097560975609756
41,0.5,0.2,20260811,0.328042328042328,0.701058201058201,0.01,0.0,9,0.6585365853658537
41,0.5,0.2,20260811,0.4974358974358975,0.8205128205128205,1.0,0.0,9,0.6341463414634146
41,0.5,0.2,20260811,0.36124401913875603,0.5,0.01,0.5,0,0.5365853658536586
41,0.5,0.2,20260811,0.6346153846153846,0.7225274725274725,0.01,0.0,9,0.6829268292682927
41,0.5,0.2,20260811,0.31612903225806455,0.5,0.01,0.5,0,0.7560975609756098
41,0.5,0.2,20260811,0.2545454545454546,0.7515151515151516,0.1,0.0,9,0.7317073170731707
41,0.5,0.2,20260811,0.3133971291866029,0.5,0.01,0.5,0,0.5365853658536586
41,0.5,0.2,20260811,0.6690821256038647,0.8743961352657005,1.0,1.0,5,0.5609756097560976
41,0.5,0.2,20260811,0.41798941798941797,0.5,0.01,0.5,0,0.6585365853658537
41,0.5,0.2,20260811,0.751207729468599,0.927536231884058,1.0,1.0,5,0.43902439024390244
41,0.5,0.2,20260811,0.2892156862745098,0.5,0.01,0.5,0,0.5853658536585366
41,0.5,0.2,20260811,0.4603174603174603,0.7407407407407407,0.01,0.0,9,0.6585365853658537
41,0.5,0.2,20260811,0.37745098039215685,0.5,0.01,0.5,0,0.5853658536585366
41,0.5,0.2,20260811,0.46031746031746035,0.7142857142857143,0.01,0.0,9,0.6585365853658537
41,0.5,0.2,20260811,0.35049019607843135,0.5,0.01,0.5,0,0.5853658536585366
41,0.5,0.2,20260811,0.20588235294117646,0.6348039215686274,0.01,0.0,9,0.5853658536585366
41,0.5,0.2,20260811,0.3076923076923077,0.735897435897436,0.1,0.0,9,0.6341463414634146
41,0.5,0.2,20260811,0.339080459770115,0.6637931034482758,0.01,0.0,9,0.7073170731707317
41,0.5,0.2,20260811,0.3435897435897436,0.5,0.01,0.5,0,0.6341463414634146
41,0.5,0.2,20260811,0.46078431372549017,0.6985294117647058,0.01,0.0,9,0.5853658536585366
41,0.5,0.2,20260811,0.4856459330143541,0.5,0.01,0.5,0,0.5365853658536586
41,0.5,0.2,20260811,0.24754901960784317,0.6973039215686274,0.1,0.5,1,0.5853658536585366
41,0.5,0.2,20260811,0.18717948717948718,0.6717948717948717,0.01,0.0,9,0.6341463414634146
41,0.5,0.2,20260811,0.10144927536231885,0.6594202898550724,0.01,0.0,9,0.5609756097560976
41,0.5,0.2,20260811,0.2709677419354839,0.8258064516129032,1.0,0.0,9,0.7560975609756098
41,0.5,0.2,20260811,0.24401913875598086,0.6483253588516746,0.01,0.0,9,0.5365853658536586
41,0.5,0.2,20260811,0.43333333333333335,0.793939393939394,0.1,0.0,9,0.7317073170731707
41,0.5,0.2,20260811,0.6897435897435897,0.7884615384615384,0.1,0.5,1,0.6341463414634146
41,0.5,0.2,20260811,0.3825,0.5,0.01,0.5,0,0.6097560975609756
41,0.5,0.2,20260811,0.425,0.77,1.0,0.5,7,0.6097560975609756
41,0.5,0.2,20260811,0.4425837320574163,0.7703349282296651,1.0,0.0,9,0.5365853658536586
41,0.5,0.2,20260811,0.37254901960784315,0.6985294117647058,0.01,0.0,9,0.5853658536585366
41,0.5,0.2,20260811,0.17391304347826086,0.5,0.01,0.5,0,0.5609756097560976
41,0.5,0.2,20260811,0.14285714285714282,0.5,0.01,0.5,0,0.6585365853658537
41,0.5,0.2,20260811,0.423076923076923,0.673076923076923,0.01,0.0,9,0.6829268292682927
41,0.5,0.2,20260811,0.5144927536231885,0.8502415458937198,0.1,0.0,9,0.5609756097560976
41,0.5,0.2,20260811,0.2582417582417582,0.6868131868131868,0.1,0.5,1,0.6829268292682927
41,0.5,0.2,20260811,0.6016483516483516,0.8681318681318682,1.0,0.0,9,0.6829268292682927
41,0.5,0.2,20260811,0.38461538461538464,0.5,0.01,0.5,0,0.6829268292682927
41,0.5,0.2,20260811,0.46264367816091956,0.5,0.01,0.5,0,0.7073170731707317
41,0.5,0.2,20260811,0.5757575757575757,0.5,0.01,0.5,0,0.7317073170731707
41,0.5,0.2,20260811,0.09090909090909091,0.6267942583732057,0.01,0.0,9,0.5365853658536586
41,0.5,0.2,20260811,0.24193548387096772,0.5,0.01,0.5,0,0.7560975609756098
41,0.5,0.2,20260811,0.37,0.5,0.01,0.5,0,0.6097560975609756
41,0.5,0.2,20260811,0.4417989417989418,0.6746031746031746,0.01,0.0,9,0.6585365853658537
41,0.5,0.2,20260811,0.23351648351648352,0.793956043956044,1.0,1.0,4,0.6829268292682927
41,0.5,0.2,20260811,0.3,0.6548387096774194,0.01,0.0,9,0.7560975609756098
41,0.5,0.2,20260811,0.1717948717948718,0.5,0.01,0.5,0,0.6341463414634146
41,0.5,0.2,20260811,0.3862433862433863,0.7142857142857143,0.01,0.0,9,0.6585365853658537
41,0.5,0.2,20260811,0.35250000000000004,0.5,0.01,0.5,0,0.6097560975609756
41,0.5,0.2,20260811,0.5743589743589743,0.8769230769230769,1.0,0.0,9,0.6341463414634146
41,0.5,0.2,20260811,0.3275,0.6724999999999999,0.01,0.0,9,0.6097560975609756
41,0.5,0.2,20260811,0.2275132275132275,0.5,0.01,0.5,0,0.6585365853658537
41,0.5,0.2,20260811,0.5343915343915344,0.7962962962962963,1.0,0.0,9,0.6585365853658537
41,0.5,0.2,20260811,0.24047619047619048,0.7357142857142857,1.0,1.0,5,0.4878048780487805
41,0.5,0.2,20260811,0.2867647058823529,0.6875,0.1,0.5,1,0.5853658536585366
41,0.5,0.2,20260811,0.3879310344827586,0.5,0.01,0.5,0,0.7073170731707317
41,0.5,0.2,20260811,0.48086124401913877,0.7751196172248804,1.0,0.5,7,0.5365853658536586
41,0.5,0.2,20260811,0.5406698564593302,0.7224880382775121,0.1,0.5,1,0.5365853658536586
41,0.5,0.2,20260811,0.38484848484848483,0.6606060606060606,0.01,0.0,9,0.7317073170731707
41,0.5,0.2,20260811,0.4363636363636364,0.7909090909090909,1.0,0.5,6,0.7317073170731707
41,0.5,0.2,20260811,0.4976190476190476,0.8142857142857143,1.0,0.0,9,0.4878048780487805
41,0.5,0.2,20260811,0.8,0.8363636363636364,0.1,0.5,1,0.7317073170731707
41,0.5,0.2,20260811,0.12424242424242425,0.5,0.01,0.5,0,0.7317073170731707
41,0.5,0.2,20260811,0.4425,0.6825,0.01,0.0,9,0.6097560975609756
41,0.5,0.2,20260811,0.4743589743589744,0.8384615384615385,1.0,0.0,9,0.6341463414634146
41,0.5,0.2,20260811,0.3431372549019608,0.6899509803921569,0.1,0.5,1,0.5853658536585366
41,0.5,0.2,20260811,0.16774193548387098,0.5,0.01,0.5,0,0.7560975609756098
41,0.5,0.2,20260811,0.30158730158730157,0.5,0.01,0.5,0,0.6585365853658537
41,0.5,0.2,20260811,0.25245098039215685,0.7279411764705882,1.0,1.0,3,0.5853658536585366
41,0.5,0.2,20260811,0.28743961352657005,0.7077294685990339,1.0,0.0,9,0.5609756097560976
41,0.5,0.2,20260811,0.3862433862433862,0.6772486772486772,0.01,0.0,9,0.6585365853658537
41,0.5,0.2,20260811,0.5054945054945055,0.5,0.01,0.5,0,0.6829268292682927
41,0.5,0.2,20260811,0.41000000000000003,0.605,0.01,0.0,9,0.6097560975609756
41,0.5,0.2,20260811,0.34102564102564104,0.5,0.01,0.5,0,0.6341463414634146
41,0.5,0.2,20260811,0.42816091954022995,0.5,0.01,0.5,0,0.7073170731707317
41,0.5,0.2,20260811,0.6181318681318682,0.826923076923077,1.0,0.0,9,0.6829268292682927
41,0.5,0.2,20260811,0.6717948717948719,0.8974358974358974,1.0,0.0,9,0.6341463414634146
41,0.5,0.2,20260811,0.4212121212121212,0.5,0.01,0.5,0,0.7317073170731707
41,0.5,0.2,20260811,0.4206349206349206,0.7566137566137565,0.01,0.0,9,0.6585365853658537
41,0.5,0.2,20260811,0.21612903225806454,0.6161290322580646,0.01,0.0,9,0.7560975609756098
41,0.5,0.2,20260811,0.38725490196078427,0.7549019607843137,0.1,0.0,9,0.5853658536585366
41,0.5,0.2,20260811,0.2904761904761905,0.6357142857142858,0.01,0.0,9,0.4878048780487805
41,0.5,0.2,20260811,0.3296703296703296,0.5,0.01,0.5,0,0.6829268292682927
41,0.5,0.2,20260811,0.5333333333333333,0.7794871794871796,0.01,0.0,9,0.6341463414634146
41,0.5,0.2,20260811,0.27575757575757576,0.5,0.01,0.5,0,0.7317073170731707
41,0.5,0.2,20260811,0.3941798941798942,0.8174603174603174,0.1,0.0,9,0.6585365853658537
41,0.5,0.2,20260811,0.291005291005291,0.5,0.01,0.5,0,0.6585365853658537
41,0.5,0.2,20260811,0.12,0.5,0.01,0.5,0,0.6097560975609756
41,0.5,0.2,20260811,0.36,0.75,1.0,0.0,9,0.6097560975609756
41,0.5,0.2,20260811,0.19523809523809524,0.5,0.01,0.5,0,0.5121951219512195
41,0.5,0.2,20260811,0.2368421052631579,0.722488038277512,1.0,1.0,6,0.5365853658536586
41,0.5,0.2,20260811,0.5502645502645502,0.8121693121693122,1.0,0.0,9,0.6585365853658537
41,0.5,0.2,20260811,0.354066985645933,0.736842105263158,1.0,1.0,6,0.5365853658536586
41,0.5,0.2,20260811,0.3021978021978022,0.5,0.01,0.5,0,0.6829268292682927
41,0.5,0.2,20260811,0.1985294117647059,0.7647058823529411,1.0,0.0,9,0.5853658536585366
41,0.5,0.2,20260811,0.24242424242424243,0.5,0.01,0.5,0,0.7317073170731707
41,0.5,0.2,20260811,0.4230769230769231,0.8076923076923076,1.0,0.0,9,0.6829268292682927
41,0.5,0.2,20260811,0.17464114832535887,0.6411483253588517,0.01,0.0,9,0.5365853658536586
41,0.5,0.2,20260811,0.417989417989418,0.6825396825396826,0.01,0.0,9,0.6585365853658537
41,0.5,0.2,20260811,0.27179487179487183,0.6769230769230768,0.01,0.0,9,0.6341463414634146
41,0.5,0.2,20260811,0.30193236714975846,0.6570048309178744,0.01,0.0,9,0.5609756097560976
41,0.5,0.2,20260811,0.5076923076923077,0.6230769230769231,0.01,0.0,9,0.6341463414634146
41,0.5,0.2,20260811,0.2212121212121212,0.6484848484848484,0.01,0.0,9,0.7317073170731707
41,0.5,0.2,20260811,0.3941798941798942,0.6216931216931217,0.01,0.0,9,0.6585365853658537
41,0.5,0.2,20260811,0.4333333333333333,0.6871794871794872,0.01,0.0,9,0.6341463414634146
41,0.5,0.2,20260811,0.40740740740740744,0.7222222222222222,1.0,1.0,5,0.6585365853658537
41,0.5,0.2,20260811,0.5689655172413792,0.764367816091954,0.01,0.0,9,0.7073170731707317
41,0.5,0.2,20260811,0.5173611111111112,0.6458333333333334,0.01,0.0,9,0.7804878048780488
41,0.5,0.2,20260811,0.11835748792270531,0.6473429951690821,0.1,0.5,1,0.5609756097560976
41,0.5,0.2,20260811,0.3735632183908046,0.6350574712643678,0.01,0.0,9,0.7073170731707317
41,0.5,0.2,20260811,0.3717948717948718,0.7743589743589744,1.0,0.0,9,0.6341463414634146
41,0.5,0.2,20260811,0.553921568627451,0.5,0.01,0.5,0,0.5853658536585366
41,0.5,0.2,20260811,0.3627450980392157,0.5,0.01,0.5,0,0.5853658536585366
41,0.5,0.2,20260811,0.30769230769230765,0.7087912087912088,0.01,0.0,9,0.6829268292682927
41,0.5,0.2,20260811,0.6544117647058824,0.8774509803921569,1.0,1.0,7,0.5853658536585366
41,0.5,0.2,20260811,0.646551724137931,0.82183908045977,1.0,1.0,4,0.7073170731707317
41,0.5,0.2,20260811,0.3833333333333333,0.6523809523809524,0.01,0.0,9,0.5121951219512195
41,0.5,0.2,20260811,0.26666666666666666,0.6619047619047619,0.01,0.0,9,0.5121951219512195
41,0.5,0.2,20260811,0.72,0.895,1.0,1.0,6,0.6097560975609756
41,0.5,0.2,20260811,0.5245098039215687,0.8088235294117647,1.0,0.0,9,0.5853658536585366
41,0.5,0.2,20260811,0.467032967032967,0.7280219780219781,0.01,0.0,9,0.6829268292682927
41,0.5,0.2,20260811,0.6164021164021164,0.7724867724867724,0.01,0.0,9,0.6585365853658537
41,0.5,0.2,20260811,0.6031746031746033,0.8756613756613757,1.0,0.0,9,0.6585365853658537
41,0.5,0.2,20260811,0.6446078431372548,0.8357843137254902,0.1,0.0,9,0.5853658536585366
41,0.5,0.2,20260811,0.6642156862745099,0.7916666666666667,0.01,0.0,9,0.5853658536585366
41,0.5,0.2,20260811,0.6974358974358974,0.882051282051282,1.0,0.0,9,0.6341463414634146
41,0.5,0.2,20260811,0.43131868131868134,0.6813186813186812,0.01,0.0,9,0.6829268292682927
41,0.5,0.2,20260811,0.5942028985507246,0.8309178743961353,1.0,0.5,6,0.5609756097560976
41,0.5,0.2,20260811,0.5833333333333333,0.764367816091954,0.01,0.0,9,0.7073170731707317
41,0.5,0.2,20260811,0.4576719576719577,0.5,0.01,0.5,0,0.6585365853658537
41,0.5,0.2,20260811,0.4318181818181819,0.6931818181818182,0.01,0.0,9,0.8048780487804879
41,0.5,0.2,20260811,0.5410256410256411,0.7692307692307692,0.01,0.0,9,0.6341463414634146
41,0.5,0.2,20260811,0.35989010989010983,0.6923076923076923,0.01,0.0,9,0.6829268292682927
41,0.5,0.2,20260811,0.2775,0.5700000000000001,0.01,0.0,9,0.6097560975609756
41,0.5,0.2,20260811,0.39655172413793105,0.7241379310344828,0.1,0.5,2,0.7073170731707317
41,0.5,0.2,20260811,0.34210526315789475,0.7488038277511961,1.0,1.0,3,0.5365853658536586
41,0.5,0.2,20260811,0.20500000000000002,0.7075,0.01,0.0,9,0.6097560975609756
41,0.5,0.2,20260811,0.6051282051282052,0.7974358974358975,1.0,0.5,6,0.6341463414634146
41,0.5,0.2,20260811,0.5955882352941176,0.8161764705882353,1.0,0.5,6,0.5853658536585366
41,0.5,0.2,20260811,0.25,0.6436781609195401,0.01,0.0,9,0.7073170731707317
41,0.5,0.2,20260811,0.4683908045977012,0.5,0.01,0.5,0,0.7073170731707317
41,0.5,0.2,20260811,0.2173913043478261,0.642512077294686,0.1,0.5,1,0.5609756097560976
41,0.5,0.2,20260811,0.5025,0.5,0.01,0.5,0,0.6097560975609756
41,0.5,0.2,20260811,0.3090909090909091,0.709090909090909,0.1,0.5,1,0.7317073170731707
41,0.5,0.2,20260811,0.4923076923076924,0.7384615384615385,0.1,0.5,1,0.6341463414634146
41,0.5,0.2,20260811,0.5287356321839081,0.706896551724138,0.01,0.0,9,0.7073170731707317
41,0.5,0.2,20260811,0.6408045977011494,0.8448275862068966,1.0,0.0,9,0.7073170731707317
41,0.5,0.2,20260811,0.37435897435897436,0.7615384615384615,0.1,0.0,9,0.6341463414634146
41,0.5,0.2,20260811,0.2671957671957672,0.5,0.01,0.5,0,0.6585365853658537
41,0.5,0.2,20260811,0.4575,0.71,0.01,0.0,9,0.6097560975609756
41,0.5,0.2,20260811,0.5098039215686274,0.7696078431372548,0.1,0.0,9,0.5853658536585366
41,0.5,0.2,20260811,0.345,0.68625,0.1,0.5,1,0.6097560975609756
41,0.5,0.2,20260811,0.5191387559808613,0.6842105263157895,0.01,0.0,9,0.5365853658536586
41,0.5,0.2,20260811,0.24509803921568626,0.5,0.01,0.5,0,0.5853658536585366
41,0.5,0.2,20260811,0.5076923076923078,0.717948717948718,0.01,0.0,9,0.6341463414634146
41,0.5,0.2,20260811,0.29425837320574166,0.5,0.01,0.5,0,0.5365853658536586
41,0.5,0.2,20260811,0.2325,0.5,0.01,0.5,0,0.6097560975609756
41,0.5,0.2,20260811,0.3806451612903226,0.7258064516129032,0.1,0.0,9,0.7560975609756098
41,0.5,0.2,20260811,0.6151960784313726,0.8088235294117647,1.0,1.0,5,0.5853658536585366
41,0.5,0.2,20260811,0.46296296296296297,0.828042328042328,1.0,0.5,8,0.6585365853658537
41,0.5,0.2,20260811,0.3615384615384616,0.6487179487179486,0.1,0.5,1,0.6341463414634146
41,0.5,0.2,20260811,0.4515151515151515,0.7151515151515151,0.01,0.0,9,0.7317073170731707
41,0.5,0.2,20260811,0.4051724137931035,0.5,0.01,0.5,0,0.7073170731707317
41,0.5,0.2,20260811,0.4798850574712644,0.5,0.01,0.5,0,0.7073170731707317
41,0.5,0.2,20260811,0.3709677419354839,0.6838709677419355,0.01,0.0,9,0.7560975609756098
41,0.5,0.2,20260811,0.3175,0.7100000000000001,0.1,0.0,9,0.6097560975609756
41,0.5,0.2,20260811,0.514367816091954,0.8649425287356322,1.0,0.5,7,0.7073170731707317
41,0.5,0.2,20260811,0.11764705882352941,0.5,0.01,0.5,0,0.4146341463414634
41,0.5,0.2,20260811,0.44973544973544977,0.7751322751322751,0.1,0.0,9,0.6585365853658537
41,0.5,0.2,20260811,0.3379120879120879,0.7060439560439561,0.01,0.0,9,0.6829268292682927
41,0.5,0.2,20260811,0.41666666666666663,0.5,0.01,0.5,0,0.5853658536585366
41,0.5,0.2,20260811,0.30494505494505497,0.5,0.01,0.5,0,0.6829268292682927
41,0.5,0.2,20260811,0.265,0.7150000000000001,1.0,0.0,9,0.6097560975609756
41,0.5,0.2,20260811,0.5225806451612904,0.8677419354838709,1.0,1.0,6,0.7560975609756098
41,0.5,0.2,20260811,0.6190476190476191,0.8666666666666667,1.0,0.0,9,0.4878048780487805
41,0.5,0.2,20260811,0.56,0.71,0.01,0.0,9,0.6097560975609756
41,0.5,0.2,20260811,0.47380952380952385,0.7857142857142857,1.0,0.0,9,0.4878048780487805
41,0.5,0.2,20260811,0.5402298850574712,0.7241379310344828,0.01,0.0,9,0.7073170731707317
41,0.5,0.2,20260811,0.517948717948718,0.7615384615384616,1.0,0.5,7,0.6341463414634146
41,0.5,0.2,20260811,0.22705314009661837,0.5,0.01,0.5,0,0.5609756097560976
41,0.5,0.2,20260811,0.767156862745098,0.926470588235294,1.0,0.5,8,0.5853658536585366
41,0.5,0.2,20260811,0.4913793103448276,0.7988505747126436,0.1,0.0,9,0.7073170731707317
41,0.5,0.2,20260811,0.5935483870967742,0.8258064516129032,1.0,0.0,9,0.7560975609756098
41,0.5,0.2,20260811,0.5384615384615384,0.8564102564102565,1.0,1.0,7,0.6341463414634146
41,0.5,0.2,20260811,0.32010582010582,0.5,0.01,0.5,0,0.6585365853658537
41,0.5,0.2,20260811,0.8051282051282052,0.9435897435897436,1.0,0.0,9,0.6341463414634146
41,0.5,0.2,20260811,0.373015873015873,0.8095238095238095,0.01,0.0,9,0.6585365853658537
41,0.5,0.2,20260811,0.5619047619047619,0.7821428571428571,0.1,0.5,3,0.4878048780487805
41,0.5,0.2,20260811,0.39090909090909093,0.5,0.01,0.5,0,0.7317073170731707
41,0.5,0.2,20260811,0.22303921568627452,0.6102941176470589,0.01,0.0,9,0.5853658536585366
41,0.5,0.2,20260811,0.4166666666666667,0.6813725490196079,0.01,0.0,9,0.5853658536585366
41,0.5,0.2,20260811,0.28205128205128205,0.5,0.01,0.5,0,0.6341463414634146
41,0.5,0.2,20260811,0.4312169312169312,0.7962962962962963,1.0,1.0,7,0.6585365853658537
41,0.5,0.2,20260811,0.32999999999999996,0.7025000000000001,0.01,0.0,9,0.6097560975609756
41,0.5,0.2,20260811,0.3512820512820513,0.5,0.01,0.5,0,0.6341463414634146
41,0.5,0.2,20260811,0.41000000000000003,0.5,0.01,0.5,0,0.6097560975609756
41,0.5,0.2,20260811,0.2152777777777778,0.5,0.01,0.5,0,0.7804878048780488
41,0.5,0.2,20260811,0.5625,0.76,0.01,0.0,9,0.6097560975609756
41,0.5,0.2,20260811,0.775,0.9475,1.0,0.0,9,0.6097560975609756
41,0.5,0.2,20260811,0.31,0.6475,0.01,0.0,9,0.6097560975609756
41,0.5,0.2,20260811,0.5714285714285715,0.7719780219780219,0.1,0.5,2,0.6829268292682927
41,0.5,0.2,20260811,0.215311004784689,0.7272727272727272,1.0,1.0,4,0.5365853658536586
41,0.5,0.2,20260811,0.5382775119617225,0.7966507177033494,0.1,0.0,9,0.5365853658536586
41,0.5,0.2,20260811,0.505,0.7275,0.01,0.0,9,0.6097560975609756
41,0.5,0.2,20260811,0.3936781609195402,0.5,0.01,0.5,0,0.7073170731707317
41,0.5,0.2,20260811,0.4877450980392157,0.7058823529411764,0.01,0.0,9,0.5853658536585366
41,0.5,0.2,20260811,0.6507177033492824,0.8325358851674641,1.0,1.0,4,0.5365853658536586
41,0.5,0.2,20260811,0.45588235294117646,0.7818627450980393,1.0,1.0,5,0.5853658536585366
41,0.5,0.2,20260811,0.45604395604395603,0.6483516483516484,0.01,0.0,9,0.6829268292682927
41,0.5,0.2,20260811,0.416267942583732,0.6818181818181818,0.01,0.0,9,0.5365853658536586
41,0.5,0.2,20260811,0.3324175824175824,0.717032967032967,0.01,0.0,9,0.6829268292682927
41,0.5,0.2,20260811,0.7560386473429952,0.9178743961352657,1.0,0.0,9,0.5609756097560976
41,0.5,0.2,20260811,0.5076923076923077,0.5,0.01,0.5,0,0.6341463414634146
41,0.5,0.2,20260811,0.656084656084656,0.798941798941799,0.01,0.0,9,0.6585365853658537
41,0.5,0.2,20260811,0.4106280193236715,0.6642512077294686,0.01,0.0,9,0.5609756097560976
41,0.5,0.2,20260811,0.6126373626373626,0.7774725274725275,0.01,0.0,9,0.6829268292682927
41,0.5,0.2,20260811,0.395,0.7825,1.0,1.0,5,0.6097560975609756
41,0.5,0.2,20260811,0.39999999999999997,0.6871794871794872,0.01,0.0,9,0.6341463414634146
41,0.5,0.2,20260811,0.2946859903381642,0.7246376811594203,1.0,0.0,9,0.5609756097560976
41,0.5,0.2,20260811,0.5759803921568628,0.8137254901960784,0.1,0.0,9,0.5853658536585366
41,0.5,0.2,20260811,0.4356060606060606,0.7803030303030303,1.0,0.5,7,0.8048780487804879
41,0.5,0.2,20260811,0.39285714285714285,0.7666666666666666,1.0,1.0,4,0.5121951219512195
41,0.5,0.2,20260811,0.23529411764705882,0.5,0.01,0.5,0,0.5853658536585366
41,0.5,0.2,20260811,0.2153846153846154,0.5,0.01,0.5,0,0.6341463414634146
41,0.5,0.2,20260811,0.5349999999999999,0.7975000000000001,1.0,1.0,5,0.6097560975609756
41,0.5,0.2,20260811,0.41025641025641024,0.6743589743589743,0.01,0.0,9,0.6341463414634146
41,0.5,0.2,20260811,0.39473684210526316,0.6387559808612441,0.01,0.0,9,0.5365853658536586
41,0.5,0.2,20260811,0.24401913875598086,0.6459330143540669,0.01,0.0,9,0.5365853658536586
41,0.5,0.2,20260811,0.19806763285024154,0.5,0.01,0.5,0,0.5609756097560976
41,0.5,0.2,20260811,0.455,0.7975,1.0,0.0,9,0.6097560975609756
41,0.5,0.2,20260811,0.28835978835978837,0.5,0.01,0.5,0,0.6585365853658537
41,0.5,0.2,20260811,0.4191176470588235,0.7524509803921569,1.0,1.0,7,0.5853658536585366
41,0.5,0.2,20260811,0.4538461538461539,0.5,0.01,0.5,0,0.6341463414634146
41,0.5,0.2,20260811,0.4252873563218391,0.7327586206896552,0.01,0.0,9,0.7073170731707317
41,0.5,0.2,20260811,0.3793103448275862,0.7787356321839081,1.0,0.5,7,0.7073170731707317
41,0.5,0.2,20260811,0.43386243386243384,0.7724867724867724,1.0,0.0,9,0.6585365853658537
41,0.5,0.2,20260811,0.5119617224880382,0.8277511961722488,1.0,0.0,9,0.4634146341463415
41,0.5,0.2,20260811,0.4252873563218391,0.5,0.01,0.5,0,0.7073170731707317
41,0.5,0.2,20260811,0.5700483091787439,0.7632850241545893,0.1,0.0,9,0.5609756097560976
41,0.5,0.2,20260811,0.2946859903381643,0.5,0.01,0.5,0,0.5609756097560976
41,0.5,0.2,20260811,0.48529411764705876,0.8235294117647058,1.0,0.0,9,0.5853658536585366
41,0.5,0.2,20260811,0.4734848484848485,0.8863636363636364,1.0,1.0,4,0.8048780487804879
41,0.5,0.2,20260811,0.33333333333333337,0.5,0.01,0.5,0,0.6341463414634146
41,0.5,0.2,20260811,0.46825396825396826,0.6507936507936507,0.01,0.0,9,0.6585365853658537
41,0.5,0.2,20260811,0.3717948717948718,0.5,0.01,0.5,0,0.6341463414634146
41,0.5,0.2,20260811,0.18571428571428572,0.657142857142857,0.01,0.0,9,0.5121951219512195
41,0.5,0.2,20260811,0.17142857142857143,0.5,0.01,0.5,0,0.5121951219512195
41,0.5,0.2,20260811,0.22549019607843132,0.7524509803921569,1.0,1.0,8,0.5853658536585366
41,0.5,0.2,20260811,0.56,0.8099999999999999,1.0,0.5,6,0.6097560975609756
41,0.5,0.2,20260811,0.30952380952380953,0.7738095238095237,1.0,0.0,9,0.5121951219512195
41,0.5,0.2,20260811,0.5882352941176471,0.8308823529411765,0.1,0.0,9,0.5853658536585366
41,0.5,0.2,20260811,0.27586206896551724,0.6637931034482759,0.01,0.0,9,0.7073170731707317
41,0.5,0.2,20260811,0.6125,0.785,0.1,0.0,9,0.6097560975609756
41,0.5,0.2,20260811,0.4497354497354497,0.6296296296296297,0.01,0.0,9,0.6585365853658537
41,0.5,0.2,20260811,0.5211640211640212,0.8121693121693121,1.0,0.5,8,0.6585365853658537
41,0.5,0.2,20260811,0.6825396825396824,0.8888888888888888,1.0,0.5,7,0.6585365853658537
41,0.5,0.2,20260811,0.1290322580645161,0.5,0.01,0.5,0,0.7560975609756098
41,0.5,0.2,20260811,0.3735632183908046,0.6867816091954023,0.01,0.0,9,0.7073170731707317
41,0.5,0.2,20260811,0.42344497607655507,0.7966507177033493,1.0,0.0,9,0.5365853658536586
41,0.5,0.2,20260811,0.45114942528735635,0.6954022988505747,0.01,0.0,9,0.7073170731707317
41,0.5,0.2,20260811,0.34065934065934067,0.695054945054945,0.01,0.0,9,0.6829268292682927
41,0.5,0.2,20260811,0.4232804232804233,0.6904761904761905,0.01,0.0,9,0.6585365853658537
41,0.5,0.2,20260811,0.3,0.6461538461538462,0.01,0.0,9,0.6341463414634146
41,0.5,0.2,20260811,0.39473684210526316,0.8349282296650719,1.0,0.0,9,0.5365853658536586
41,0.5,0.2,20260811,0.42142857142857143,0.7535714285714286,0.1,0.5,2,0.5121951219512195
41,0.5,0.2,20260811,0.5079365079365079,0.7275132275132276,0.01,0.0,9,0.6585365853658537
41,0.5,0.2,20260811,0.335,0.6475,0.01,0.0,9,0.6097560975609756
41,0.5,0.2,20260811,0.1975,0.765,1.0,0.5,6,0.6097560975609756
41,0.5,0.2,20260811,0.6051282051282052,0.7935897435897437,0.1,0.5,2,0.6341463414634146
41,0.5,0.2,20260811,0.5774193548387097,0.7838709677419354,1.0,1.0,3,0.7560975609756098
41,0.5,0.2,20260811,0.5681818181818182,0.8295454545454546,1.0,0.0,9,0.8048780487804879
41,0.5,0.2,20260811,0.5452380952380953,0.7559523809523809,0.1,0.5,2,0.5121951219512195
41,0.5,0.2,20260811,0.28125,0.8819444444444444,1.0,0.0,9,0.7804878048780488
41,0.5,0.2,20260811,0.27692307692307694,0.5,0.01,0.5,0,0.6341463414634146
41,0.5,0.2,20260811,0.3492063492063492,0.6904761904761905,0.1,0.0,9,0.6585365853658537
41,0.5,0.2,20260811,0.54,0.8150000000000001,1.0,0.0,9,0.6097560975609756
41,0.5,0.2,20260811,0.22500000000000003,0.5,0.01,0.5,0,0.6097560975609756
41,0.5,0.2,20260811,0.47252747252747257,0.6785714285714286,0.01,0.0,9,0.6829268292682927
41,0.5,0.2,20260811,0.49,0.5,0.01,0.5,0,0.6097560975609756
41,0.5,0.2,20260811,0.5846153846153845,0.8333333333333334,1.0,0.5,7,0.6341463414634146
41,0.5,0.2,20260811,0.382183908045977,0.6867816091954023,0.01,0.0,9,0.7073170731707317
41,0.5,0.2,20260811,0.45128205128205123,0.7333333333333334,1.0,1.0,4,0.6341463414634146
41,0.5,0.2,20260811,0.245,0.5,0.01,0.5,0,0.6097560975609756
41,0.5,0.2,20260811,0.5049019607843137,0.8112745098039215,1.0,1.0,5,0.5853658536585366
41,0.5,0.2,20260811,0.6205128205128205,0.8051282051282052,0.1,0.5,4,0.6341463414634146
41,0.5,0.2,20260811,0.5079365079365079,0.6878306878306878,0.01,0.0,9,0.6585365853658537
41,0.5,0.2,20260811,0.239010989010989,0.6565934065934066,0.01,0.0,9,0.6829268292682927
41,0.5,0.2,20260811,0.38480392156862747,0.6862745098039216,0.01,0.0,9,0.5853658536585366
41,0.5,0.2,20260811,0.3282051282051282,0.7102564102564102,0.01,0.0,9,0.6341463414634146
41,0.5,0.2,20260811,0.3404761904761905,0.638095238095238,0.01,0.0,9,0.5121951219512195
41,0.5,0.2,20260811,0.35344827586206895,0.7500000000000001,1.0,0.5,6,0.7073170731707317
41,0.5,0.2,20260811,0.3774193548387097,0.6806451612903226,0.01,0.0,9,0.7560975609756098
41,0.5,0.2,20260811,0.7177033492822966,0.9090909090909092,1.0,0.0,9,0.5365853658536586
41,0.5,0.2,20260811,0.3188405797101449,0.5,0.01,0.5,0,0.5609756097560976
41,0.5,0.2,20260811,0.2751196172248803,0.729665071770335,1.0,0.0,9,0.5365853658536586
41,0.5,0.2,20260811,0.4485294117647059,0.6666666666666666,0.01,0.0,9,0.5853658536585366
41,0.5,0.2,20260811,0.3088235294117648,0.7254901960784313,1.0,0.5,8,0.5853658536585366
41,0.5,0.2,20260811,0.4365079365079365,0.6904761904761905,0.01,0.0,9,0.6585365853658537
41,0.5,0.2,20260811,0.44358974358974357,0.6794871794871795,0.01,0.0,9,0.6341463414634146
41,0.5,0.2,20260811,0.3941798941798942,0.7777777777777778,1.0,0.5,8,0.6585365853658537
41,0.5,0.2,20260811,0.5833333333333333,0.8666666666666667,1.0,0.0,9,0.5121951219512195
41,0.5,0.2,20260811,0.4540229885057471,0.8160919540229885,1.0,0.0,9,0.7073170731707317
41,0.5,0.2,20260811,0.47252747252747257,0.848901098901099,1.0,1.0,4,0.6829268292682927
41,0.5,0.2,20260811,0.20899470899470898,0.7777777777777778,1.0,1.0,4,0.6585365853658537
41,0.5,0.2,20260811,0.4492753623188406,0.7729468599033816,0.1,0.0,9,0.5609756097560976
41,0.5,0.2,20260811,0.1207729468599034,0.5,0.01,0.5,0,0.5609756097560976
41,0.5,0.2,20260811,0.5514705882352942,0.7818627450980392,0.1,0.0,9,0.5853658536585366
41,0.5,0.2,20260811,0.11781609195402301,0.7212643678160919,0.01,0.0,9,0.7073170731707317
41,0.5,0.2,20260811,0.41935483870967744,0.7451612903225806,0.1,0.5,1,0.7560975609756098
41,0.5,0.2,20260811,0.4240196078431373,0.7990196078431372,0.1,0.0,9,0.5853658536585366
41,0.5,0.2,20260811,0.4425837320574163,0.6889952153110048,0.01,0.0,9,0.5365853658536586
41,0.5,0.2,20260811,0.18205128205128207,0.5,0.01,0.5,0,0.6341463414634146
41,0.5,0.2,20260811,0.3870967741935484,0.667741935483871,0.01,0.0,9,0.7560975609756098
41,0.5,0.2,20260811,0.3835978835978836,0.753968253968254,0.01,0.0,9,0.6585365853658537
41,0.5,0.2,20260811,0.5449999999999999,0.83,1.0,0.0,9,0.6097560975609756
41,0.5,0.2,20260811,0.3306878306878307,0.5,0.01,0.5,0,0.6585365853658537
41,0.5,0.2,20260811,0.4109195402298851,0.6637931034482758,0.01,0.0,9,0.7073170731707317
41,0.5,0.2,20260811,0.45833333333333337,0.5,0.01,0.5,0,0.8048780487804879
41,0.5,0.2,20260811,0.489010989010989,0.5,0.01,0.5,0,0.6829268292682927
41,0.5,0.2,20260811,0.3121693121693121,0.5,0.01,0.5,0,0.6585365853658537
41,0.5,0.2,20260811,0.6269841269841269,0.8941798941798941,1.0,0.0,9,0.6585365853658537
41,0.5,0.2,20260811,0.4696969696969697,0.7727272727272727,1.0,1.0,5,0.7317073170731707
41,0.5,0.2,20260811,0.5423280423280423,0.8306878306878307,1.0,1.0,7,0.6585365853658537
41,0.5,0.2,20260811,0.31862745098039214,0.5,0.01,0.5,0,0.4146341463414634
41,0.5,0.2,20260811,0.3404761904761905,0.6904761904761905,0.01,0.0,9,0.4878048780487805
41,0.5,0.2,20260811,0.245,0.5,0.01,0.5,0,0.6097560975609756
41,0.5,0.2,20260811,0.7024999999999999,0.7450000000000001,0.1,0.5,1,0.6097560975609756
41,0.5,0.2,20260811,0.6264367816091954,0.867816091954023,1.0,0.5,8,0.7073170731707317
41,0.5,0.2,20260811,0.3309178743961353,0.6714975845410628,0.01,0.0,9,0.5609756097560976
41,0.5,0.2,20260811,0.37637362637362637,0.6153846153846154,0.01,0.0,9,0.6829268292682927
41,0.5,0.2,20260811,0.3429951690821256,0.5,0.01,0.5,0,0.5609756097560976
41,0.5,0.2,20260811,0.49090909090909085,0.7272727272727273,0.01,0.0,9,0.7317073170731707
41,0.5,0.2,20260811,0.467741935483871,0.7838709677419355,0.1,0.0,9,0.7560975609756098
41,0.5,0.2,20260811,0.5931372549019608,0.7401960784313726,0.01,0.0,9,0.5853658536585366
41,0.5,0.2,20260811,0.478021978021978,0.8296703296703296,1.0,0.0,9,0.6829268292682927
41,0.5,0.2,20260811,0.34391534391534395,0.5,0.01,0.5,0,0.6585365853658537
41,0.5,0.2,20260811,0.6084656084656085,0.8544973544973544,1.0,1.0,7,0.6585365853658537
41,0.5,0.2,20260811,0.31746031746031744,0.7513227513227514,1.0,0.0,9,0.6585365853658537
41,0.5,0.2,20260811,0.6206896551724138,0.8563218390804598,1.0,0.0,9,0.7073170731707317
41,0.5,0.2,20260811,0.3543956043956044,0.5,0.01,0.5,0,0.6829268292682927
41,0.5,0.2,20260811,0.40931372549019607,0.5,0.01,0.5,0,0.5853658536585366
41,0.5,0.2,20260811,0.31794871794871793,0.694871794871795,0.01,0.0,9,0.6341463414634146
41,0.5,0.2,20260811,0.36029411764705876,0.6617647058823529,1.0,1.0,4,0.5853658536585366
41,0.5,0.2,20260811,0.32142857142857145,0.5,0.01,0.5,0,0.5121951219512195
41,0.5,0.2,20260811,0.4523809523809524,0.5,0.01,0.5,0,0.6585365853658537
41,0.5,0.2,20260811,0.2794871794871795,0.8205128205128206,1.0,0.0,9,0.6341463414634146
41,0.5,0.2,20260811,0.4154589371980676,0.6763285024154589,0.01,0.0,9,0.5609756097560976
41,0.5,0.2,20260811,0.4505494505494505,0.7582417582417582,1.0,0.0,9,0.6829268292682927
41,0.5,0.2,20260811,0.34065934065934067,0.6428571428571428,0.01,0.0,9,0.6829268292682927
41,0.5,0.2,20260811,0.3014705882352941,0.5,0.01,0.5,0,0.5853658536585366
41,0.5,0.2,20260811,0.1593137254901961,0.6151960784313726,0.01,0.0,9,0.5853658536585366
41,0.5,0.2,20260811,0.45114942528735624,0.7600574712643678,0.1,0.5,2,0.7073170731707317
41,0.5,0.2,20260811,0.6825,0.8175,0.1,0.0,9,0.6097560975609756
41,0.5,0.2,20260811,0.6256410256410256,0.8871794871794871,1.0,0.0,9,0.6341463414634146
41,0.5,0.2,20260811,0.41798941798941797,0.5,0.01,0.5,0,0.6585365853658537
41,0.5,0.2,20260811,0.2584541062801933,0.644927536231884,0.01,0.0,9,0.5609756097560976
41,0.5,0.2,20260811,0.4470899470899471,0.6904761904761906,0.01,0.0,9,0.6585365853658537
41,0.5,0.2,20260811,0.4252873563218391,0.6839080459770115,0.01,0.0,9,0.7073170731707317
41,0.5,0.2,20260811,0.5709677419354838,0.7354838709677419,1.0,1.0,4,0.7560975609756098
41,0.5,0.2,20260811,0.24242424242424243,0.8484848484848485,1.0,0.0,9,0.7317073170731707
41,0.5,0.2,20260811,0.6333333333333333,0.8357142857142857,0.1,0.0,9,0.5121951219512195
41,0.5,0.2,20260811,0.3516483516483516,0.793956043956044,1.0,0.5,7,0.6829268292682927
41,0.5,0.2,20260811,0.6455026455026456,0.8518518518518519,1.0,0.0,9,0.6585365853658537
41,0.5,0.2,20260811,0.15873015873015872,0.5,0.01,0.5,0,0.6585365853658537
41,0.5,0.2,20260811,0.25603864734299514,0.6980676328502415,0.01,0.0,9,0.5609756097560976
41,0.5,0.2,20260811,0.25,0.5,0.01,0.5,0,0.6097560975609756
41,0.5,0.2,20260811,0.31538461538461543,0.5,0.01,0.5,0,0.6341463414634146
41,0.5,0.2,20260811,0.37799043062200954,0.5,0.01,0.5,0,0.4634146341463415
41,0.5,0.2,20260811,0.255,0.5,0.01,0.5,0,0.6097560975609756
41,0.5,0.2,20260811,0.19,0.745,1.0,0.0,9,0.6097560975609756
41,0.5,0.2,20260811,0.5909090909090908,0.5,0.01,0.5,0,0.8048780487804879
41,0.5,0.2,20260811,0.3756613756613757,0.7142857142857143,0.01,0.0,9,0.6585365853658537
41,0.5,0.2,20260811,0.4022988505747127,0.6867816091954023,0.01,0.0,9,0.7073170731707317
41,0.5,0.2,20260811,0.7224999999999999,0.8525,1.0,0.0,9,0.6097560975609756
41,0.5,0.2,20260811,0.08809523809523809,0.5,0.01,0.5,0,0.5121951219512195
41,0.5,0.2,20260811,0.3602941176470588,0.633578431372549,1.0,1.0,2,0.5853658536585366
41,0.5,0.2,20260811,0.6076923076923078,0.8794871794871795,0.1,0.0,9,0.6341463414634146
41,0.5,0.2,20260811,0.5386473429951691,0.7995169082125604,0.1,0.0,9,0.5609756097560976
41,0.5,0.2,20260811,0.3275,0.5,0.01,0.5,0,0.6097560975609756
41,0.5,0.2,20260811,0.5687830687830687,0.8386243386243386,1.0,0.0,9,0.6585365853658537
41,0.5,0.2,20260811,0.35151515151515156,0.5,0.01,0.5,0,0.7317073170731707
41,0.5,0.2,20260811,0.7105263157894737,0.7942583732057417,0.1,0.5,2,0.5365853658536586
41,0.5,0.2,20260811,0.4339080459770115,0.7126436781609196,0.1,0.5,1,0.7073170731707317
41,0.5,0.2,20260811,0.4505494505494505,0.6538461538461539,0.01,0.0,9,0.6829268292682927
41,0.5,0.2,20260811,0.30952380952380953,0.7407407407407407,1.0,1.0,4,0.6585365853658537
41,0.5,0.2,20260811,0.38064516129032255,0.5,0.01,0.5,0,0.7560975609756098
41,0.5,0.2,20260811,0.36451612903225805,0.7,0.01,0.0,9,0.7560975609756098
41,0.5,0.2,20260811,0.47101449275362317,0.5,0.01,0.5,0,0.5609756097560976
41,0.5,0.2,20260811,0.42564102564102557,0.5,0.01,0.5,0,0.6341463414634146
41,0.5,0.2,20260811,0.2377450980392157,0.5955882352941176,0.01,0.0,9,0.5853658536585366
41,0.5,0.2,20260811,0.1925287356321839,0.7327586206896551,1.0,0.5,8,0.7073170731707317
41,0.5,0.2,20260811,0.47089947089947093,0.7751322751322751,1.0,0.0,9,0.6585365853658537
41,0.5,0.2,20260811,0.2152777777777778,0.5,0.01,0.5,0,0.7804878048780488
41,0.5,0.2,20260811,0.47846889952153115,0.7272727272727273,0.1,0.0,9,0.5365853658536586
41,0.5,0.2,20260811,0.3575,0.5,0.01,0.5,0,0.6097560975609756
41,0.5,0.2,20260811,0.4656084656084656,0.7420634920634921,0.1,0.5,2,0.6585365853658537
41,0.5,0.2,20260811,0.396969696969697,0.7212121212121212,0.01,0.0,9,0.7317073170731707
41,0.5,0.2,20260811,0.40499999999999997,0.5,0.01,0.5,0,0.6097560975609756
41,0.5,0.2,20260811,0.361244019138756,0.7583732057416267,0.1,0.0,9,0.4634146341463415
41,0.5,0.2,20260811,0.24358974358974358,0.5,0.01,0.5,0,0.6341463414634146
41,0.5,0.2,20260811,0.3857142857142857,0.5,0.01,0.5,0,0.5121951219512195
41,0.5,0.2,20260811,0.32999999999999996,0.715,0.01,0.0,9,0.6097560975609756
41,0.5,0.2,20260811,0.6091954022988506,0.8936781609195402,1.0,0.0,9,0.7073170731707317
41,0.5,0.2,20260811,0.585,0.76125,0.1,0.5,1,0.6097560975609756
41,0.5,0.2,20260811,0.4770114942528736,0.8017241379310345,0.1,0.0,9,0.7073170731707317
41,0.5,0.2,20260811,0.5882352941176471,0.5,0.01,0.5,0,0.5853658536585366
41,0.5,0.2,20260811,0.3160919540229885,0.8304597701149425,1.0,1.0,5,0.7073170731707317
41,0.5,0.2,20260811,0.5211640211640212,0.8068783068783069,1.0,0.5,6,0.6585365853658537
41,0.5,0.2,20260811,0.4615384615384615,0.7733516483516483,1.0,1.0,4,0.6829268292682927
41,0.5,0.2,20260811,0.5256410256410257,0.7487179487179487,0.1,0.5,2,0.6341463414634146
41,0.5,0.2,20260811,0.17435897435897435,0.5,0.01,0.5,0,0.6341463414634146
41,0.5,0.2,20260811,0.69377990430622,0.7703349282296651,0.01,0.0,9,0.4634146341463415
41,0.5,0.2,20260811,0.3253968253968254,0.5,0.01,0.5,0,0.6585365853658537
41,0.5,0.2,20260811,0.603225806451613,0.867741935483871,1.0,0.0,9,0.7560975609756098
41,0.5,0.2,20260811,0.33225806451612905,0.5,0.01,0.5,0,0.7560975609756098
41,0.5,0.2,20260811,0.20486111111111116,0.78125,0.01,0.0,9,0.7804878048780488
41,0.5,0.2,20260811,0.0,0.670343137254902,0.1,0.5,1,0.5853658536585366
41,0.5,0.2,20260811,0.24615384615384614,0.6948717948717948,1.0,1.0,5,0.6341463414634146
41,0.5,0.2,20260811,0.2692307692307692,0.5,0.01,0.5,0,0.6341463414634146
41,0.5,0.2,20260811,0.4365079365079365,0.7830687830687831,1.0,0.0,9,0.6585365853658537
41,0.5,0.2,20260811,0.4338235294117647,0.8259803921568628,0.1,0.0,9,0.5853658536585366
41,0.5,0.2,20260811,0.4787878787878789,0.5,0.01,0.5,0,0.7317073170731707
41,0.5,0.2,20260811,0.44780219780219777,0.5,0.01,0.5,0,0.6829268292682927
41,0.5,0.2,20260811,0.5316091954022989,0.8620689655172414,1.0,1.0,8,0.7073170731707317
41,0.5,0.35,20260811,0.6534391534391534,0.8465608465608466,0.1,0.0,9,0.6585365853658537
41,0.5,0.35,20260811,0.42424242424242425,0.5,0.01,0.5,0,0.7317073170731707
41,0.5,0.35,20260811,0.5603864734299517,0.7681159420289856,0.1,0.5,1,0.5609756097560976
41,0.5,0.35,20260811,0.7155172413793104,0.9224137931034483,1.0,0.0,9,0.7073170731707317
41,0.5,0.35,20260811,0.5373563218390804,0.7614942528735632,0.01,0.0,9,0.7073170731707317
41,0.5,0.35,20260811,0.4576719576719577,0.761904761904762,1.0,1.0,5,0.6585365853658537
41,0.5,0.35,20260811,0.15384615384615385,0.5,0.01,0.5,0,0.6341463414634146
41,0.5,0.35,20260811,0.6568627450980392,0.7928921568627452,0.1,0.5,3,0.5853658536585366
41,0.5,0.35,20260811,0.33045977011494254,0.5,0.01,0.5,0,0.7073170731707317
41,0.5,0.35,20260811,0.4505494505494505,0.6895604395604396,0.01,0.0,9,0.6829268292682927
41,0.5,0.35,20260811,0.7193548387096774,0.9258064516129033,1.0,0.5,7,0.7560975609756098
41,0.5,0.35,20260811,0.37320574162679426,0.6818181818181818,0.01,0.0,9,0.5365853658536586
41,0.5,0.35,20260811,0.4758454106280193,0.7753623188405796,1.0,1.0,5,0.5609756097560976
41,0.5,0.35,20260811,0.2246376811594203,0.6642512077294686,0.01,0.0,9,0.5609756097560976
41,0.5,0.35,20260811,0.2873563218390805,0.5,0.01,0.5,0,0.7073170731707317
41,0.5,0.35,20260811,0.33333333333333337,0.6521739130434783,0.01,0.0,9,0.5609756097560976
41,0.5,0.35,20260811,0.1839080459770115,0.735632183908046,1.0,0.0,9,0.7073170731707317
41,0.5,0.35,20260811,0.35167464114832536,0.6842105263157895,0.01,0.0,9,0.5365853658536586
41,0.5,0.35,20260811,0.4032258064516129,0.5,0.01,0.5,0,0.7560975609756098
41,0.5,0.35,20260811,0.5384615384615385,0.7197802197802198,0.01,0.0,9,0.6829268292682927
41,0.5,0.35,20260811,0.4362745098039216,0.5,0.01,0.5,0,0.5853658536585366
41,0.5,0.35,20260811,0.6939393939393939,0.8939393939393939,1.0,0.0,9,0.7317073170731707
41,0.5,0.35,20260811,0.255,0.7175,1.0,1.0,5,0.6097560975609756
41,0.5,0.35,20260811,0.20813397129186606,0.5,0.01,0.5,0,0.5365853658536586
41,0.5,0.35,20260811,0.3055555555555556,0.8055555555555556,1.0,0.0,9,0.7804878048780488
41,0.5,0.35,20260811,0.16176470588235295,0.5,0.01,0.5,0,0.5853658536585366
41,0.5,0.35,20260811,0.16666666666666666,0.5,0.01,0.5,0,0.6341463414634146
41,0.5,0.35,20260811,0.39080459770114945,0.7155172413793104,0.01,0.0,9,0.7073170731707317
41,0.5,0.35,20260811,0.41515151515151516,0.7363636363636363,0.01,0.0,9,0.7317073170731707
41,0.5,0.35,20260811,0.3480392156862745,0.7058823529411765,1.0,1.0,4,0.5853658536585366
41,0.5,0.35,20260811,0.6507936507936507,0.7473544973544973,0.1,0.5,1,0.6585365853658537
41,0.5,0.35,20260811,0.33333333333333337,0.7142857142857143,0.1,0.0,9,0.6585365853658537
41,0.5,0.35,20260811,0.4583333333333333,0.7843137254901961,1.0,0.0,9,0.5853658536585366
41,0.5,0.35,20260811,0.441025641025641,0.6974358974358975,0.01,0.0,9,0.6341463414634146
41,0.5,0.35,20260811,0.4424242424242425,0.6969696969696969,0.01,0.0,9,0.7317073170731707
41,0.5,0.35,20260811,0.2743055555555556,0.5,0.01,0.5,0,0.7804878048780488
41,0.5,0.35,20260811,0.36538461538461536,0.75,1.0,0.0,9,0.6829268292682927
41,0.5,0.35,20260811,0.6691176470588236,0.7622549019607843,0.01,0.0,9,0.5853658536585366
41,0.5,0.35,20260811,0.6102941176470589,0.7977941176470589,0.1,0.5,3,0.5853658536585366
41,0.5,0.35,20260811,0.36243386243386244,0.5,0.01,0.5,0,0.6585365853658537
41,0.5,0.35,20260811,0.3950000000000001,0.6125,0.01,0.0,9,0.6097560975609756
41,0.5,0.35,20260811,0.5686813186813187,0.7252747252747254,0.01,0.0,9,0.6829268292682927
41,0.5,0.35,20260811,0.7212643678160919,0.7902298850574713,0.01,0.0,9,0.7073170731707317
41,0.5,0.35,20260811,0.5750000000000001,0.8049999999999999,0.1,0.0,9,0.6097560975609756
41,0.5,0.35,20260811,0.7515151515151515,0.9333333333333333,1.0,0.0,9,0.7317073170731707
41,0.5,0.35,20260811,0.6137566137566137,0.8121693121693121,0.01,0.0,9,0.6585365853658537
41,0.5,0.35,20260811,0.3444976076555024,0.7200956937799043,0.01,0.0,9,0.5365853658536586
41,0.5,0.35,20260811,0.5307692307692308,0.8,0.1,0.0,9,0.6341463414634146
41,0.5,0.35,20260811,0.16363636363636364,0.5,0.01,0.5,0,0.7317073170731707
41,0.5,0.35,20260811,0.435,0.71,0.01,0.0,9,0.6097560975609756
41,0.5,0.35,20260811,0.36750000000000005,0.6525000000000001,0.01,0.0,9,0.6097560975609756
41,0.5,0.35,20260811,0.45151515151515154,0.7333333333333333,1.0,1.0,4,0.7317073170731707
41,0.5,0.35,20260811,0.33578431372549017,0.6715686274509804,0.01,0.0,9,0.5853658536585366
41,0.5,0.35,20260811,0.3159340659340659,0.7582417582417583,0.1,0.0,9,0.6829268292682927
41,0.5,0.35,20260811,0.4423076923076923,0.7032967032967032,0.01,0.0,9,0.6829268292682927
41,0.5,0.35,20260811,0.3032258064516129,0.6580645161290323,0.01,0.0,9,0.7560975609756098
41,0.5,0.35,20260811,0.5603864734299517,0.7463768115942029,0.01,0.0,9,0.5609756097560976
41,0.5,0.35,20260811,0.5512820512820513,0.7743589743589744,0.01,0.0,9,0.6341463414634146
41,0.5,0.35,20260811,0.6200980392156863,0.8259803921568627,1.0,0.0,9,0.5853658536585366
41,0.5,0.35,20260811,0.6722488038277512,0.7691387559808612,0.1,0.5,1,0.5365853658536586
41,0.5,0.35,20260811,0.40441176470588236,0.6544117647058822,0.01,0.0,9,0.5853658536585366
41,0.5,0.35,20260811,0.4926470588235294,0.7769607843137254,0.1,0.0,9,0.5853658536585366
41,0.5,0.35,20260811,0.5294117647058824,0.8161764705882353,1.0,0.0,9,0.5853658536585366
41,0.5,0.35,20260811,0.509090909090909,0.7515151515151516,0.1,0.0,9,0.7317073170731707
41,0.5,0.35,20260811,0.26,0.6625,0.01,0.0,9,0.6097560975609756
41,0.5,0.35,20260811,0.4532967032967033,0.6895604395604396,0.01,0.0,9,0.6829268292682927
41,0.5,0.35,20260811,0.24019607843137258,0.6740196078431373,0.01,0.0,9,0.5853658536585366
41,0.5,0.35,20260811,0.3820512820512821,0.7256410256410256,1.0,1.0,8,0.6341463414634146
41,0.5,0.35,20260811,0.5147058823529411,0.8284313725490196,1.0,0.0,9,0.5853658536585366
41,0.5,0.35,20260811,0.497584541062802,0.7874396135265701,1.0,1.0,6,0.43902439024390244
41,0.5,0.35,20260811,0.22966507177033493,0.5,0.01,0.5,0,0.5365853658536586
41,0.5,0.35,20260811,0.6575,0.8275,1.0,1.0,4,0.6097560975609756
41,0.5,0.35,20260811,0.48284313725490197,0.803921568627451,1.0,0.0,9,0.5853658536585366
41,0.5,0.35,20260811,0.4109195402298851,0.7327586206896552,0.01,0.0,9,0.7073170731707317
41,0.5,0.35,20260811,0.4607843137254903,0.7769607843137255,1.0,0.0,9,0.5853658536585366
41,0.5,0.35,20260811,0.21256038647342995,0.7028985507246377,1.0,0.0,9,0.5609756097560976
41,0.5,0.35,20260811,0.35,0.7525000000000001,1.0,0.5,9,0.6097560975609756
41,0.5,0.35,20260811,0.5412087912087912,0.8241758241758241,0.1,0.0,9,0.6829268292682927
41,0.5,0.35,20260811,0.2524509803921569,0.6397058823529411,0.01,0.0,9,0.4146341463414634
41,0.5,0.35,20260811,0.5247252747252747,0.75,0.01,0.0,9,0.6829268292682927
41,0.5,0.35,20260811,0.30952380952380953,0.7010582010582012,0.1,0.0,9,0.6585365853658537
41,0.5,0.35,20260811,0.4800000000000001,0.6775,0.01,0.0,9,0.6097560975609756
41,0.5,0.35,20260811,0.32954545454545453,0.7310606060606061,0.01,0.0,9,0.8048780487804879
41,0.5,0.35,20260811,0.5709677419354838,0.6548387096774194,0.01,0.0,9,0.7560975609756098
41,0.5,0.35,20260811,0.47413793103448276,0.5,0.01,0.5,0,0.7073170731707317
41,0.5,0.35,20260811,0.49043062200956933,0.7069377990430622,0.1,0.5,1,0.5365853658536586
41,0.5,0.35,20260811,0.41911764705882354,0.7083333333333334,0.01,0.0,9,0.5853658536585366
41,0.5,0.35,20260811,0.5399999999999999,0.7725,0.1,0.0,9,0.6097560975609756
41,0.5,0.35,20260811,0.4305555555555556,0.5,0.01,0.5,0,0.7804878048780488
41,0.5,0.35,20260811,0.16666666666666666,0.5,0.01,0.5,0,0.7073170731707317
41,0.5,0.35,20260811,0.37948717948717947,0.5,0.01,0.5,0,0.6341463414634146
41,0.5,0.35,20260811,0.34838709677419355,0.5,0.01,0.5,0,0.7560975609756098
41,0.5,0.35,20260811,0.41379310344827586,0.5,0.01,0.5,0,0.7073170731707317
41,0.5,0.35,20260811,0.446078431372549,0.6973039215686274,0.1,0.5,1,0.5853658536585366
41,0.5,0.35,20260811,0.641025641025641,0.8692307692307693,1.0,0.0,9,0.6341463414634146
41,0.5,0.35,20260811,0.6911764705882353,0.8051470588235294,0.1,0.5,2,0.5853658536585366
41,0.5,0.35,20260811,0.3382352941176471,0.6544117647058824,0.01,0.0,9,0.5853658536585366
41,0.5,0.35,20260811,0.4558823529411765,0.7892156862745099,1.0,1.0,8,0.5853658536585366
41,0.5,0.35,20260811,0.6006944444444444,0.888888888888889,1.0,0.5,5,0.7804878048780488
41,0.5,0.35,20260811,0.6575757575757576,0.5,0.01,0.5,0,0.7317073170731707
41,0.5,0.35,20260811,0.33333333333333337,0.5,0.01,0.5,0,0.6341463414634146
41,0.5,0.35,20260811,0.31666666666666665,0.7738095238095237,1.0,0.0,9,0.5121951219512195
41,0.5,0.35,20260811,0.4391534391534392,0.7645502645502646,1.0,1.0,6,0.6585365853658537
41,0.5,0.35,20260811,0.5952380952380952,0.8452380952380952,1.0,1.0,5,0.6585365853658537
41,0.5,0.35,20260811,0.4808612440191387,0.7846889952153111,0.1,0.0,9,0.5365853658536586
41,0.5,0.35,20260811,0.4258373205741627,0.7248803827751197,0.1,0.5,1,0.5365853658536586
41,0.5,0.35,20260811,0.6534391534391535,0.7936507936507937,0.01,0.0,9,0.6585365853658537
41,0.5,0.35,20260811,0.353448275862069,0.6982758620689655,0.01,0.0,9,0.7073170731707317
41,0.5,0.35,20260811,0.5264550264550265,0.7195767195767196,0.01,0.0,9,0.6585365853658537
41,0.5,0.35,20260811,0.355,0.5,0.01,0.5,0,0.6097560975609756
41,0.5,0.35,20260811,0.5775000000000001,0.7125,0.01,0.0,9,0.6097560975609756
41,0.5,0.35,20260811,0.41025641025641024,0.7538461538461539,0.1,0.0,9,0.6341463414634146
41,0.5,0.35,20260811,0.09770114942528735,0.6293103448275862,0.01,0.0,9,0.7073170731707317
41,0.5,0.35,20260811,0.35500000000000004,0.665,0.01,0.0,9,0.6097560975609756
41,0.5,0.35,20260811,0.20689655172413796,0.5,0.01,0.5,0,0.7073170731707317
41,0.5,0.35,20260811,0.553921568627451,0.7769607843137255,0.1,0.5,2,0.5853658536585366
41,0.5,0.35,20260811,0.4670329670329671,0.7252747252747254,0.1,0.0,9,0.6829268292682927
41,0.5,0.35,20260811,0.2761904761904762,0.6642857142857143,0.01,0.0,9,0.5121951219512195
41,0.5,0.35,20260811,0.2584541062801933,0.6328502415458936,0.01,0.0,9,0.5609756097560976
41,0.5,0.35,20260811,0.4482758620689655,0.757183908045977,0.1,0.5,2,0.7073170731707317
41,0.5,0.35,20260811,0.5142857142857143,0.7428571428571429,0.01,0.0,9,0.5121951219512195
41,0.5,0.35,20260811,0.4666666666666667,0.7615384615384616,0.01,0.0,9,0.6341463414634146
41,0.5,0.35,20260811,0.26373626373626374,0.5,0.01,0.5,0,0.6829268292682927
41,0.5,0.35,20260811,0.1695402298850575,0.5,0.01,0.5,0,0.7073170731707317
41,0.5,0.35,20260811,0.46568627450980393,0.5,0.01,0.5,0,0.5853658536585366
41,0.5,0.35,20260811,0.42903225806451617,0.7032258064516129,0.01,0.0,9,0.7560975609756098
41,0.5,0.35,20260811,0.33571428571428574,0.5,0.01,0.5,0,0.5121951219512195
41,0.5,0.35,20260811,0.575,0.835,0.1,0.5,4,0.6097560975609756
41,0.5,0.35,20260811,0.10952380952380952,0.6333333333333333,0.01,0.0,9,0.4878048780487805
41,0.5,0.35,20260811,0.5687830687830687,0.7777777777777778,1.0,1.0,5,0.6585365853658537
41,0.5,0.35,20260811,0.48067632850241543,0.717391304347826,0.01,0.0,9,0.5609756097560976
41,0.5,0.35,20260811,0.1875,0.7309027777777778,0.1,0.5,1,0.7804878048780488
41,0.5,0.35,20260811,0.2614942528735632,0.7959770114942528,1.0,1.0,6,0.7073170731707317
41,0.5,0.35,20260811,0.12878787878787878,0.5,0.01,0.5,0,0.8048780487804879
41,0.5,0.35,20260811,0.32608695652173914,0.5,0.01,0.5,0,0.5609756097560976
41,0.5,0.35,20260811,0.3074712643678161,0.675287356321839,1.0,1.0,5,0.7073170731707317
41,0.5,0.35,20260811,0.6455026455026455,0.8597883597883598,1.0,1.0,6,0.6585365853658537
41,0.5,0.35,20260811,0.48205128205128206,0.8128205128205128,1.0,0.0,9,0.6341463414634146
41,0.5,0.35,20260811,0.5942028985507246,0.8091787439613526,1.0,1.0,7,0.43902439024390244
41,0.5,0.35,20260811,0.4191176470588235,0.6764705882352942,0.01,0.0,9,0.5853658536585366
41,0.5,0.35,20260811,0.5167464114832536,0.7033492822966507,0.01,0.0,9,0.5365853658536586
41,0.5,0.35,20260811,0.30193236714975846,0.5,0.01,0.5,0,0.5609756097560976
41,0.5,0.35,20260811,0.2925,0.5,0.01,0.5,0,0.6097560975609756
41,0.5,0.35,20260811,0.4589371980676328,0.7632850241545893,1.0,1.0,6,0.5609756097560976
41,0.5,0.35,20260811,0.3696969696969697,0.8303030303030303,1.0,1.0,6,0.7317073170731707
41,0.5,0.35,20260811,0.20054945054945053,0.5,0.01,0.5,0,0.6829268292682927
41,0.5,0.35,20260811,0.2275132275132275,0.671957671957672,0.01,0.0,9,0.6585365853658537
41,0.5,0.35,20260811,0.4230769230769231,0.5,0.01,0.5,0,0.6829268292682927
41,0.5,0.35,20260811,0.61,0.81,1.0,1.0,5,0.6097560975609756
41,0.5,0.35,20260811,0.6703296703296704,0.8818681318681318,1.0,0.0,9,0.6829268292682927
41,0.5,0.35,20260811,0.6570048309178744,0.8285024154589372,1.0,1.0,5,0.5609756097560976
41,0.5,0.35,20260811,0.5512820512820513,0.7410256410256411,0.1,0.0,9,0.6341463414634146
41,0.5,0.35,20260811,0.5820512820512821,0.7102564102564102,0.1,0.5,1,0.6341463414634146
41,0.5,0.35,20260811,0.49725274725274726,0.6703296703296703,0.01,0.0,9,0.6829268292682927
41,0.5,0.35,20260811,0.19761904761904764,0.5,0.01,0.5,0,0.5121951219512195
41,0.5,0.35,20260811,0.5619047619047619,0.8166666666666667,1.0,0.0,9,0.5121951219512195
41,0.5,0.35,20260811,0.6764705882352942,0.7659313725490196,0.1,0.5,1,0.4146341463414634
41,0.5,0.35,20260811,0.4033816425120773,0.782608695652174,1.0,0.0,9,0.5609756097560976
41,0.5,0.35,20260811,0.4717948717948718,0.7102564102564103,0.01,0.0,9,0.6341463414634146
41,0.5,0.35,20260811,0.35978835978835977,0.7698412698412698,1.0,0.0,9,0.6585365853658537
41,0.5,0.35,20260811,0.33548387096774196,0.5,0.01,0.5,0,0.7560975609756098
41,0.5,0.35,20260811,0.4307692307692308,0.7435897435897436,0.01,0.0,9,0.6341463414634146
41,0.5,0.35,20260811,0.37356321839080453,0.7155172413793104,0.01,0.0,9,0.7073170731707317
41,0.5,0.35,20260811,0.2391304347826087,0.6618357487922705,0.01,0.0,9,0.5609756097560976
41,0.5,0.35,20260811,0.5316091954022988,0.6982758620689655,0.01,0.0,9,0.7073170731707317
41,0.5,0.35,20260811,0.3620689655172414,0.793103448275862,1.0,1.0,6,0.7073170731707317
41,0.5,0.35,20260811,0.39942528735632177,0.7988505747126436,1.0,1.0,5,0.7073170731707317
41,0.5,0.35,20260811,0.4128205128205128,0.6923076923076923,0.01,0.0,9,0.6341463414634146
41,0.5,0.35,20260811,0.4534313725490196,0.7303921568627452,0.1,0.5,1,0.5853658536585366
41,0.5,0.35,20260811,0.6648351648351648,0.9230769230769231,1.0,0.0,9,0.6829268292682927
41,0.5,0.35,20260811,0.22121212121212125,0.7606060606060606,0.01,0.0,9,0.7317073170731707
41,0.5,0.35,20260811,0.38095238095238093,0.5,0.01,0.5,0,0.5121951219512195
41,0.5,0.35,20260811,0.5143540669856459,0.7655502392344498,1.0,1.0,4,0.5365853658536586
41,0.5,0.35,20260811,0.32307692307692304,0.5,0.01,0.5,0,0.6341463414634146
41,0.5,0.35,20260811,0.27435897435897433,0.6564102564102564,0.1,0.5,1,0.6341463414634146
41,0.5,0.35,20260811,0.6119047619047618,0.8595238095238096,1.0,0.0,9,0.5121951219512195
41,0.5,0.35,20260811,0.35714285714285715,0.5,0.01,0.5,0,0.6585365853658537
41,0.5,0.35,20260811,0.5869565217391304,0.7657004830917875,0.1,0.0,9,0.5609756097560976
41,0.5,0.35,20260811,0.6666666666666667,0.9212121212121211,1.0,0.0,9,0.7317073170731707
41,0.5,0.35,20260811,0.5263157894736842,0.6626794258373205,0.01,0.0,9,0.4634146341463415
41,0.5,0.35,20260811,0.5102564102564103,0.8256410256410257,0.1,0.0,9,0.6341463414634146
41,0.5,0.35,20260811,0.5529100529100529,0.753968253968254,0.01,0.0,9,0.6585365853658537
41,0.5,0.35,20260811,0.42820512820512824,0.7538461538461538,0.1,0.0,9,0.6341463414634146
41,0.5,0.35,20260811,0.5857142857142856,0.8309523809523809,1.0,0.0,9,0.5121951219512195
41,0.5,0.35,20260811,0.5475,0.75,0.1,0.0,9,0.6097560975609756
41,0.5,0.35,20260811,0.5885167464114833,0.8277511961722488,1.0,0.0,9,0.5365853658536586
41,0.5,0.35,20260811,0.3743961352657005,0.5,0.01,0.5,0,0.5609756097560976
41,0.5,0.35,20260811,0.5475,0.8175,1.0,1.0,5,0.6097560975609756
41,0.5,0.35,20260811,0.5,0.7241379310344828,0.01,0.0,9,0.7073170731707317
41,0.5,0.35,20260811,0.4019607843137255,0.7083333333333333,0.01,0.0,9,0.4146341463414634
41,0.5,0.35,20260811,0.16028708133971295,0.65311004784689,0.01,0.0,9,0.5365853658536586
41,0.5,0.35,20260811,0.2582417582417582,0.6373626373626373,0.01,0.0,9,0.6829268292682927
41,0.5,0.35,20260811,0.2923076923076923,0.7615384615384616,1.0,0.0,9,0.6341463414634146
41,0.5,0.35,20260811,0.5282051282051282,0.8307692307692308,1.0,0.0,9,0.6341463414634146
41,0.5,0.35,20260811,0.34065934065934067,0.7115384615384616,0.01,0.0,9,0.6829268292682927
41,0.5,0.35,20260811,0.4138755980861244,0.5,0.01,0.5,0,0.5365853658536586
41,0.5,0.35,20260811,0.35294117647058826,0.7843137254901961,1.0,0.0,9,0.5853658536585366
41,0.5,0.35,20260811,0.19617224880382778,0.5,0.01,0.5,0,0.5365853658536586
41,0.5,0.35,20260811,0.22857142857142856,0.7119047619047619,1.0,0.0,9,0.5121951219512195
41,0.5,0.35,20260811,0.3675,0.5,0.01,0.5,0,0.6097560975609756
41,0.5,0.35,20260811,0.5307692307692308,0.7628205128205128,0.1,0.5,1,0.6341463414634146
41,0.5,0.35,20260811,0.706043956043956,0.8791208791208791,1.0,1.0,6,0.6829268292682927
41,0.5,0.35,20260811,0.5051282051282051,0.8153846153846154,1.0,0.5,7,0.6341463414634146
41,0.5,0.35,20260811,0.42857142857142855,0.7994505494505495,0.1,0.0,9,0.6829268292682927
41,0.5,0.35,20260811,0.45933014354066987,0.6842105263157895,0.01,0.0,9,0.5365853658536586
41,0.5,0.35,20260811,0.6264367816091954,0.867816091954023,1.0,0.5,8,0.7073170731707317
41,0.5,0.35,20260811,0.4019138755980861,0.5,0.01,0.5,0,0.5365853658536586
41,0.5,0.35,20260811,0.4258373205741627,0.6578947368421053,0.01,0.0,9,0.5365853658536586
41,0.5,0.35,20260811,0.42499999999999993,0.645,0.01,0.0,9,0.6097560975609756
41,0.5,0.35,20260811,0.3727272727272727,0.6393939393939394,0.01,0.0,9,0.7317073170731707
41,0.5,0.35,20260811,0.4523809523809524,0.701058201058201,0.01,0.0,9,0.6585365853658537
41,0.5,0.35,20260811,0.1896551724137931,0.5,0.01,0.5,0,0.7073170731707317
41,0.5,0.35,20260811,0.6510989010989011,0.8708791208791209,1.0,1.0,7,0.6829268292682927
41,0.5,0.35,20260811,0.3014354066985646,0.5,0.01,0.5,0,0.5365853658536586
41,0.5,0.35,20260811,0.6004901960784313,0.8774509803921569,1.0,1.0,6,0.5853658536585366
41,0.5,0.35,20260811,0.6932367149758455,0.8743961352657005,1.0,0.5,7,0.5609756097560976
41,0.5,0.35,20260811,0.30999999999999994,0.75,1.0,0.5,7,0.6097560975609756
41,0.5,0.35,20260811,0.3666666666666667,0.7,0.01,0.0,9,0.6341463414634146
41,0.5,0.35,20260811,0.5974358974358974,0.8538461538461538,1.0,0.0,9,0.6341463414634146
41,0.5,0.35,20260811,0.24338624338624337,0.5,0.01,0.5,0,0.6585365853658537
41,0.5,0.35,20260811,0.463768115942029,0.7801932367149758,1.0,0.0,9,0.5609756097560976
41,0.5,0.35,20260811,0.5128205128205128,0.6846153846153846,0.1,0.5,1,0.6341463414634146
41,0.5,0.35,20260811,0.4100529100529101,0.5,0.01,0.5,0,0.6585365853658537
41,0.5,0.35,20260811,0.611904761904762,0.8547619047619047,1.0,0.5,7,0.5121951219512195
41,0.5,0.35,20260811,0.4976190476190476,0.7000000000000001,0.01,0.0,9,0.5121951219512195
41,0.5,0.35,20260811,0.40499999999999997,0.5,0.01,0.5,0,0.6097560975609756
41,0.5,0.35,20260811,0.5761904761904763,0.7452380952380953,0.01,0.0,9,0.5121951219512195
41,0.5,0.35,20260811,0.23774509803921567,0.5,0.01,0.5,0,0.5853658536585366
41,0.5,0.35,20260811,0.5579710144927537,0.7946859903381642,1.0,1.0,6,0.5609756097560976
41,0.5,0.35,20260811,0.5375,0.725,0.1,0.5,2,0.6097560975609756
41,0.5,0.35,20260811,0.43333333333333335,0.7023809523809523,0.01,0.0,9,0.5121951219512195
41,0.5,0.35,20260811,0.5220588235294118,0.7279411764705883,0.1,0.5,2,0.5853658536585366
41,0.5,0.35,20260811,0.40934065934065933,0.6401098901098901,0.01,0.0,9,0.6829268292682927
41,0.5,0.35,20260811,0.4325,0.68,0.01,0.0,9,0.6097560975609756
41,0.5,0.35,20260811,0.5563725490196079,0.8455882352941176,1.0,0.5,9,0.5853658536585366
41,0.5,0.35,20260811,0.3864734299516908,0.6497584541062802,0.01,0.0,9,0.5609756097560976
41,0.5,0.35,20260811,0.5144927536231885,0.7753623188405796,0.1,0.0,9,0.5609756097560976
41,0.5,0.35,20260811,0.47142857142857153,0.6857142857142857,0.01,0.0,9,0.4878048780487805
41,0.5,0.35,20260811,0.38387096774193546,0.7161290322580645,0.01,0.0,9,0.7560975609756098
41,0.5,0.35,20260811,0.6231884057971014,0.8236714975845412,1.0,1.0,5,0.5609756097560976
41,0.5,0.35,20260811,0.35,0.5,0.01,0.5,0,0.6097560975609756
41,0.5,0.35,20260811,0.6487179487179487,0.7948717948717948,0.1,0.0,9,0.6341463414634146
41,0.5,0.35,20260811,0.32967032967032966,0.7142857142857143,0.01,0.0,9,0.6829268292682927
41,0.5,0.35,20260811,0.545,0.7775,0.01,0.0,9,0.6097560975609756
41,0.5,0.35,20260811,0.36111111111111116,0.7569444444444444,0.01,0.0,9,0.7804878048780488
41,0.5,0.35,20260811,0.5845410628019323,0.821256038647343,1.0,1.0,6,0.5609756097560976
41,0.5,0.35,20260811,0.5,0.5,0.01,0.5,0,0.7317073170731707
41,0.5,0.35,20260811,0.6135265700483091,0.7270531400966184,0.01,0.0,9,0.5609756097560976
41,0.5,0.35,20260811,0.6,0.6878787878787879,0.1,0.5,1,0.7317073170731707
41,0.5,0.35,20260811,0.4852941176470589,0.8333333333333334,1.0,1.0,6,0.5853658536585366
41,0.5,0.35,20260811,0.4576719576719577,0.7962962962962963,1.0,0.5,6,0.6585365853658537
41,0.5,0.35,20260811,0.2696078431372549,0.6299019607843138,0.01,0.0,9,0.5853658536585366
41,0.5,0.35,20260811,0.4708994708994709,0.6891534391534392,0.1,0.5,1,0.6585365853658537
41,0.5,0.35,20260811,0.35750000000000004,0.5,0.01,0.5,0,0.6097560975609756
41,0.5,0.35,20260811,0.5899470899470899,0.7645502645502645,0.1,0.0,9,0.6585365853658537
41,0.5,0.35,20260811,0.3175,0.665,0.01,0.0,9,0.6097560975609756
41,0.5,0.35,20260811,0.43137254901960786,0.8700980392156863,1.0,0.5,8,0.5853658536585366
41,0.5,0.35,20260811,0.5057471264367817,0.7385057471264368,1.0,1.0,4,0.7073170731707317
41,0.5,0.35,20260811,0.5230769230769231,0.6410256410256411,0.01,0.0,9,0.6341463414634146
41,0.5,0.35,20260811,0.7592592592592593,0.843915343915344,0.1,0.5,4,0.6585365853658537
41,0.5,0.35,20260811,0.2892156862745098,0.5,0.01,0.5,0,0.5853658536585366
41,0.5,0.35,20260811,0.29901960784313725,0.5,0.01,0.5,0,0.5853658536585366
41,0.5,0.35,20260811,0.648148148148148,0.8941798941798942,1.0,0.0,9,0.6585365853658537
41,0.5,0.35,20260811,0.4256410256410257,0.764102564102564,0.1,0.0,9,0.6341463414634146
41,0.5,0.35,20260811,0.541025641025641,0.7333333333333334,0.01,0.0,9,0.6341463414634146
41,0.5,0.35,20260811,0.6985645933014354,0.8923444976076556,1.0,0.0,9,0.5365853658536586
41,0.5,0.35,20260811,0.46135265700483086,0.7270531400966183,0.01,0.0,9,0.5609756097560976
41,0.5,0.35,20260811,0.5161290322580645,0.8290322580645162,1.0,1.0,5,0.7560975609756098
41,0.5,0.35,20260811,0.34391534391534395,0.5,0.01,0.5,0,0.6585365853658537
41,0.5,0.35,20260811,0.6580645161290323,0.832258064516129,0.1,0.5,1,0.7560975609756098
41,0.5,0.35,20260811,0.5071428571428571,0.7,0.01,0.0,9,0.4878048780487805
41,0.5,0.35,20260811,0.4475,0.7675000000000001,1.0,0.0,9,0.6097560975609756
41,0.5,0.35,20260811,0.33578431372549017,0.5,0.01,0.5,0,0.5853658536585366
41,0.5,0.35,20260811,0.6125,0.8024999999999999,0.1,0.5,2,0.6097560975609756
41,0.5,0.35,20260811,0.4928571428571429,0.7142857142857142,0.01,0.0,9,0.5121951219512195
41,0.5,0.35,20260811,0.735632183908046,0.8735632183908045,0.1,0.0,9,0.7073170731707317
41,0.5,0.35,20260811,0.22966507177033496,0.5,0.01,0.5,0,0.4634146341463415
41,0.5,0.35,20260811,0.5428571428571428,0.7357142857142857,0.01,0.0,9,0.5121951219512195
41,0.5,0.35,20260811,0.3677248677248677,0.6772486772486772,0.01,0.0,9,0.6585365853658537
41,0.5,0.35,20260811,0.5,0.5,0.01,0.5,0,0.6829268292682927
41,0.5,0.35,20260811,0.6333333333333333,0.8717948717948718,1.0,1.0,5,0.6341463414634146
41,0.5,0.35,20260811,0.4948717948717949,0.735897435897436,0.01,0.0,9,0.6341463414634146
41,0.5,0.35,20260811,0.44358974358974357,0.6897435897435897,0.01,0.0,9,0.6341463414634146
41,0.5,0.35,20260811,0.693121693121693,0.8029100529100529,0.1,0.5,2,0.6585365853658537
41,0.5,0.35,20260811,0.2830687830687831,0.753968253968254,1.0,0.0,9,0.6585365853658537
41,0.5,0.35,20260811,0.6051282051282052,0.6794871794871794,0.01,0.0,9,0.6341463414634146
41,0.5,0.35,20260811,0.33,0.5,0.01,0.5,0,0.6097560975609756
41,0.5,0.35,20260811,0.269047619047619,0.680952380952381,0.1,0.5,1,0.5121951219512195
41,0.5,0.35,20260811,0.40249999999999997,0.5,0.01,0.5,0,0.6097560975609756
41,0.5,0.35,20260811,0.33499999999999996,0.7449999999999999,1.0,0.5,8,0.6097560975609756
41,0.5,0.35,20260811,0.5314009661835748,0.7777777777777777,0.1,0.0,9,0.5609756097560976
41,0.5,0.35,20260811,0.6384615384615385,0.8666666666666667,1.0,0.0,9,0.6341463414634146
41,0.5,0.35,20260811,0.3875,0.7925,1.0,1.0,6,0.6097560975609756
41,0.5,0.35,20260811,0.4681372549019608,0.6789215686274509,0.01,0.0,9,0.5853658536585366
41,0.5,0.35,20260811,0.4806763285024155,0.8043478260869565,1.0,0.0,9,0.5609756097560976
41,0.5,0.35,20260811,0.4564102564102564,0.7397435897435898,0.1,0.5,1,0.6341463414634146
41,0.5,0.35,20260811,0.31746031746031744,0.6878306878306878,0.01,0.0,9,0.6585365853658537
41,0.5,0.35,20260811,0.5687830687830688,0.7711640211640212,0.1,0.5,1,0.6585365853658537
41,0.5,0.35,20260811,0.46376811594202894,0.6497584541062802,0.01,0.0,9,0.5609756097560976
41,0.5,0.35,20260811,0.5729166666666666,0.7395833333333334,1.0,0.5,6,0.7804878048780488
41,0.5,0.35,20260811,0.41545893719806765,0.6690821256038647,0.01,0.0,9,0.5609756097560976
41,0.5,0.35,20260811,0.475,0.685,0.01,0.0,9,0.6097560975609756
41,0.5,0.35,20260811,0.31746031746031744,0.7089947089947091,0.01,0.0,9,0.6585365853658537
41,0.5,0.35,20260811,0.45128205128205134,0.8076923076923077,1.0,1.0,7,0.6341463414634146
41,0.5,0.35,20260811,0.6458333333333334,0.8611111111111112,0.1,0.0,9,0.7804878048780488
41,0.5,0.35,20260811,0.43870967741935485,0.767741935483871,0.01,0.0,9,0.7560975609756098
41,0.5,0.35,20260811,0.44000000000000006,0.69,0.01,0.0,9,0.6097560975609756
41,0.5,0.35,20260811,0.19047619047619047,0.5,0.01,0.5,0,0.6585365853658537
41,0.5,0.35,20260811,0.33791208791208793,0.6593406593406594,0.01,0.0,9,0.6829268292682927
41,0.5,0.35,20260811,0.33,0.655,0.01,0.0,9,0.6097560975609756
41,0.5,0.35,20260811,0.29166666666666663,0.696078431372549,0.01,0.0,9,0.5853658536585366
41,0.5,0.35,20260811,0.28448275862068967,0.5,0.01,0.5,0,0.7073170731707317
41,0.5,0.35,20260811,0.6135265700483091,0.8526570048309179,1.0,0.0,9,0.43902439024390244
41,0.5,0.35,20260811,0.23636363636363636,0.5,0.01,0.5,0,0.7317073170731707
41,0.5,0.35,20260811,0.41534391534391535,0.7222222222222222,1.0,0.5,6,0.6585365853658537
41,0.5,0.35,20260811,0.258974358974359,0.5,0.01,0.5,0,0.6341463414634146
41,0.5,0.35,20260811,0.5064516129032258,0.8516129032258064,1.0,0.0,9,0.7560975609756098
41,0.5,0.35,20260811,0.1692307692307692,0.5,0.01,0.5,0,0.6341463414634146
41,0.5,0.35,20260811,0.2751322751322751,0.5,0.01,0.5,0,0.6585365853658537
41,0.5,0.35,20260811,0.6578947368421052,0.7966507177033493,0.01,0.0,9,0.4634146341463415
41,0.5,0.35,20260811,0.6124999999999999,0.765,0.01,0.0,9,0.6097560975609756
41,0.5,0.35,20260811,0.18181818181818182,0.5,0.01,0.5,0,0.8048780487804879
41,0.5,0.35,20260811,0.3,0.5,0.01,0.5,0,0.7560975609756098
41,0.5,0.35,20260811,0.42892156862745096,0.7230392156862745,0.01,0.0,9,0.5853658536585366
41,0.5,0.35,20260811,0.3543956043956044,0.6483516483516483,0.01,0.0,9,0.6829268292682927
41,0.5,0.35,20260811,0.41515151515151516,0.593939393939394,0.01,0.0,9,0.7317073170731707
41,0.5,0.35,20260811,0.41787439613526567,0.6811594202898551,0.01,0.0,9,0.5609756097560976
41,0.5,0.35,20260811,0.5868055555555556,0.8854166666666666,1.0,0.0,9,0.7804878048780488
41,0.5,0.35,20260811,0.20772946859903382,0.5,0.01,0.5,0,0.5609756097560976
41,0.5,0.35,20260811,0.7328042328042328,0.9232804232804233,1.0,0.0,9,0.6585365853658537
41,0.5,0.35,20260811,0.678921568627451,0.8406862745098039,0.1,0.0,9,0.5853658536585366
41,0.5,0.35,20260811,0.7696969696969698,0.9,1.0,0.5,7,0.7317073170731707
41,0.5,0.35,20260811,0.26,0.5,0.01,0.5,0,0.6097560975609756
41,0.5,0.35,20260811,0.42063492063492064,0.6931216931216931,0.01,0.0,9,0.6585365853658537
41,0.5,0.35,20260811,0.572463768115942,0.7415458937198067,0.01,0.0,9,0.5609756097560976
41,0.5,0.35,20260811,0.33816425120772947,0.6714975845410628,0.01,0.0,9,0.5609756097560976
41,0.5,0.35,20260811,0.6690476190476191,0.8404761904761905,1.0,1.0,5,0.4878048780487805
41,0.5,0.35,20260811,0.19,0.5,0.01,0.5,0,0.6097560975609756
41,0.5,0.35,20260811,0.6052631578947368,0.7488038277511961,0.01,0.0,9,0.5365853658536586
41,0.5,0.35,20260811,0.5797101449275363,0.8140096618357489,1.0,0.0,9,0.5609756097560976
41,0.5,0.35,20260811,0.5047619047619047,0.8023809523809524,0.1,0.0,9,0.4878048780487805
41,0.5,0.35,20260811,0.41250000000000003,0.7550000000000001,1.0,1.0,4,0.6097560975609756
41,0.5,0.35,20260811,0.21497584541062803,0.6654589371980676,0.1,0.5,1,0.5609756097560976
41,0.5,0.35,20260811,0.5282051282051282,0.6307692307692307,0.01,0.0,9,0.6341463414634146
41,0.5,0.35,20260811,0.21538461538461537,0.735897435897436,1.0,0.0,9,0.6341463414634146
41,0.5,0.35,20260811,0.33636363636363636,0.5,0.01,0.5,0,0.7317073170731707
41,0.5,0.35,20260811,0.32564102564102565,0.5,0.01,0.5,0,0.6341463414634146
41,0.5,0.35,20260811,0.6296296296296295,0.8068783068783068,0.1,0.0,9,0.6585365853658537
41,0.5,0.35,20260811,0.39234449760765555,0.6435406698564593,0.01,0.0,9,0.5365853658536586
41,0.5,0.35,20260811,0.19117647058823534,0.5,0.01,0.5,0,0.5853658536585366
41,0.5,0.35,20260811,0.3840579710144927,0.678743961352657,0.01,0.0,9,0.5609756097560976
41,0.5,0.35,20260811,0.3431372549019608,0.8284313725490196,1.0,1.0,7,0.5853658536585366
41,0.5,0.35,20260811,0.3738095238095238,0.5,0.01,0.5,0,0.5121951219512195
41,0.5,0.35,20260811,0.6352657004830917,0.8429951690821257,1.0,1.0,6,0.5609756097560976
41,0.5,0.35,20260811,0.2327586206896552,0.6666666666666666,0.01,0.0,9,0.7073170731707317
41,0.5,0.35,20260811,0.2974358974358975,0.5,0.01,0.5,0,0.6341463414634146
41,0.5,0.35,20260811,0.595,0.735,0.1,0.5,2,0.6097560975609756
41,0.5,0.35,20260811,0.2604166666666667,0.6631944444444444,0.01,0.0,9,0.7804878048780488
41,0.5,0.35,20260811,0.6058201058201058,0.8650793650793651,1.0,0.5,6,0.6585365853658537
41,0.5,0.35,20260811,0.20114942528735633,0.5,0.01,0.5,0,0.7073170731707317
41,0.5,0.35,20260811,0.43250000000000005,0.6275000000000001,0.01,0.0,9,0.6097560975609756
41,0.5,0.35,20260811,0.32367149758454106,0.5,0.01,0.5,0,0.5609756097560976
41,0.5,0.35,20260811,0.4675,0.835,1.0,0.0,9,0.6097560975609756
41,0.5,0.35,20260811,0.5774193548387097,0.838709677419355,0.01,0.0,9,0.7560975609756098
41,0.5,0.35,20260811,0.43681318681318676,0.5,0.01,0.5,0,0.6829268292682927
41,0.5,0.35,20260811,0.4025641025641026,0.8461538461538463,0.1,0.0,9,0.6341463414634146
41,0.5,0.35,20260811,0.2486772486772487,0.5,0.01,0.5,0,0.6585365853658537
41,0.5,0.35,20260811,0.39230769230769236,0.5,0.01,0.5,0,0.6341463414634146
41,0.5,0.35,20260811,0.642156862745098,0.8014705882352942,1.0,0.5,8,0.5853658536585366
41,0.5,0.35,20260811,0.28846153846153844,0.5,0.01,0.5,0,0.6829268292682927
41,0.5,0.35,20260811,0.6593137254901961,0.7671568627450981,0.01,0.0,9,0.5853658536585366
41,0.5,0.35,20260811,0.6785714285714286,0.8241758241758241,0.01,0.0,9,0.6829268292682927
41,0.5,0.35,20260811,0.16666666666666663,0.5,0.01,0.5,0,0.6341463414634146
41,0.5,0.35,20260811,0.6642857142857144,0.7952380952380953,0.01,0.0,9,0.5121951219512195
41,0.5,0.35,20260811,0.458974358974359,0.8,1.0,0.5,8,0.6341463414634146
41,0.5,0.35,20260811,0.535,0.7450000000000001,0.1,0.5,1,0.6097560975609756
41,0.5,0.35,20260811,0.5798611111111112,0.7465277777777778,0.01,0.0,9,0.7804878048780488
41,0.5,0.35,20260811,0.5897435897435898,0.8384615384615385,1.0,0.5,7,0.6341463414634146
41,0.5,0.35,20260811,0.38571428571428573,0.6904761904761905,0.01,0.0,9,0.5121951219512195
41,0.5,0.35,20260811,0.39942528735632177,0.7729885057471265,1.0,1.0,4,0.7073170731707317
41,0.5,0.35,20260811,0.5175000000000001,0.7200000000000001,0.1,0.5,3,0.6097560975609756
41,0.5,0.35,20260811,0.3653846153846154,0.6483516483516484,0.01,0.0,9,0.6829268292682927
41,0.5,0.35,20260811,0.5686813186813187,0.760989010989011,0.1,0.0,9,0.6829268292682927
41,0.5,0.35,20260811,0.4769230769230769,0.6615384615384615,0.01,0.0,9,0.6341463414634146
41,0.5,0.35,20260811,0.26666666666666666,0.5,0.01,0.5,0,0.4878048780487805
41,0.5,0.35,20260811,0.38461538461538464,0.6384615384615384,0.01,0.0,9,0.6341463414634146
41,0.5,0.35,20260811,0.3862433862433862,0.5,0.01,0.5,0,0.6585365853658537
41,0.5,0.35,20260811,0.717032967032967,0.7307692307692307,0.1,0.5,1,0.6829268292682927
41,0.5,0.35,20260811,0.3626373626373627,0.5,0.01,0.5,0,0.6829268292682927
41,0.5,0.35,20260811,0.5956937799043063,0.7440191387559808,0.01,0.0,9,0.5365853658536586
41,0.5,0.35,20260811,0.5128205128205128,0.7076923076923077,0.01,0.0,9,0.6341463414634146
41,0.5,0.35,20260811,0.44973544973544977,0.6878306878306878,0.01,0.0,9,0.6585365853658537
41,0.5,0.35,20260811,0.7948717948717949,0.8641025641025641,0.01,0.0,9,0.6341463414634146
41,0.5,0.35,20260811,0.6000000000000001,0.7602564102564102,0.1,0.5,1,0.6341463414634146
41,0.5,0.35,20260811,0.5,0.7787878787878788,1.0,0.5,7,0.7317073170731707
41,0.5,0.35,20260811,0.24615384615384617,0.5,0.01,0.5,0,0.6341463414634146
41,0.5,0.35,20260811,0.5256410256410257,0.7512820512820513,0.01,0.0,9,0.6341463414634146
41,0.5,0.35,20260811,0.34656084656084657,0.5,0.01,0.5,0,0.6585365853658537
41,0.5,0.35,20260811,0.3333333333333333,0.6580459770114943,0.01,0.0,9,0.7073170731707317
41,0.5,0.35,20260811,0.582051282051282,0.7410256410256411,0.01,0.0,9,0.6341463414634146
41,0.5,0.35,20260811,0.5412087912087912,0.695054945054945,0.01,0.0,9,0.6829268292682927
41,0.5,0.35,20260811,0.6613756613756614,0.865079365079365,1.0,0.0,9,0.6585365853658537
41,0.5,0.35,20260811,0.38647342995169087,0.5,0.01,0.5,0,0.5609756097560976
41,0.5,0.35,20260811,0.2512820512820513,0.5,0.01,0.5,0,0.6341463414634146
41,0.5,0.35,20260811,0.4375,0.5,0.01,0.5,0,0.6097560975609756
41,0.5,0.35,20260811,0.25980392156862747,0.5,0.01,0.5,0,0.5853658536585366
41,0.5,0.35,20260811,0.2181818181818182,0.790909090909091,1.0,1.0,5,0.7317073170731707
41,0.5,0.35,20260811,0.49230769230769234,0.7974358974358974,1.0,0.0,9,0.6341463414634146
41,0.5,0.35,20260811,0.495,0.685,0.01,0.0,9,0.6097560975609756
41,0.5,0.35,20260811,0.36923076923076925,0.5,0.01,0.5,0,0.6341463414634146
41,0.5,0.35,20260811,0.4615384615384615,0.7,0.01,0.0,9,0.6341463414634146
41,0.5,0.35,20260811,0.7375,0.8775,1.0,1.0,4,0.6097560975609756
41,0.5,0.35,20260811,0.2270114942528736,0.6781609195402298,0.01,0.0,9,0.7073170731707317
41,0.5,0.35,20260811,0.5977011494252873,0.8706896551724138,1.0,1.0,7,0.7073170731707317
41,0.5,0.35,20260811,0.425,0.5,0.01,0.5,0,0.6097560975609756
41,0.5,0.35,20260811,0.6428571428571428,0.873015873015873,1.0,1.0,6,0.6585365853658537
41,0.5,0.35,20260811,0.38,0.6475000000000001,0.01,0.0,9,0.6097560975609756
41,0.5,0.35,20260811,0.4852941176470588,0.7965686274509804,0.01,0.0,9,0.5853658536585366
41,0.5,0.35,20260811,0.3681318681318681,0.6620879120879121,0.01,0.0,9,0.6829268292682927
41,0.5,0.35,20260811,0.22252747252747251,0.6923076923076923,0.01,0.0,9,0.6829268292682927
41,0.5,0.35,20260811,0.3241758241758242,0.6717032967032966,0.1,0.5,1,0.6829268292682927
41,0.5,0.35,20260811,0.6593137254901961,0.8333333333333334,1.0,1.0,4,0.5853658536585366
41,0.5,0.35,20260811,0.43386243386243384,0.8544973544973545,1.0,0.0,9,0.6585365853658537
41,0.5,0.35,20260811,0.42820512820512824,0.7128205128205128,1.0,1.0,6,0.6341463414634146
41,0.5,0.35,20260811,0.24545454545454545,0.6545454545454545,0.01,0.0,9,0.7317073170731707
41,0.5,0.35,20260811,0.31043956043956045,0.7582417582417582,0.1,0.0,9,0.6829268292682927
41,0.5,0.35,20260811,0.5185185185185185,0.746031746031746,1.0,1.0,4,0.6585365853658537
41,0.5,0.35,20260811,0.34516129032258064,0.8064516129032258,1.0,1.0,6,0.7560975609756098
41,0.5,0.35,20260811,0.23250000000000004,0.5,0.01,0.5,0,0.6097560975609756
41,0.5,0.35,20260811,0.6296296296296295,0.7513227513227513,0.01,0.0,9,0.6585365853658537
41,0.5,0.35,20260811,0.6208791208791209,0.771978021978022,0.1,0.0,9,0.6829268292682927
41,0.5,0.35,20260811,0.5615384615384615,0.5,0.01,0.5,0,0.6341463414634146
41,0.5,0.35,20260811,0.3994708994708994,0.6851851851851852,1.0,1.0,6,0.6585365853658537
41,0.5,0.35,20260811,0.29285714285714287,0.6309523809523809,0.01,0.0,9,0.4878048780487805
41,0.5,0.35,20260811,0.4575757575757575,0.7030303030303031,0.01,0.0,9,0.7317073170731707
41,0.5,0.35,20260811,0.5138888888888888,0.8125,1.0,0.5,6,0.7804878048780488
41,0.5,0.35,20260811,0.27941176470588236,0.7034313725490196,0.01,0.0,9,0.5853658536585366
41,0.5,0.35,20260811,0.4697802197802198,0.5,0.01,0.5,0,0.6829268292682927
41,0.5,0.35,20260811,0.30208333333333337,0.7465277777777778,0.01,0.0,9,0.7804878048780488
41,0.5,0.35,20260811,0.3277511961722488,0.6770334928229665,0.1,0.5,1,0.5365853658536586
41,0.5,0.35,20260811,0.5285714285714285,0.7488095238095238,0.1,0.5,1,0.5121951219512195
41,0.5,0.35,20260811,0.42032967032967034,0.804945054945055,1.0,0.0,9,0.6829268292682927
41,0.5,0.35,20260811,0.4666666666666667,0.735897435897436,0.01,0.0,9,0.6341463414634146
41,0.5,0.35,20260811,0.5906862745098038,0.8357843137254901,1.0,0.0,9,0.5853658536585366
41,0.5,0.35,20260811,0.4820512820512821,0.8102564102564103,0.1,0.0,9,0.6341463414634146
41,0.5,0.35,20260811,0.5,0.8362068965517242,1.0,0.0,9,0.7073170731707317
41,0.5,0.35,20260811,0.7333333333333333,0.8928571428571429,1.0,1.0,7,0.4878048780487805
41,0.5,0.35,20260811,0.5322580645161291,0.8741935483870967,1.0,0.5,9,0.7560975609756098
41,0.5,0.35,20260811,0.34068627450980393,0.5,0.01,0.5,0,0.5853658536585366
41,0.5,0.35,20260811,0.36714975845410625,0.6714975845410628,0.01,0.0,9,0.5609756097560976
41,0.5,0.35,20260811,0.1510989010989011,0.5,0.01,0.5,0,0.6829268292682927
41,0.5,0.35,20260811,0.23571428571428568,0.5,0.01,0.5,0,0.5121951219512195
41,0.5,0.35,20260811,0.6216931216931217,0.7777777777777779,0.1,0.5,1,0.6585365853658537
41,0.5,0.35,20260811,0.6190476190476191,0.7592592592592593,0.01,0.0,9,0.6585365853658537
41,0.5,0.35,20260811,0.3871794871794872,0.7282051282051283,0.1,0.0,9,0.6341463414634146
41,0.5,0.35,20260811,0.48677248677248675,0.5,0.01,0.5,0,0.6585365853658537
41,0.5,0.35,20260811,0.4666666666666667,0.7030303030303031,0.01,0.0,9,0.7317073170731707
41,0.5,0.35,20260811,0.6746031746031745,0.7777777777777778,0.01,0.0,9,0.6585365853658537
41,0.5,0.35,20260811,0.6333333333333333,0.7333333333333334,0.1,0.5,3,0.7317073170731707
41,0.5,0.35,20260811,0.5132275132275133,0.7619047619047619,0.1,0.5,3,0.6585365853658537
41,0.5,0.35,20260811,0.6102564102564103,0.7743589743589744,1.0,1.0,5,0.6341463414634146
41,0.5,0.35,20260811,0.5,0.7367149758454106,0.01,0.0,9,0.5609756097560976
41,0.5,0.35,20260811,0.40512820512820513,0.6282051282051282,0.01,0.0,9,0.6341463414634146
41,0.5,0.35,20260811,0.5660919540229885,0.778735632183908,0.1,0.0,9,0.7073170731707317
41,0.5,0.35,20260811,0.38888888888888884,0.8068783068783069,1.0,0.0,9,0.6585365853658537
41,0.5,0.35,20260811,0.41025641025641024,0.7,0.1,0.5,1,0.6341463414634146
41,0.5,0.35,20260811,0.2641025641025641,0.5,0.01,0.5,0,0.6341463414634146
41,0.5,0.35,20260811,0.14009661835748793,0.644927536231884,0.01,0.0,9,0.5609756097560976
41,0.5,0.35,20260811,0.3333333333333333,0.5,0.01,0.5,0,0.7073170731707317
41,0.5,0.35,20260811,0.8205128205128205,0.9076923076923077,0.1,0.5,3,0.6341463414634146
41,0.5,0.35,20260811,0.4212121212121212,0.6848484848484848,0.01,0.0,9,0.7317073170731707
41,0.5,0.35,20260811,0.4082125603864734,0.7270531400966184,1.0,0.5,7,0.5609756097560976
41,0.5,0.35,20260811,0.338235294117647,0.5,0.01,0.5,0,0.5853658536585366
41,0.5,0.35,20260811,0.4525,0.5,0.01,0.5,0,0.6097560975609756
41,0.5,0.35,20260811,0.25396825396825395,0.6693121693121693,0.01,0.0,9,0.6585365853658537
41,0.5,0.35,20260811,0.34656084656084657,0.746031746031746,1.0,0.0,9,0.6585365853658537
41,0.5,0.35,20260811,0.5192307692307692,0.5,0.01,0.5,0,0.6829268292682927
41,0.5,0.35,20260811,0.5,0.7637362637362638,0.1,0.5,1,0.6829268292682927
41,0.5,0.35,20260811,0.23333333333333334,0.5,0.01,0.5,0,0.6341463414634146
41,0.5,0.35,20260811,0.2804232804232804,0.708994708994709,0.1,0.5,1,0.6585365853658537
41,0.5,0.35,20260811,0.6137566137566138,0.7962962962962963,0.01,0.0,9,0.6585365853658537
41,0.5,0.35,20260811,0.40934065934065933,0.7197802197802198,1.0,1.0,4,0.6829268292682927
41,0.5,0.35,20260811,0.18205128205128207,0.6358974358974359,0.01,0.0,9,0.6341463414634146
41,0.5,0.35,20260811,0.417989417989418,0.6693121693121693,0.01,0.0,9,0.6585365853658537
41,0.5,0.35,20260811,0.08709677419354837,0.5,0.01,0.5,0,0.7560975609756098
41,0.5,0.35,20260811,0.5,0.5,0.01,0.5,0,0.5365853658536586
41,0.5,0.35,20260811,0.698529411764706,0.8529411764705882,1.0,0.0,9,0.5853658536585366
41,0.5,0.35,20260811,0.4725,0.7050000000000001,0.01,0.0,9,0.6097560975609756
41,0.5,0.35,20260811,0.27941176470588236,0.6200980392156862,0.01,0.0,9,0.5853658536585366
41,0.5,0.35,20260811,0.5381944444444444,0.71875,0.01,0.0,9,0.7804878048780488
41,0.5,0.35,20260811,0.28260869565217395,0.7198067632850241,1.0,0.5,8,0.5609756097560976
41,0.5,0.35,20260811,0.3783068783068783,0.6772486772486772,0.01,0.0,9,0.6585365853658537
41,0.5,0.35,20260811,0.3525,0.72375,0.1,0.5,1,0.6097560975609756
41,0.5,0.35,20260811,0.24500000000000002,0.6599999999999999,0.01,0.0,9,0.6097560975609756
41,0.5,0.35,20260811,0.28835978835978837,0.626984126984127,0.01,0.0,9,0.6585365853658537
41,0.5,0.35,20260811,0.6058201058201058,0.738095238095238,0.1,0.5,2,0.6585365853658537
41,0.5,0.35,20260811,0.4885057471264367,0.617816091954023,0.01,0.0,9,0.7073170731707317
41,0.5,0.35,20260811,0.37847222222222227,0.7986111111111112,0.1,0.0,9,0.7804878048780488
41,0.5,0.35,20260811,0.4525,0.835,1.0,0.0,9,0.6097560975609756
41,0.5,0.35,20260811,0.532258064516129,0.8225806451612904,1.0,1.0,5,0.7560975609756098
41,0.5,0.5,20260811,0.2647058823529412,0.6764705882352942,0.01,0.0,9,0.5853658536585366
41,0.5,0.5,20260811,0.5191387559808612,0.8086124401913876,1.0,0.5,6,0.5365853658536586
41,0.5,0.5,20260811,0.35344827586206895,0.6982758620689655,0.01,0.0,9,0.7073170731707317
41,0.5,0.5,20260811,0.5517241379310345,0.735632183908046,0.01,0.0,9,0.7073170731707317
41,0.5,0.5,20260811,0.7550000000000001,0.8675000000000002,0.01,0.0,9,0.6097560975609756
41,0.5,0.5,20260811,0.31666666666666665,0.6619047619047619,0.01,0.0,9,0.5121951219512195
41,0.5,0.5,20260811,0.6375661375661377,0.7698412698412699,0.01,0.0,9,0.6585365853658537
41,0.5,0.5,20260811,0.6976190476190476,0.8261904761904761,0.1,0.0,9,0.4878048780487805
41,0.5,0.5,20260811,0.3888888888888889,0.6507936507936508,0.01,0.0,9,0.6585365853658537
41,0.5,0.5,20260811,0.43,0.8725,1.0,0.0,9,0.6097560975609756
41,0.5,0.5,20260811,0.537037037037037,0.7698412698412699,1.0,1.0,5,0.6585365853658537
41,0.5,0.5,20260811,0.3434065934065934,0.5,0.01,0.5,0,0.6829268292682927
41,0.5,0.5,20260811,0.6851851851851852,0.8703703703703705,0.1,0.0,9,0.6585365853658537
41,0.5,0.5,20260811,0.36263736263736257,0.6510989010989011,0.01,0.0,9,0.6829268292682927
41,0.5,0.5,20260811,0.43,0.6725,0.01,0.0,9,0.6097560975609756
41,0.5,0.5,20260811,0.45952380952380956,0.7404761904761904,0.01,0.0,9,0.5121951219512195
41,0.5,0.5,20260811,0.18974358974358974,0.5,0.01,0.5,0,0.6341463414634146
41,0.5,0.5,20260811,0.7614942528735633,0.9367816091954022,1.0,0.0,9,0.7073170731707317
41,0.5,0.5,20260811,0.67,0.78625,0.1,0.5,1,0.6097560975609756
41,0.5,0.5,20260811,0.5302197802197802,0.6346153846153846,0.01,0.0,9,0.6829268292682927
41,0.5,0.5,20260811,0.45999999999999996,0.675,0.01,0.0,9,0.6097560975609756
41,0.5,0.5,20260811,0.6293103448275862,0.853448275862069,0.1,0.0,9,0.7073170731707317
41,0.5,0.5,20260811,0.54,0.74375,0.1,0.5,1,0.6097560975609756
41,0.5,0.5,20260811,0.3468899521531101,0.6746411483253589,0.1,0.5,1,0.5365853658536586
41,0.5,0.5,20260811,0.19138755980861244,0.6315789473684211,0.01,0.0,9,0.5365853658536586
41,0.5,0.5,20260811,0.48461538461538456,0.717948717948718,0.01,0.0,9,0.6341463414634146
41,0.5,0.5,20260811,0.5105820105820106,0.8068783068783069,1.0,0.0,9,0.6585365853658537
41,0.5,0.5,20260811,0.3194444444444444,0.84375,1.0,0.5,7,0.7804878048780488
41,0.5,0.5,20260811,0.5220588235294118,0.7193627450980392,0.1,0.5,2,0.5853658536585366
41,0.5,0.5,20260811,0.6086956521739131,0.8019323671497585,1.0,1.0,7,0.5609756097560976
41,0.5,0.5,20260811,0.5948717948717949,0.7743589743589744,0.01,0.0,9,0.6341463414634146
41,0.5,0.5,20260811,0.434065934065934,0.7142857142857143,0.01,0.0,9,0.6829268292682927
41,0.5,0.5,20260811,0.6878306878306879,0.828042328042328,0.01,0.0,9,0.6585365853658537
41,0.5,0.5,20260811,0.5475000000000001,0.7675000000000001,0.01,0.0,9,0.6097560975609756
41,0.5,0.5,20260811,0.3038277511961723,0.5,0.01,0.5,0,0.5365853658536586
41,0.5,0.5,20260811,0.42121212121212126,0.7848484848484848,0.01,0.0,9,0.7317073170731707
41,0.5,0.5,20260811,0.5169082125603864,0.7028985507246377,0.01,0.0,9,0.5609756097560976
41,0.5,0.5,20260811,0.4,0.5,0.01,0.5,0,0.6341463414634146
41,0.5,0.5,20260811,0.2892156862745098,0.7475490196078431,1.0,1.0,6,0.5853658536585366
41,0.5,0.5,20260811,0.6838709677419355,0.8419354838709678,1.0,1.0,2,0.7560975609756098
41,0.5,0.5,20260811,0.46923076923076923,0.5,0.01,0.5,0,0.6341463414634146
41,0.5,0.5,20260811,0.5743589743589744,0.782051282051282,0.01,0.0,9,0.6341463414634146
41,0.5,0.5,20260811,0.7040229885057471,0.896551724137931,1.0,0.5,9,0.7073170731707317
41,0.5,0.5,20260811,0.3088235294117647,0.6813725490196079,0.1,0.5,1,0.5853658536585366
41,0.5,0.5,20260811,0.5027472527472527,0.7596153846153846,0.1,0.5,2,0.6829268292682927
41,0.5,0.5,20260811,0.7328042328042328,0.8412698412698413,0.01,0.0,9,0.6585365853658537
41,0.5,0.5,20260811,0.5857843137254901,0.7352941176470588,0.01,0.0,9,0.5853658536585366
41,0.5,0.5,20260811,0.38095238095238093,0.6693121693121693,0.01,0.0,9,0.6585365853658537
41,0.5,0.5,20260811,0.6794871794871795,0.8333333333333334,0.1,0.0,9,0.6341463414634146
41,0.5,0.5,20260811,0.21749999999999997,0.5,0.01,0.5,0,0.6097560975609756
41,0.5,0.5,20260811,0.34848484848484845,0.7666666666666666,1.0,0.0,9,0.7317073170731707
41,0.5,0.5,20260811,0.42028985507246375,0.6980676328502415,0.01,0.0,9,0.5609756097560976
41,0.5,0.5,20260811,0.41500000000000004,0.6749999999999999,0.01,0.0,9,0.6097560975609756
41,0.5,0.5,20260811,0.43478260869565216,0.5,0.01,0.5,0,0.5609756097560976
41,0.5,0.5,20260811,0.3247126436781609,0.7040229885057471,0.1,0.5,2,0.7073170731707317
41,0.5,0.5,20260811,0.3650793650793651,0.7275132275132274,1.0,1.0,3,0.6585365853658537
41,0.5,0.5,20260811,0.4612903225806451,0.8129032258064516,1.0,0.0,9,0.7560975609756098
41,0.5,0.5,20260811,0.5972222222222223,0.7708333333333334,1.0,1.0,4,0.7804878048780488
41,0.5,0.5,20260811,0.3799019607843137,0.7107843137254902,0.01,0.0,9,0.5853658536585366
41,0.5,0.5,20260811,0.3159340659340659,0.5,0.01,0.5,0,0.6829268292682927
41,0.5,0.5,20260811,0.5032258064516129,0.8290322580645161,1.0,1.0,7,0.7560975609756098
41,0.5,0.5,20260811,0.3736263736263736,0.5,0.01,0.5,0,0.6829268292682927
41,0.5,0.5,20260811,0.417989417989418,0.656084656084656,0.01,0.0,9,0.6585365853658537
41,0.5,0.5,20260811,0.6038647342995168,0.8019323671497585,0.01,0.0,9,0.43902439024390244
41,0.5,0.5,20260811,0.5410256410256411,0.7794871794871795,1.0,0.0,9,0.6341463414634146
41,0.5,0.5,20260811,0.4743589743589744,0.7076923076923077,0.01,0.0,9,0.6341463414634146
41,0.5,0.5,20260811,0.20574162679425836,0.5,0.01,0.5,0,0.5365853658536586
41,0.5,0.5,20260811,0.40804597701149425,0.864942528735632,1.0,0.5,7,0.7073170731707317
41,0.5,0.5,20260811,0.25245098039215685,0.6838235294117646,0.01,0.0,9,0.5853658536585366
41,0.5,0.5,20260811,0.41483516483516486,0.8186813186813187,1.0,0.0,9,0.6829268292682927
41,0.5,0.5,20260811,0.4449760765550239,0.6866028708133971,0.01,0.0,9,0.5365853658536586
41,0.5,0.5,20260811,0.27419354838709675,0.7161290322580646,1.0,1.0,5,0.7560975609756098
41,0.5,0.5,20260811,0.6111111111111112,0.8518518518518519,1.0,0.0,9,0.6585365853658537
41,0.5,0.5,20260811,0.5290322580645161,0.7838709677419355,0.01,0.0,9,0.7560975609756098
41,0.5,0.5,20260811,0.485645933014354,0.7033492822966507,0.01,0.0,9,0.5365853658536586
41,0.5,0.5,20260811,0.4015151515151515,0.7651515151515152,0.01,0.0,9,0.8048780487804879
41,0.5,0.5,20260811,0.5636363636363636,0.7757575757575758,0.01,0.0,9,0.7317073170731707
41,0.5,0.5,20260811,0.6725,0.7949999999999999,0.1,0.0,9,0.6097560975609756
41,0.5,0.5,20260811,0.22488038277511962,0.5,0.01,0.5,0,0.5365853658536586
41,0.5,0.5,20260811,0.5357142857142857,0.7880952380952382,1.0,1.0,5,0.5121951219512195
41,0.5,0.5,20260811,0.42307692307692313,0.805128205128205,1.0,0.0,9,0.6341463414634146
41,0.5,0.5,20260811,0.2614942528735632,0.5,0.01,0.5,0,0.7073170731707317
41,0.5,0.5,20260811,0.17619047619047618,0.6595238095238095,0.01,0.0,9,0.5121951219512195
41,0.5,0.5,20260811,0.532258064516129,0.7935483870967742,1.0,1.0,3,0.7560975609756098
41,0.5,0.5,20260811,0.38717948717948725,0.6794871794871795,0.01,0.0,9,0.6341463414634146
41,0.5,0.5,20260811,0.45151515151515154,0.7363636363636363,0.01,0.0,9,0.7317073170731707
41,0.5,0.5,20260811,0.6322751322751322,0.8201058201058201,1.0,0.5,8,0.6585365853658537
41,0.5,0.5,20260811,0.4575,0.705,0.01,0.0,9,0.6097560975609756
41,0.5,0.5,20260811,0.6124401913875599,0.8421052631578948,1.0,0.0,9,0.5365853658536586
41,0.5,0.5,20260811,0.767156862745098,0.9068627450980392,1.0,0.0,9,0.5853658536585366
41,0.5,0.5,20260811,0.3492063492063492,0.671957671957672,0.01,0.0,9,0.6585365853658537
41,0.5,0.5,20260811,0.6570048309178744,0.8236714975845411,0.1,0.5,2,0.5609756097560976
41,0.5,0.5,20260811,0.5484848484848486,0.7909090909090909,0.1,0.0,9,0.7317073170731707
41,0.5,0.5,20260811,0.5974358974358974,0.717948717948718,0.01,0.0,9,0.6341463414634146
41,0.5,0.5,20260811,0.4571428571428572,0.7261904761904763,0.01,0.0,9,0.4878048780487805
41,0.5,0.5,20260811,0.3055555555555556,0.7951388888888888,0.1,0.0,9,0.7804878048780488
41,0.5,0.5,20260811,0.12380952380952381,0.6333333333333333,0.01,0.0,9,0.5121951219512195
41,0.5,0.5,20260811,0.4652777777777778,0.8298611111111112,1.0,0.0,9,0.7804878048780488
41,0.5,0.5,20260811,0.5434782608695652,0.7681159420289855,0.1,0.0,9,0.43902439024390244
41,0.5,0.5,20260811,0.43386243386243384,0.7513227513227513,1.0,1.0,6,0.6585365853658537
41,0.5,0.5,20260811,0.5212121212121212,0.7363636363636363,0.01,0.0,9,0.7317073170731707
41,0.5,0.5,20260811,0.23626373626373626,0.5,0.01,0.5,0,0.6829268292682927
41,0.5,0.5,20260811,0.3956043956043956,0.5,0.01,0.5,0,0.6829268292682927
41,0.5,0.5,20260811,0.5820105820105821,0.8015873015873016,0.1,0.0,9,0.6585365853658537
41,0.5,0.5,20260811,0.46,0.715,0.01,0.0,9,0.6097560975609756
41,0.5,0.5,20260811,0.5027472527472527,0.5,0.01,0.5,0,0.6829268292682927
41,0.5,0.5,20260811,0.5631868131868132,0.8406593406593407,1.0,0.0,9,0.6829268292682927
41,0.5,0.5,20260811,0.7475490196078431,0.8382352941176471,0.1,0.5,3,0.5853658536585366
41,0.5,0.5,20260811,0.3480392156862745,0.5,0.01,0.5,0,0.5853658536585366
41,0.5,0.5,20260811,0.48412698412698413,0.6825396825396826,0.01,0.0,9,0.6585365853658537
41,0.5,0.5,20260811,0.4313725490196078,0.6838235294117647,0.01,0.0,9,0.4146341463414634
41,0.5,0.5,20260811,0.6481481481481481,0.8333333333333333,0.1,0.0,9,0.6585365853658537
41,0.5,0.5,20260811,0.6564102564102564,0.7692307692307693,0.01,0.0,9,0.6341463414634146
41,0.5,0.5,20260811,0.39613526570048313,0.7053140096618358,0.01,0.0,9,0.5609756097560976
41,0.5,0.5,20260811,0.4807692307692308,0.7252747252747254,0.01,0.0,9,0.6829268292682927
41,0.5,0.5,20260811,0.5169082125603865,0.71256038647343,0.01,0.0,9,0.5609756097560976
41,0.5,0.5,20260811,0.46825396825396826,0.5,0.01,0.5,0,0.6585365853658537
41,0.5,0.5,20260811,0.4338235294117647,0.8700980392156863,1.0,0.0,9,0.5853658536585366
41,0.5,0.5,20260811,0.27,0.5,0.01,0.5,0,0.3902439024390244
41,0.5,0.5,20260811,0.4038461538461538,0.8296703296703296,1.0,0.0,9,0.6829268292682927
41,0.5,0.5,20260811,0.6758241758241759,0.8434065934065934,0.1,0.0,9,0.6829268292682927
41,0.5,0.5,20260811,0.4879227053140096,0.6545893719806762,0.01,0.0,9,0.5609756097560976
41,0.5,0.5,20260811,0.5241545893719806,0.8067632850241546,1.0,0.5,8,0.5609756097560976
41,0.5,0.5,20260811,0.5451612903225806,0.8032258064516129,0.1,0.0,9,0.7560975609756098
41,0.5,0.5,20260811,0.3564593301435407,0.7272727272727273,1.0,1.0,7,0.5365853658536586
41,0.5,0.5,20260811,0.1932367149758454,0.5,0.01,0.5,0,0.5609756097560976
41,0.5,0.5,20260811,0.3775,0.6825000000000001,0.01,0.0,9,0.6097560975609756
41,0.5,0.5,20260811,0.35128205128205126,0.7435897435897436,0.1,0.5,1,0.6341463414634146
41,0.5,0.5,20260811,0.6931818181818182,0.8371212121212122,0.1,0.0,9,0.8048780487804879
41,0.5,0.5,20260811,0.6196172248803827,0.8157894736842106,1.0,1.0,4,0.5365853658536586
41,0.5,0.5,20260811,0.4736842105263158,0.722488038277512,0.01,0.0,9,0.5365853658536586
41,0.5,0.5,20260811,0.5476190476190477,0.7726190476190475,0.1,0.5,2,0.4878048780487805
41,0.5,0.5,20260811,0.373015873015873,0.5,0.01,0.5,0,0.6585365853658537
41,0.5,0.5,20260811,0.22751322751322753,0.7037037037037036,0.01,0.0,9,0.6585365853658537
41,0.5,0.5,20260811,0.2777777777777778,0.791005291005291,1.0,1.0,5,0.6585365853658537
41,0.5,0.5,20260811,0.41208791208791207,0.695054945054945,0.01,0.0,9,0.6829268292682927
41,0.5,0.5,20260811,0.285,0.76,0.1,0.0,9,0.6097560975609756
41,0.5,0.5,20260811,0.2377450980392157,0.5955882352941176,0.01,0.0,9,0.4146341463414634
41,0.5,0.5,20260811,0.20500000000000002,0.5,0.01,0.5,0,0.6097560975609756
41,0.5,0.5,20260811,0.7028985507246377,0.9009661835748792,1.0,0.0,9,0.5609756097560976
41,0.5,0.5,20260811,0.2465277777777778,0.5,0.01,0.5,0,0.7804878048780488
41,0.5,0.5,20260811,0.6076555023923444,0.7822966507177033,1.0,0.5,7,0.4634146341463415
41,0.5,0.5,20260811,0.35990338164251207,0.6956521739130435,0.01,0.0,9,0.5609756097560976
41,0.5,0.5,20260811,0.4393939393939394,0.6757575757575758,0.01,0.0,9,0.7317073170731707
41,0.5,0.5,20260811,0.5375,0.74375,0.1,0.5,1,0.6097560975609756
41,0.5,0.5,20260811,0.39015151515151514,0.7272727272727273,0.01,0.0,9,0.8048780487804879
41,0.5,0.5,20260811,0.3140096618357488,0.5,0.01,0.5,0,0.5609756097560976
41,0.5,0.5,20260811,0.6948717948717948,0.8307692307692308,0.01,0.0,9,0.6341463414634146
41,0.5,0.5,20260811,0.419047619047619,0.7357142857142857,0.1,0.5,2,0.5121951219512195
41,0.5,0.5,20260811,0.5686274509803921,0.8186274509803921,1.0,1.0,5,0.5853658536585366
41,0.5,0.5,20260811,0.5334928229665071,0.7488038277511961,0.01,0.0,9,0.4634146341463415
41,0.5,0.5,20260811,0.4725274725274725,0.7197802197802197,1.0,1.0,3,0.6829268292682927
41,0.5,0.5,20260811,0.5343137254901961,0.803921568627451,0.1,0.0,9,0.5853658536585366
41,0.5,0.5,20260811,0.48250000000000004,0.7150000000000001,0.1,0.5,1,0.6097560975609756
41,0.5,0.5,20260811,0.5631868131868132,0.8090659340659341,0.1,0.5,2,0.6829268292682927
41,0.5,0.5,20260811,0.34615384615384615,0.7153846153846154,0.01,0.0,9,0.6341463414634146
41,0.5,0.5,20260811,0.4827586206896552,0.7543103448275863,0.1,0.5,2,0.7073170731707317
41,0.5,0.5,20260811,0.5096618357487923,0.7632850241545894,1.0,0.5,6,0.5609756097560976
41,0.5,0.5,20260811,0.206060606060606,0.6303030303030303,0.01,0.0,9,0.7317073170731707
41,0.5,0.5,20260811,0.45169082125603865,0.6884057971014493,0.01,0.0,9,0.5609756097560976
41,0.5,0.5,20260811,0.3595238095238095,0.5,0.01,0.5,0,0.5121951219512195
41,0.5,0.5,20260811,0.6028708133971293,0.7966507177033493,0.1,0.5,2,0.5365853658536586
41,0.5,0.5,20260811,0.32107843137254904,0.6495098039215687,0.01,0.0,9,0.5853658536585366
41,0.5,0.5,20260811,0.19856459330143544,0.6866028708133971,0.1,0.0,9,0.5365853658536586
41,0.5,0.5,20260811,0.4641025641025642,0.735897435897436,0.01,0.0,9,0.6341463414634146
41,0.5,0.5,20260811,0.6435897435897436,0.8769230769230769,1.0,0.5,8,0.6341463414634146
41,0.5,0.5,20260811,0.5402298850574713,0.8275862068965518,1.0,0.5,7,0.7073170731707317
41,0.5,0.5,20260811,0.37637362637362637,0.706043956043956,0.1,0.0,9,0.6829268292682927
41,0.5,0.5,20260811,0.6000000000000001,0.77,0.1,0.5,2,0.6097560975609756
41,0.5,0.5,20260811,0.5846560846560847,0.798941798941799,1.0,0.5,7,0.6585365853658537
41,0.5,0.5,20260811,0.3131868131868132,0.6895604395604396,0.01,0.0,9,0.6829268292682927
41,0.5,0.5,20260811,0.6025,0.865,1.0,0.5,8,0.6097560975609756
41,0.5,0.5,20260811,0.5641025641025641,0.7820512820512822,1.0,1.0,7,0.6341463414634146
41,0.5,0.5,20260811,0.42582417582417587,0.6868131868131868,0.01,0.0,9,0.6829268292682927
41,0.5,0.5,20260811,0.6470588235294118,0.8529411764705882,0.1,0.0,9,0.5853658536585366
41,0.5,0.5,20260811,0.569377990430622,0.7392344497607656,0.01,0.0,9,0.5365853658536586
41,0.5,0.5,20260811,0.7959770114942529,0.8994252873563219,0.01,0.0,9,0.7073170731707317
41,0.5,0.5,20260811,0.5857142857142857,0.7309523809523809,0.01,0.0,9,0.5121951219512195
41,0.5,0.5,20260811,0.25396825396825395,0.6904761904761905,0.1,0.5,1,0.6585365853658537
41,0.5,0.5,20260811,0.3159340659340659,0.5,0.01,0.5,0,0.6829268292682927
41,0.5,0.5,20260811,0.12564102564102564,0.5,0.01,0.5,0,0.6341463414634146
41,0.5,0.5,20260811,0.23529411764705882,0.6764705882352942,0.01,0.0,9,0.5853658536585366
41,0.5,0.5,20260811,0.3452380952380952,0.5,0.01,0.5,0,0.5121951219512195
41,0.5,0.5,20260811,0.35784313725490197,0.6887254901960784,0.01,0.0,9,0.5853658536585366
41,0.5,0.5,20260811,0.5387096774193548,0.896774193548387,1.0,0.0,9,0.7560975609756098
41,0.5,0.5,20260811,0.5274725274725275,0.6895604395604396,0.01,0.0,9,0.6829268292682927
41,0.5,0.5,20260811,0.4725274725274725,0.8076923076923077,1.0,1.0,6,0.6829268292682927
41,0.5,0.5,20260811,0.28296703296703296,0.7362637362637363,0.1,0.0,9,0.6829268292682927
41,0.5,0.5,20260811,0.5625,0.81,1.0,0.0,9,0.3902439024390244
41,0.5,0.5,20260811,0.6764705882352942,0.8480392156862745,0.1,0.0,9,0.5853658536585366
41,0.5,0.5,20260811,0.5264550264550265,0.7671957671957671,0.1,0.5,2,0.6585365853658537
41,0.5,0.5,20260811,0.82,0.9299999999999999,1.0,1.0,4,0.6097560975609756
41,0.5,0.5,20260811,0.603225806451613,0.864516129032258,1.0,0.0,9,0.7560975609756098
41,0.5,0.5,20260811,0.5604395604395604,0.8214285714285714,1.0,0.0,9,0.6829268292682927
41,0.5,0.5,20260811,0.47857142857142854,0.6976190476190476,0.01,0.0,9,0.4878048780487805
41,0.5,0.5,20260811,0.5192307692307692,0.7527472527472527,0.01,0.0,9,0.6829268292682927
41,0.5,0.5,20260811,0.5024154589371981,0.6908212560386473,0.01,0.0,9,0.5609756097560976
41,0.5,0.5,20260811,0.495,0.7875000000000001,1.0,0.0,9,0.6097560975609756
41,0.5,0.5,20260811,0.6200000000000001,0.8,1.0,1.0,4,0.6097560975609756
41,0.5,0.5,20260811,0.4142857142857143,0.5,0.01,0.5,0,0.5121951219512195
41,0.5,0.5,20260811,0.4203296703296703,0.5,0.01,0.5,0,0.6829268292682927
41,0.5,0.5,20260811,0.30952380952380953,0.6772486772486773,0.01,0.0,9,0.6585365853658537
41,0.5,0.5,20260811,0.2965686274509804,0.5,0.01,0.5,0,0.5853658536585366
41,0.5,0.5,20260811,0.25120772946859904,0.5,0.01,0.5,0,0.5609756097560976
41,0.5,0.5,20260811,0.5096618357487923,0.7222222222222222,0.1,0.5,2,0.5609756097560976
41,0.5,0.5,20260811,0.6280193236714975,0.855072463768116,1.0,0.5,9,0.43902439024390244
41,0.5,0.5,20260811,0.5137362637362638,0.7005494505494505,0.01,0.0,9,0.6829268292682927
41,0.5,0.5,20260811,0.4761904761904762,0.6928571428571428,0.01,0.0,9,0.4878048780487805
41,0.5,0.5,20260811,0.5358974358974359,0.758974358974359,0.01,0.0,9,0.6341463414634146
41,0.5,0.5,20260811,0.37068965517241376,0.5,0.01,0.5,0,0.7073170731707317
41,0.5,0.5,20260811,0.4885057471264368,0.7413793103448275,0.01,0.0,9,0.7073170731707317
41,0.5,0.5,20260811,0.430952380952381,0.6523809523809524,0.01,0.0,9,0.5121951219512195
41,0.5,0.5,20260811,0.6175,0.8300000000000001,0.1,0.0,9,0.6097560975609756
41,0.5,0.5,20260811,0.6645161290322581,0.7854838709677419,0.1,0.5,1,0.7560975609756098
41,0.5,0.5,20260811,0.33333333333333337,0.7307692307692308,0.01,0.0,9,0.6341463414634146
41,0.5,0.5,20260811,0.5435897435897437,0.7128205128205127,0.01,0.0,9,0.6341463414634146
41,0.5,0.5,20260811,0.5461538461538462,0.7846153846153847,0.1,0.5,4,0.6341463414634146
41,0.5,0.5,20260811,0.5976190476190477,0.7666666666666667,0.01,0.0,9,0.5121951219512195
41,0.5,0.5,20260811,0.5028735632183907,0.764367816091954,0.1,0.0,9,0.7073170731707317
41,0.5,0.5,20260811,0.5073529411764706,0.7401960784313726,0.01,0.0,9,0.5853658536585366
41,0.5,0.5,20260811,0.2803030303030303,0.7121212121212122,1.0,0.0,9,0.8048780487804879
41,0.5,0.5,20260811,0.553921568627451,0.7401960784313725,0.1,0.0,9,0.5853658536585366
41,0.5,0.5,20260811,0.5,0.5,0.01,0.5,0,0.7073170731707317
41,0.5,0.5,20260811,0.52,0.5,0.01,0.5,0,0.6097560975609756
41,0.5,0.5,20260811,0.24871794871794872,0.7538461538461538,1.0,0.5,8,0.6341463414634146
41,0.5,0.5,20260811,0.7463768115942029,0.8864734299516909,0.1,0.5,3,0.5609756097560976
41,0.5,0.5,20260811,0.4807692307692307,0.771978021978022,0.1,0.0,9,0.6829268292682927
41,0.5,0.5,20260811,0.6696969696969697,0.8393939393939394,0.1,0.0,9,0.7317073170731707
41,0.5,0.5,20260811,0.6318681318681318,0.6813186813186813,0.01,0.0,9,0.6829268292682927
41,0.5,0.5,20260811,0.6534391534391534,0.7830687830687831,0.01,0.0,9,0.6585365853658537
41,0.5,0.5,20260811,0.5487179487179488,0.7384615384615385,0.01,0.0,9,0.6341463414634146
41,0.5,0.5,20260811,0.5,0.7777777777777778,1.0,1.0,6,0.5609756097560976
41,0.5,0.5,20260811,0.4666666666666667,0.6846153846153846,0.01,0.0,9,0.6341463414634146
41,0.5,0.5,20260811,0.8333333333333333,0.9191176470588235,1.0,0.0,9,0.5853658536585366
41,0.5,0.5,20260811,0.7344497607655502,0.8277511961722488,0.01,0.0,9,0.4634146341463415
41,0.5,0.5,20260811,0.24838709677419352,0.7935483870967741,0.01,0.0,9,0.7560975609756098
41,0.5,0.5,20260811,0.24074074074074076,0.6825396825396826,0.01,0.0,9,0.6585365853658537
41,0.5,0.5,20260811,0.3968253968253968,0.7037037037037038,1.0,0.5,8,0.6585365853658537
41,0.5,0.5,20260811,0.635483870967742,0.8806451612903227,1.0,0.0,9,0.7560975609756098
41,0.5,0.5,20260811,0.33499999999999996,0.5,0.01,0.5,0,0.6097560975609756
41,0.5,0.5,20260811,0.36538461538461536,0.5,0.01,0.5,0,0.6829268292682927
41,0.5,0.5,20260811,0.3387096774193548,0.7580645161290323,0.01,0.0,9,0.7560975609756098
41,0.5,0.5,20260811,0.3480392156862745,0.6556372549019608,0.1,0.5,1,0.5853658536585366
41,0.5,0.5,20260811,0.6084656084656084,0.8042328042328042,0.01,0.0,9,0.6585365853658537
41,0.5,0.5,20260811,0.405,0.7324999999999999,1.0,1.0,5,0.6097560975609756
41,0.5,0.5,20260811,0.43956043956043955,0.6868131868131868,0.01,0.0,9,0.6829268292682927
41,0.5,0.5,20260811,0.6151515151515151,0.8181818181818182,1.0,1.0,4,0.7317073170731707
41,0.5,0.5,20260811,0.5454545454545454,0.7607655502392345,0.01,0.0,9,0.5365853658536586
41,0.5,0.5,20260811,0.29761904761904767,0.5,0.01,0.5,0,0.5121951219512195
41,0.5,0.5,20260811,0.6148325358851674,0.7404306220095694,0.1,0.5,1,0.4634146341463415
41,0.5,0.5,20260811,0.3756613756613757,0.7142857142857143,0.1,0.5,1,0.6585365853658537
41,0.5,0.5,20260811,0.373015873015873,0.6613756613756614,0.01,0.0,9,0.6585365853658537
41,0.5,0.5,20260811,0.4525,0.7025,0.01,0.0,9,0.6097560975609756
41,0.5,0.5,20260811,0.2922705314009662,0.7946859903381643,1.0,0.0,9,0.5609756097560976
41,0.5,0.5,20260811,0.6725,0.825,1.0,1.0,3,0.6097560975609756
41,0.5,0.5,20260811,0.3995098039215686,0.6985294117647058,0.01,0.0,9,0.5853658536585366
41,0.5,0.5,20260811,0.5,0.7586206896551724,0.01,0.0,9,0.7073170731707317
41,0.5,0.5,20260811,0.52,0.69,0.01,0.0,9,0.3902439024390244
41,0.5,0.5,20260811,0.24154589371980673,0.7391304347826088,0.1,0.0,9,0.5609756097560976
41,0.5,0.5,20260811,0.6715686274509804,0.8676470588235294,1.0,1.0,6,0.5853658536585366
41,0.5,0.5,20260811,0.5,0.7606060606060605,0.01,0.0,9,0.7317073170731707
41,0.5,0.5,20260811,0.708994708994709,0.9206349206349206,1.0,0.5,8,0.6585365853658537
41,0.5,0.5,20260811,0.54,0.8175,1.0,0.0,9,0.6097560975609756
41,0.5,0.5,20260811,0.5439560439560439,0.7417582417582418,0.01,0.0,9,0.6829268292682927
41,0.5,0.5,20260811,0.576923076923077,0.717948717948718,0.1,0.5,1,0.6341463414634146
41,0.5,0.5,20260811,0.5303030303030303,0.8303030303030303,1.0,0.0,9,0.7317073170731707
41,0.5,0.5,20260811,0.37948717948717947,0.6435897435897435,0.01,0.0,9,0.6341463414634146
41,0.5,0.5,20260811,0.3732057416267943,0.5,0.01,0.5,0,0.5365853658536586
41,0.5,0.5,20260811,0.7125,0.8825000000000001,1.0,1.0,6,0.6097560975609756
41,0.5,0.5,20260811,0.4538461538461539,0.5,0.01,0.5,0,0.6341463414634146
41,0.5,0.5,20260811,0.4511494252873563,0.6436781609195402,0.01,0.0,9,0.7073170731707317
41,0.5,0.5,20260811,0.17464114832535885,0.6555023923444977,0.01,0.0,9,0.5365853658536586
41,0.5,0.5,20260811,0.1595238095238095,0.6976190476190477,0.01,0.0,9,0.5121951219512195
41,0.5,0.5,20260811,0.4485294117647059,0.7941176470588236,0.1,0.0,9,0.5853658536585366
41,0.5,0.5,20260811,0.4487179487179487,0.735897435897436,0.01,0.0,9,0.6341463414634146
41,0.5,0.5,20260811,0.41534391534391535,0.7063492063492063,0.01,0.0,9,0.6585365853658537
41,0.5,0.5,20260811,0.41911764705882354,0.7622549019607843,0.1,0.0,9,0.5853658536585366
41,0.5,0.5,20260811,0.7384615384615385,0.7871794871794873,0.1,0.5,3,0.6341463414634146
41,0.5,0.5,20260811,0.6350574712643678,0.8275862068965517,0.1,0.5,2,0.7073170731707317
41,0.5,0.5,20260811,0.34558823529411764,0.6470588235294118,0.01,0.0,9,0.5853658536585366
41,0.5,0.5,20260811,0.25735294117647056,0.5,0.01,0.5,0,0.5853658536585366
41,0.5,0.5,20260811,0.4057971014492754,0.6618357487922706,0.01,0.0,9,0.5609756097560976
41,0.5,0.5,20260811,0.4642857142857143,0.8241758241758241,0.1,0.0,9,0.6829268292682927
41,0.5,0.5,20260811,0.462962962962963,0.6693121693121693,0.01,0.0,9,0.6585365853658537
41,0.5,0.5,20260811,0.4138755980861244,0.7105263157894737,0.01,0.0,9,0.5365853658536586
41,0.5,0.5,20260811,0.6004784688995215,0.799043062200957,0.01,0.0,9,0.5365853658536586
41,0.5,0.5,20260811,0.4264705882352941,0.7009803921568628,0.01,0.0,9,0.5853658536585366
41,0.5,0.5,20260811,0.4852941176470588,0.7598039215686274,0.1,0.0,9,0.5853658536585366
41,0.5,0.5,20260811,0.48000000000000004,0.5,0.01,0.5,0,0.6097560975609756
41,0.5,0.5,20260811,0.4894179894179894,0.7751322751322751,0.1,0.0,9,0.6585365853658537
41,0.5,0.5,20260811,0.47619047619047616,0.7433862433862434,0.1,0.5,2,0.6585365853658537
41,0.5,0.5,20260811,0.4757575757575758,0.6757575757575758,0.01,0.0,9,0.7317073170731707
41,0.5,0.5,20260811,0.2994505494505494,0.75,1.0,0.5,8,0.6829268292682927
41,0.5,0.5,20260811,0.4258064516129032,0.7548387096774194,0.01,0.0,9,0.7560975609756098
41,0.5,0.5,20260811,0.5687830687830688,0.8624338624338624,1.0,0.0,9,0.6585365853658537
41,0.5,0.5,20260811,0.46190476190476193,0.7238095238095239,0.01,0.0,9,0.4878048780487805
41,0.5,0.5,20260811,0.5075000000000001,0.8025,0.1,0.0,9,0.6097560975609756
41,0.5,0.5,20260811,0.5476190476190477,0.6845238095238094,0.1,0.5,1,0.5121951219512195
41,0.5,0.5,20260811,0.3489010989010989,0.706043956043956,0.01,0.0,9,0.6829268292682927
41,0.5,0.5,20260811,0.20098039215686275,0.7622549019607843,1.0,0.5,9,0.5853658536585366
41,0.5,0.5,20260811,0.7181818181818183,0.9090909090909091,1.0,0.5,8,0.7317073170731707
41,0.5,0.5,20260811,0.5402298850574713,0.7356321839080461,0.01,0.0,9,0.7073170731707317
41,0.5,0.5,20260811,0.5256410256410257,0.8692307692307693,1.0,1.0,7,0.6341463414634146
41,0.5,0.5,20260811,0.6495098039215687,0.8149509803921569,0.1,0.5,2,0.5853658536585366
41,0.5,0.5,20260811,0.5125000000000001,0.73,0.1,0.5,1,0.6097560975609756
41,0.5,0.5,20260811,0.4142156862745098,0.8063725490196079,1.0,0.0,9,0.5853658536585366
41,0.5,0.5,20260811,0.6363636363636364,0.8212121212121212,0.01,0.0,9,0.7317073170731707
41,0.5,0.5,20260811,0.5494505494505494,0.8379120879120878,1.0,0.0,9,0.6829268292682927
41,0.5,0.5,20260811,0.3285714285714286,0.6404761904761904,0.01,0.0,9,0.5121951219512195
41,0.5,0.5,20260811,0.4927536231884058,0.7173913043478262,0.01,0.0,9,0.5609756097560976
41,0.5,0.5,20260811,0.28296703296703296,0.6758241758241758,0.01,0.0,9,0.6829268292682927
41,0.5,0.5,20260811,0.34068627450980393,0.5,0.01,0.5,0,0.5853658536585366
41,0.5,0.5,20260811,0.6715686274509803,0.8308823529411765,1.0,0.5,6,0.5853658536585366
41,0.5,0.5,20260811,0.5238095238095238,0.8253968253968254,1.0,0.0,9,0.6585365853658537
41,0.5,0.5,20260811,0.6231884057971014,0.8405797101449276,1.0,1.0,6,0.5609756097560976
41,0.5,0.5,20260811,0.38095238095238093,0.6931216931216931,1.0,1.0,5,0.6585365853658537
41,0.5,0.5,20260811,0.5747126436781609,0.8936781609195402,1.0,0.0,9,0.7073170731707317
41,0.5,0.5,20260811,0.7377450980392157,0.8774509803921569,1.0,0.0,9,0.5853658536585366
41,0.5,0.5,20260811,0.4,0.6606060606060606,0.01,0.0,9,0.7317073170731707
41,0.5,0.5,20260811,0.5164835164835164,0.8159340659340659,0.1,0.0,9,0.6829268292682927
41,0.5,0.5,20260811,0.5060606060606061,0.5,0.01,0.5,0,0.7317073170731707
41,0.5,0.5,20260811,0.6005291005291005,0.8624338624338624,1.0,0.5,8,0.6585365853658537
41,0.5,0.5,20260811,0.6495098039215687,0.7818627450980392,0.01,0.0,9,0.5853658536585366
41,0.5,0.5,20260811,0.32564102564102565,0.735897435897436,0.01,0.0,9,0.6341463414634146
41,0.5,0.5,20260811,0.5813397129186604,0.7655502392344498,0.01,0.0,9,0.5365853658536586
41,0.5,0.5,20260811,0.4625,0.8274999999999999,1.0,0.0,9,0.6097560975609756
41,0.5,0.5,20260811,0.36519607843137253,0.6323529411764706,0.01,0.0,9,0.5853658536585366
41,0.5,0.5,20260811,0.5054945054945055,0.8516483516483516,1.0,0.0,9,0.6829268292682927
41,0.5,0.5,20260811,0.36764705882352944,0.6495098039215685,0.01,0.0,9,0.5853658536585366
41,0.5,0.5,20260811,0.6515151515151515,0.8666666666666667,1.0,0.5,6,0.7317073170731707
41,0.5,0.5,20260811,0.4358974358974359,0.7615384615384616,1.0,0.0,9,0.6341463414634146
41,0.5,0.5,20260811,0.48563218390804597,0.8333333333333333,1.0,0.0,9,0.7073170731707317
41,0.5,0.5,20260811,0.38888888888888884,0.7584541062801933,1.0,1.0,4,0.5609756097560976
41,0.5,0.5,20260811,0.3088235294117647,0.7156862745098039,0.01,0.0,9,0.5853658536585366
41,0.5,0.5,20260811,0.33225806451612905,0.6870967741935483,0.01,0.0,9,0.7560975609756098
41,0.5,0.5,20260811,0.28448275862068967,0.7701149425287357,0.01,0.0,9,0.7073170731707317
41,0.5,0.5,20260811,0.39080459770114945,0.7126436781609194,0.01,0.0,9,0.7073170731707317
41,0.5,0.5,20260811,0.6025,0.7775000000000001,0.1,0.0,9,0.6097560975609756
41,0.5,0.5,20260811,0.4251207729468599,0.6884057971014493,0.01,0.0,9,0.5609756097560976
41,0.5,0.5,20260811,0.8253968253968254,0.9417989417989417,0.1,0.5,3,0.6585365853658537
41,0.5,0.5,20260811,0.46703296703296704,0.7362637362637363,0.01,0.0,9,0.6829268292682927
41,0.5,0.5,20260811,0.6318681318681318,0.5,0.01,0.5,0,0.6829268292682927
41,0.5,0.5,20260811,0.5287356321839081,0.7614942528735632,0.01,0.0,9,0.7073170731707317
41,0.5,0.5,20260811,0.5169082125603864,0.7391304347826086,0.1,0.0,9,0.43902439024390244
41,0.5,0.5,20260811,0.08695652173913043,0.7512077294685992,1.0,0.0,9,0.5609756097560976
41,0.5,0.5,20260811,0.25384615384615383,0.6487179487179487,0.01,0.0,9,0.6341463414634146
41,0.5,0.5,20260811,0.4411764705882352,0.7205882352941176,0.01,0.0,9,0.5853658536585366
41,0.5,0.5,20260811,0.2884615384615385,0.5,0.01,0.5,0,0.6829268292682927
41,0.5,0.5,20260811,0.6029411764705882,0.7892156862745098,1.0,1.0,4,0.5853658536585366
41,0.5,0.5,20260811,0.5661764705882353,0.7598039215686274,0.01,0.0,9,0.5853658536585366
41,0.5,0.5,20260811,0.5692307692307692,0.7820512820512822,0.01,0.0,9,0.6341463414634146
41,0.5,0.5,20260811,0.49230769230769234,0.8461538461538461,1.0,0.5,8,0.6341463414634146
41,0.5,0.5,20260811,0.40804597701149425,0.5,0.01,0.5,0,0.7073170731707317
41,0.5,0.5,20260811,0.6703296703296703,0.8406593406593407,1.0,1.0,5,0.6829268292682927
41,0.5,0.5,20260811,0.458974358974359,0.5,0.01,0.5,0,0.6341463414634146
41,0.5,0.5,20260811,0.5487179487179488,0.7435897435897436,0.1,0.5,1,0.6341463414634146
41,0.5,0.5,20260811,0.455026455026455,0.7354497354497355,0.01,0.0,9,0.6585365853658537
41,0.5,0.5,20260811,0.3477011494252873,0.675287356321839,0.01,0.0,9,0.7073170731707317
41,0.5,0.5,20260811,0.6772486772486772,0.8095238095238095,0.1,0.0,9,0.6585365853658537
41,0.5,0.5,20260811,0.5923076923076923,0.7897435897435898,0.1,0.5,2,0.6341463414634146
41,0.5,0.5,20260811,0.582010582010582,0.8386243386243386,0.1,0.0,9,0.6585365853658537
41,0.5,0.5,20260811,0.782051282051282,0.8692307692307693,0.01,0.0,9,0.6341463414634146
41,0.5,0.5,20260811,0.43636363636363634,0.8242424242424243,0.01,0.0,9,0.7317073170731707
41,0.5,0.5,20260811,0.33620689655172414,0.6839080459770115,0.01,0.0,9,0.7073170731707317
41,0.5,0.5,20260811,0.43249999999999994,0.86,1.0,0.0,9,0.6097560975609756
41,0.5,0.5,20260811,0.4106280193236715,0.7608695652173914,1.0,0.0,9,0.5609756097560976
41,0.5,0.5,20260811,0.5797101449275363,0.8236714975845411,1.0,0.0,9,0.5609756097560976
41,0.5,0.5,20260811,0.6400000000000001,0.76,0.01,0.0,9,0.6097560975609756
41,0.5,0.5,20260811,0.6746411483253588,0.8086124401913876,0.1,0.5,3,0.4634146341463415
41,0.5,0.5,20260811,0.3325,0.7100000000000001,0.1,0.0,9,0.6097560975609756
41,0.5,0.5,20260811,0.7037037037037037,0.8809523809523809,1.0,0.5,7,0.6585365853658537
41,0.5,0.5,20260811,0.5512820512820513,0.8820512820512821,1.0,0.0,9,0.6341463414634146
41,0.5,0.5,20260811,0.3677248677248677,0.7354497354497355,0.01,0.0,9,0.6585365853658537
41,0.5,0.5,20260811,0.35185185185185186,0.7513227513227514,1.0,0.5,9,0.6585365853658537
41,0.5,0.5,20260811,0.7058823529411765,0.8357843137254902,0.1,0.0,9,0.5853658536585366
41,0.5,0.5,20260811,0.5,0.7666666666666666,0.1,0.5,1,0.5121951219512195
41,0.5,0.5,20260811,0.5846560846560847,0.8544973544973544,0.1,0.0,9,0.6585365853658537
41,0.5,0.5,20260811,0.6461538461538461,0.7974358974358975,0.01,0.0,9,0.6341463414634146
41,0.5,0.5,20260811,0.40804597701149425,0.6982758620689655,0.01,0.0,9,0.7073170731707317
41,0.5,0.5,20260811,0.5925,0.76375,0.1,0.5,2,0.6097560975609756
41,0.5,0.5,20260811,0.4597701149425288,0.7959770114942529,1.0,0.5,6,0.7073170731707317
41,0.5,0.5,20260811,0.3967741935483871,0.7483870967741936,0.01,0.0,9,0.7560975609756098
41,0.5,0.5,20260811,0.3994252873563219,0.5,0.01,0.5,0,0.7073170731707317
41,0.5,0.5,20260811,0.19576719576719578,0.6402116402116402,0.01,0.0,9,0.6585365853658537
41,0.5,0.5,20260811,0.20634920634920634,0.5,0.01,0.5,0,0.6585365853658537
41,0.5,0.5,20260811,0.5808823529411765,0.7450980392156863,0.01,0.0,9,0.5853658536585366
41,0.5,0.5,20260811,0.5875000000000001,0.7799999999999999,0.01,0.0,9,0.6097560975609756
41,0.5,0.5,20260811,0.6181318681318682,0.782967032967033,0.1,0.5,1,0.6829268292682927
41,0.5,0.5,20260811,0.6285714285714286,0.7619047619047619,0.01,0.0,9,0.5121951219512195
41,0.5,0.5,20260811,0.52,0.7475,0.01,0.0,9,0.6097560975609756
41,0.5,0.5,20260811,0.5775,0.795,0.1,0.0,9,0.6097560975609756
41,0.5,0.5,20260811,0.3038277511961723,0.6387559808612441,0.01,0.0,9,0.5365853658536586
41,0.5,0.5,20260811,0.5439560439560439,0.8186813186813187,1.0,0.0,9,0.6829268292682927
41,0.5,0.5,20260811,0.7584541062801933,0.8297101449275364,0.1,0.5,2,0.5609756097560976
41,0.5,0.5,20260811,0.3017241379310345,0.7126436781609196,1.0,0.5,7,0.7073170731707317
41,0.5,0.5,20260811,0.7637362637362637,0.8598901098901099,0.01,0.0,9,0.6829268292682927
41,0.5,0.5,20260811,0.13461538461538458,0.7142857142857142,0.01,0.0,9,0.6829268292682927
41,0.5,0.5,20260811,0.6978021978021978,0.8873626373626373,1.0,0.0,9,0.6829268292682927
41,0.5,0.5,20260811,0.4431818181818182,0.7651515151515151,1.0,1.0,3,0.8048780487804879
41,0.5,0.5,20260811,0.42424242424242425,0.7318181818181818,0.1,0.5,1,0.7317073170731707
41,0.5,0.5,20260811,0.36772486772486773,0.7804232804232804,0.1,0.0,9,0.6585365853658537
41,0.5,0.5,20260811,0.5729166666666666,0.7881944444444444,0.01,0.0,9,0.7804878048780488
41,0.5,0.5,20260811,0.7023809523809523,0.8047619047619049,0.01,0.0,9,0.4878048780487805
41,0.5,0.5,20260811,0.5741626794258373,0.8086124401913876,1.0,1.0,4,0.5365853658536586
41,0.5,0.5,20260811,0.1121212121212121,0.5,0.01,0.5,0,0.7317073170731707
41,0.5,0.5,20260811,0.4696969696969697,0.796969696969697,0.1,0.5,2,0.7317073170731707
41,0.5,0.5,20260811,0.6215277777777778,0.8125,1.0,1.0,2,0.7804878048780488
41,0.5,0.5,20260811,0.22820512820512823,0.5,0.01,0.5,0,0.6341463414634146
41,0.5,0.5,20260811,0.6384615384615384,0.8846153846153846,1.0,0.0,9,0.6341463414634146
41,0.5,0.5,20260811,0.5897435897435898,0.8666666666666666,1.0,0.0,9,0.6341463414634146
41,0.5,0.5,20260811,0.6230769230769231,0.7615384615384615,0.01,0.0,9,0.6341463414634146
41,0.5,0.5,20260811,0.2318840579710145,0.5,0.01,0.5,0,0.5609756097560976
41,0.5,0.5,20260811,0.3677248677248677,0.5,0.01,0.5,0,0.6585365853658537
41,0.5,0.5,20260811,0.3946078431372549,0.6470588235294117,0.01,0.0,9,0.5853658536585366
41,0.5,0.5,20260811,0.5525,0.7875,0.01,0.0,9,0.6097560975609756
41,0.5,0.5,20260811,0.34545454545454546,0.6515151515151515,0.01,0.0,9,0.7317073170731707
41,0.5,0.5,20260811,0.16666666666666669,0.5,0.01,0.5,0,0.7804878048780488
41,0.5,0.5,20260811,0.5487179487179488,0.75,0.1,0.5,1,0.6341463414634146
41,0.5,0.5,20260811,0.6851851851851851,0.8783068783068784,0.1,0.0,9,0.6585365853658537
41,0.5,0.5,20260811,0.4450549450549451,0.6675824175824177,0.1,0.5,1,0.6829268292682927
41,0.5,0.5,20260811,0.6871794871794872,0.8012820512820513,0.1,0.5,1,0.6341463414634146
41,0.5,0.5,20260811,0.5229885057471265,0.5,0.01,0.5,0,0.7073170731707317
41,0.5,0.5,20260811,0.576923076923077,0.7857142857142857,0.01,0.0,9,0.6829268292682927
41,0.5,0.5,20260811,0.3137254901960784,0.5,0.01,0.5,0,0.5853658536585366
41,0.5,0.5,20260811,0.5458937198067633,0.7367149758454106,0.01,0.0,9,0.5609756097560976
41,0.5,0.5,20260811,0.4975,0.705,0.01,0.0,9,0.6097560975609756
41,0.5,0.5,20260811,0.430622009569378,0.7631578947368421,1.0,0.0,9,0.5365853658536586
41,0.5,0.5,20260811,0.46499999999999997,0.6675,0.01,0.0,9,0.6097560975609756
41,0.5,0.5,20260811,0.5220588235294118,0.7083333333333333,0.01,0.0,9,0.5853658536585366
41,0.5,0.5,20260811,0.3051282051282051,0.5,0.01,0.5,0,0.6341463414634146
41,0.5,0.5,20260811,0.5725,0.7650000000000001,0.01,0.0,9,0.6097560975609756
41,0.5,0.5,20260811,0.4068627450980392,0.7377450980392157,1.0,0.0,9,0.5853658536585366
41,0.5,0.5,20260811,0.5525,0.74,0.1,0.5,1,0.6097560975609756
41,0.5,0.5,20260811,0.2774725274725275,0.6346153846153846,0.01,0.0,9,0.6829268292682927
41,0.5,0.5,20260811,0.4325,0.5,0.01,0.5,0,0.6097560975609756
41,0.5,0.5,20260811,0.37681159420289856,0.6666666666666666,0.01,0.0,9,0.5609756097560976
41,0.5,0.5,20260811,0.5637254901960784,0.8357843137254903,1.0,0.0,9,0.5853658536585366
41,0.5,0.5,20260811,0.6618357487922706,0.8140096618357489,0.01,0.0,9,0.5609756097560976
41,0.5,0.5,20260811,0.6005747126436782,0.7614942528735631,0.01,0.0,9,0.7073170731707317
41,0.5,0.5,20260811,0.5075000000000001,0.8274999999999999,1.0,0.0,9,0.6097560975609756
41,0.5,0.5,20260811,0.48529411764705876,0.7083333333333334,0.1,0.5,1,0.5853658536585366
41,0.5,0.5,20260811,0.6494252873563219,0.8017241379310345,0.1,0.5,1,0.7073170731707317
41,0.5,0.5,20260811,0.45749999999999996,0.6799999999999999,0.01,0.0,9,0.6097560975609756
41,0.5,0.5,20260811,0.5740740740740741,0.8333333333333334,0.1,0.0,9,0.6585365853658537
41,0.5,0.5,20260811,0.5387096774193548,0.8129032258064517,0.01,0.0,9,0.7560975609756098
41,0.5,0.5,20260811,0.5318627450980392,0.6911764705882353,0.01,0.0,9,0.5853658536585366
41,0.5,0.5,20260811,0.20256410256410254,0.6846153846153846,0.01,0.0,9,0.6341463414634146
41,0.5,0.5,20260811,0.24867724867724866,0.7619047619047619,0.1,0.0,9,0.6585365853658537
41,0.5,0.5,20260811,0.5459770114942528,0.8275862068965517,0.1,0.5,3,0.7073170731707317
41,0.5,0.5,20260811,0.2994505494505494,0.6923076923076923,0.1,0.5,1,0.6829268292682927
41,0.5,0.5,20260811,0.12990196078431374,0.6838235294117647,0.01,0.0,9,0.5853658536585366
41,0.5,0.5,20260811,0.39743589743589747,0.7564102564102564,1.0,0.0,9,0.6341463414634146
41,0.5,0.5,20260811,0.7125000000000001,0.7825,0.01,0.0,9,0.6097560975609756
41,0.5,0.5,20260811,0.48809523809523814,0.7690476190476191,0.1,0.5,5,0.4878048780487805
41,0.5,0.5,20260811,0.537037037037037,0.8227513227513227,1.0,0.5,7,0.6585365853658537
41,0.5,0.5,20260811,0.6153846153846154,0.7461538461538462,0.01,0.0,9,0.6341463414634146
41,0.5,0.5,20260811,0.5098039215686274,0.7352941176470589,0.01,0.0,9,0.5853658536585366
41,0.5,0.5,20260811,0.16931216931216936,0.5,0.01,0.5,0,0.6585365853658537
41,0.5,0.5,20260811,0.57,0.775,0.1,0.0,9,0.6097560975609756
41,0.5,0.5,20260811,0.6774193548387096,0.9645161290322581,1.0,0.0,9,0.7560975609756098
41,0.5,0.5,20260811,0.2975,0.5,0.01,0.5,0,0.6097560975609756
41,0.5,0.5,20260811,0.3475,0.765,1.0,0.0,9,0.6097560975609756
41,0.5,0.5,20260811,0.38250000000000006,0.5,0.01,0.5,0,0.6097560975609756
41,0.5,0.5,20260811,0.66,0.7625000000000001,0.1,0.5,3,0.6097560975609756
41,0.5,0.5,20260811,0.4629629629629629,0.6507936507936508,0.01,0.0,9,0.6585365853658537
41,0.5,0.5,20260811,0.15458937198067635,0.6376811594202898,0.01,0.0,9,0.5609756097560976
41,0.5,0.5,20260811,0.5637254901960785,0.7365196078431372,0.1,0.5,1,0.5853658536585366
41,0.5,0.5,20260811,0.5362318840579711,0.7729468599033816,0.1,0.5,1,0.5609756097560976
41,0.5,0.5,20260811,0.5423280423280423,0.828042328042328,1.0,0.0,9,0.6585365853658537
41,0.5,0.5,20260811,0.5939393939393939,0.7333333333333334,0.01,0.0,9,0.7317073170731707
41,0.5,0.5,20260811,0.6071428571428572,0.8104395604395606,0.01,0.0,9,0.6829268292682927
41,0.5,0.5,20260811,0.2554945054945055,0.8296703296703297,1.0,0.0,9,0.6829268292682927
41,0.5,0.5,20260811,0.4225806451612903,0.5,0.01,0.5,0,0.7560975609756098
41,0.5,0.5,20260811,0.43236714975845414,0.7753623188405797,0.1,0.0,9,0.5609756097560976
41,0.5,0.5,20260811,0.510989010989011,0.7390109890109889,0.01,0.0,9,0.6829268292682927
41,0.5,0.5,20260811,0.221264367816092,0.5,0.01,0.5,0,0.7073170731707317
41,0.5,0.5,20260811,0.7873563218390804,0.9224137931034484,1.0,0.0,9,0.7073170731707317
41,0.5,0.5,20260811,0.4655172413793104,0.7557471264367817,0.01,0.0,9,0.7073170731707317
41,0.5,0.5,20260811,0.5747126436781609,0.7413793103448276,0.01,0.0,9,0.7073170731707317
41,0.5,0.5,20260811,0.11666666666666667,0.5,0.01,0.5,0,0.5121951219512195
41,0.5,0.5,20260811,0.5435897435897435,0.8384615384615384,1.0,0.0,9,0.6341463414634146
41,0.5,0.5,20260811,0.6813186813186815,0.8296703296703296,0.01,0.0,9,0.6829268292682927
41,0.5,0.5,20260811,0.4215686274509804,0.6666666666666666,0.01,0.0,9,0.5853658536585366
41,0.5,0.5,20260811,0.29166666666666663,0.7107843137254902,1.0,0.0,9,0.5853658536585366
41,0.5,0.5,20260811,0.52,0.75,0.01,0.0,9,0.6097560975609756
41,0.5,0.5,20260811,0.41794871794871796,0.6410256410256411,0.01,0.0,9,0.6341463414634146
41,0.5,0.5,20260811,0.5098039215686275,0.7647058823529411,0.1,0.5,2,0.5853658536585366
41,0.5,0.5,20260811,0.37681159420289856,0.5,0.01,0.5,0,0.5609756097560976
41,0.5,0.5,20260811,0.5167464114832536,0.742822966507177,0.1,0.5,1,0.5365853658536586
41,0.5,0.5,20260811,0.5666666666666667,0.8820512820512821,1.0,0.5,8,0.6341463414634146
41,0.5,0.5,20260811,0.4973544973544974,0.716931216931217,0.01,0.0,9,0.6585365853658537
41,0.5,0.5,20260811,0.47619047619047616,0.5,0.01,0.5,0,0.6585365853658537
41,0.5,0.5,20260811,0.4901960784313726,0.732843137254902,0.01,0.0,9,0.5853658536585366
41,0.5,0.5,20260811,0.30250000000000005,0.5925,0.01,0.0,9,0.6097560975609756
41,0.5,0.5,20260811,0.5761904761904763,0.7666666666666667,0.1,0.5,2,0.4878048780487805
41,0.5,0.5,20260811,0.40109890109890106,0.7142857142857143,0.01,0.0,9,0.6829268292682927
41,0.5,0.5,20260811,0.18518518518518517,0.6455026455026456,0.01,0.0,9,0.6585365853658537
41,0.5,0.5,20260811,0.5935483870967742,0.7903225806451613,1.0,1.0,4,0.7560975609756098
41,0.5,0.5,20260811,0.4114832535885168,0.7129186602870813,0.01,0.0,9,0.5365853658536586
41,0.5,0.5,20260811,0.5909090909090909,0.8939393939393939,1.0,1.0,4,0.8048780487804879
41,0.5,0.8,20260811,0.6871794871794872,0.8666666666666667,0.1,0.5,4,0.6341463414634146
41,0.5,0.8,20260811,0.6625,0.8125,0.1,0.0,9,0.6097560975609756
41,0.5,0.8,20260811,0.6675824175824175,0.8956043956043956,1.0,1.0,7,0.6829268292682927
41,0.5,0.8,20260811,0.4523809523809524,0.7063492063492063,0.01,0.0,9,0.6585365853658537
41,0.5,0.8,20260811,0.6521739130434783,0.7801932367149759,0.01,0.0,9,0.5609756097560976
41,0.5,0.8,20260811,0.6005747126436781,0.8304597701149425,0.1,0.5,4,0.7073170731707317
41,0.5,0.8,20260811,0.5238095238095238,0.7486772486772487,0.01,0.0,9,0.6585365853658537
41,0.5,0.8,20260811,0.571078431372549,0.7647058823529411,0.01,0.0,9,0.5853658536585366
41,0.5,0.8,20260811,0.6975,0.8400000000000001,0.01,0.0,9,0.6097560975609756
41,0.5,0.8,20260811,0.5848484848484848,0.7621212121212121,0.1,0.5,1,0.7317073170731707
41,0.5,0.8,20260811,0.5809523809523809,0.7142857142857143,0.01,0.0,9,0.4878048780487805
41,0.5,0.8,20260811,0.5367647058823529,0.7867647058823529,1.0,1.0,4,0.5853658536585366
41,0.5,0.8,20260811,0.5343137254901961,0.7745098039215687,0.1,0.0,9,0.5853658536585366
41,0.5,0.8,20260811,0.6637931034482759,0.8850574712643677,0.1,0.0,9,0.7073170731707317
41,0.5,0.8,20260811,0.5976190476190476,0.7714285714285715,0.01,0.0,9,0.4878048780487805
41,0.5,0.8,20260811,0.22248803827751196,0.5,0.01,0.5,0,0.5365853658536586
41,0.5,0.8,20260811,0.7075,0.8775,0.1,0.0,9,0.6097560975609756
41,0.5,0.8,20260811,0.4589371980676328,0.6908212560386473,0.01,0.0,9,0.5609756097560976
41,0.5,0.8,20260811,0.560344827586207,0.7931034482758621,0.01,0.0,9,0.7073170731707317
41,0.5,0.8,20260811,0.34656084656084657,0.7645502645502645,1.0,0.5,8,0.6585365853658537
41,0.5,0.8,20260811,0.7107843137254902,0.8382352941176471,0.1,0.0,9,0.5853658536585366
41,0.5,0.8,20260811,0.3948717948717949,0.7179487179487181,0.01,0.0,9,0.6341463414634146
41,0.5,0.8,20260811,0.646551724137931,0.7902298850574713,1.0,1.0,3,0.7073170731707317
41,0.5,0.8,20260811,0.7212643678160919,0.8448275862068966,0.1,0.5,3,0.7073170731707317
41,0.5,0.8,20260811,0.4358974358974359,0.7102564102564102,0.01,0.0,9,0.6341463414634146
41,0.5,0.8,20260811,0.6090909090909091,0.796969696969697,0.01,0.0,9,0.7317073170731707
41,0.5,0.8,20260811,0.3994252873563219,0.6982758620689654,0.01,0.0,9,0.7073170731707317
41,0.5,0.8,20260811,0.54,0.82,0.1,0.0,9,0.6097560975609756
41,0.5,0.8,20260811,0.22988505747126436,0.5,0.01,0.5,0,0.7073170731707317
41,0.5,0.8,20260811,0.3042328042328042,0.5,0.01,0.5,0,0.6585365853658537
41,0.5,0.8,20260811,0.6212121212121212,0.8121212121212121,0.01,0.0,9,0.7317073170731707
41,0.5,0.8,20260811,0.6470588235294118,0.821078431372549,0.1,0.0,9,0.5853658536585366
41,0.5,0.8,20260811,0.5476190476190477,0.7671957671957672,0.01,0.0,9,0.6585365853658537
41,0.5,0.8,20260811,0.6243386243386243,0.798941798941799,0.01,0.0,9,0.6585365853658537
41,0.5,0.8,20260811,0.5277777777777778,0.7847222222222222,0.01,0.0,9,0.7804878048780488
41,0.5,0.8,20260811,0.6458333333333334,0.8993055555555556,1.0,1.0,5,0.7804878048780488
41,0.5,0.8,20260811,0.4470899470899471,0.7195767195767195,0.01,0.0,9,0.6585365853658537
41,0.5,0.8,20260811,0.46376811594202905,0.8115942028985507,1.0,0.5,7,0.43902439024390244
41,0.5,0.8,20260811,0.5071428571428571,0.861904761904762,1.0,1.0,7,0.4878048780487805
41,0.5,0.8,20260811,0.3205128205128206,0.5,0.01,0.5,0,0.6341463414634146
41,0.5,0.8,20260811,0.5057471264367815,0.7816091954022989,0.1,0.0,9,0.7073170731707317
41,0.5,0.8,20260811,0.6555023923444976,0.84688995215311,1.0,1.0,6,0.5365853658536586
41,0.5,0.8,20260811,0.68,0.7775,0.1,0.5,2,0.6097560975609756
41,0.5,0.8,20260811,0.8091787439613527,0.9444444444444445,1.0,0.0,9,0.5609756097560976
41,0.5,0.8,20260811,0.7242424242424242,0.8939393939393939,1.0,1.0,6,0.7317073170731707
41,0.5,0.8,20260811,0.6181318681318682,0.8214285714285714,0.01,0.0,9,0.6829268292682927
41,0.5,0.8,20260811,0.573529411764706,0.7598039215686275,0.01,0.0,9,0.5853658536585366
41,0.5,0.8,20260811,0.6948717948717948,0.8615384615384616,1.0,0.0,9,0.6341463414634146
41,0.5,0.8,20260811,0.2195767195767196,0.6190476190476191,0.01,0.0,9,0.6585365853658537
41,0.5,0.8,20260811,0.8200000000000001,0.895,0.1,0.0,9,0.6097560975609756
41,0.5,0.8,20260811,0.6375,0.80125,0.1,0.5,3,0.6097560975609756
41,0.5,0.8,20260811,0.5588235294117647,0.7181372549019608,0.01,0.0,9,0.5853658536585366
41,0.5,0.8,20260811,0.6004901960784315,0.7426470588235294,0.01,0.0,9,0.5853658536585366
41,0.5,0.8,20260811,0.7512820512820513,0.8666666666666667,0.01,0.0,9,0.6341463414634146
41,0.5,0.8,20260811,0.4923076923076923,0.7871794871794872,0.01,0.0,9,0.6341463414634146
41,0.5,0.8,20260811,0.5483870967741935,0.7709677419354838,0.1,0.0,9,0.7560975609756098
41,0.5,0.8,20260811,0.635,0.815,0.01,0.0,9,0.6097560975609756
41,0.5,0.8,20260811,0.5897435897435898,0.8217948717948718,0.1,0.5,1,0.6341463414634146
41,0.5,0.8,20260811,0.6425,0.7675,0.01,0.0,9,0.6097560975609756
41,0.5,0.8,20260811,0.6256410256410256,0.8692307692307693,1.0,1.0,7,0.6341463414634146
41,0.5,0.8,20260811,0.6190476190476191,0.835978835978836,0.1,0.5,2,0.6585365853658537
41,0.5,0.8,20260811,0.6752873563218391,0.867816091954023,0.1,0.5,2,0.7073170731707317
41,0.5,0.8,20260811,0.5384615384615384,0.7472527472527474,0.1,0.0,9,0.6829268292682927
41,0.5,0.8,20260811,0.382183908045977,0.660919540229885,0.01,0.0,9,0.7073170731707317
41,0.5,0.8,20260811,0.5550239234449761,0.736842105263158,0.01,0.0,9,0.4634146341463415
41,0.5,0.8,20260811,0.45238095238095244,0.6309523809523809,0.01,0.0,9,0.4878048780487805
41,0.5,0.8,20260811,0.5023923444976076,0.700956937799043,0.01,0.0,9,0.5365853658536586
41,0.5,0.8,20260811,0.5603864734299517,0.7367149758454106,0.01,0.0,9,0.5609756097560976
41,0.5,0.8,20260811,0.5775862068965517,0.8505747126436781,1.0,0.0,9,0.7073170731707317
41,0.5,0.8,20260811,0.7075,0.8275,0.01,0.0,9,0.6097560975609756
41,0.5,0.8,20260811,0.6904761904761905,0.8240740740740741,0.1,0.5,3,0.6585365853658537
41,0.5,0.8,20260811,0.6325757575757576,0.8560606060606061,0.01,0.0,9,0.8048780487804879
41,0.5,0.8,20260811,0.46428571428571425,0.739010989010989,0.1,0.0,9,0.6829268292682927
41,0.5,0.8,20260811,0.4688995215311005,0.8181818181818182,1.0,1.0,6,0.5365853658536586
41,0.5,0.8,20260811,0.708133971291866,0.7966507177033493,0.1,0.0,9,0.4634146341463415
41,0.5,0.8,20260811,0.5821256038647342,0.7475845410628019,0.1,0.5,1,0.5609756097560976
41,0.5,0.8,20260811,0.17942583732057416,0.729665071770335,0.1,0.0,9,0.5365853658536586
41,0.5,0.8,20260811,0.5806451612903225,0.7967741935483871,0.01,0.0,9,0.7560975609756098
41,0.5,0.8,20260811,0.6606060606060606,0.7242424242424241,0.01,0.0,9,0.7317073170731707
41,0.5,0.8,20260811,0.4205128205128204,0.7564102564102564,1.0,1.0,6,0.6341463414634146
41,0.5,0.8,20260811,0.5523809523809523,0.8547619047619047,1.0,0.0,9,0.5121951219512195
41,0.5,0.8,20260811,0.34102564102564104,0.7410256410256412,0.01,0.0,9,0.6341463414634146
41,0.5,0.8,20260811,0.6404761904761904,0.7952380952380953,0.1,0.5,3,0.4878048780487805
41,0.5,0.8,20260811,0.664516129032258,0.8935483870967742,1.0,1.0,5,0.7560975609756098
41,0.5,0.8,20260811,0.5459770114942528,0.7701149425287356,0.01,0.0,9,0.7073170731707317
41,0.5,0.8,20260811,0.5555555555555556,0.8439153439153438,0.1,0.0,9,0.6585365853658537
41,0.5,0.8,20260811,0.5900000000000001,0.7925,0.01,0.0,9,0.6097560975609756
41,0.5,0.8,20260811,0.5105820105820106,0.5,0.01,0.5,0,0.6585365853658537
41,0.5,0.8,20260811,0.42,0.7175,0.01,0.0,9,0.6097560975609756
41,0.5,0.8,20260811,0.6538461538461539,0.8708791208791209,0.1,0.5,3,0.6829268292682927
41,0.5,0.8,20260811,0.5564102564102564,0.7512820512820514,0.01,0.0,9,0.6341463414634146
41,0.5,0.8,20260811,0.5846153846153845,0.7974358974358975,0.1,0.0,9,0.6341463414634146
41,0.5,0.8,20260811,0.6545893719806763,0.8067632850241546,0.01,0.0,9,0.5609756097560976
41,0.5,0.8,20260811,0.7380952380952381,0.917989417989418,1.0,0.0,9,0.6585365853658537
41,0.5,0.8,20260811,0.8179487179487179,0.9128205128205129,0.1,0.5,4,0.6341463414634146
41,0.5,0.8,20260811,0.4770114942528736,0.7729885057471264,0.01,0.0,9,0.7073170731707317
41,0.5,0.8,20260811,0.5258620689655172,0.7442528735632185,0.01,0.0,9,0.7073170731707317
41,0.5,0.8,20260811,0.7637362637362637,0.8543956043956044,0.01,0.0,9,0.6829268292682927
41,0.5,0.8,20260811,0.8242424242424242,0.9212121212121211,1.0,1.0,6,0.7317073170731707
41,0.5,0.8,20260811,0.45410628019323673,0.7149758454106281,0.01,0.0,9,0.5609756097560976
41,0.5,0.8,20260811,0.6846153846153846,0.8282051282051283,0.01,0.0,9,0.6341463414634146
41,0.5,0.8,20260811,0.5574712643678161,0.7959770114942528,1.0,1.0,5,0.7073170731707317
41,0.5,0.8,20260811,0.6025,0.8475,0.01,0.0,9,0.6097560975609756
41,0.5,0.8,20260811,0.6220095693779905,0.7655502392344498,0.01,0.0,9,0.5365853658536586
41,0.5,0.8,20260811,0.6071428571428571,0.8626373626373627,0.1,0.5,4,0.6829268292682927
41,0.5,0.8,20260811,0.6950549450549451,0.8324175824175825,0.1,0.0,9,0.6829268292682927
41,0.5,0.8,20260811,0.3835978835978836,0.6243386243386244,0.01,0.0,9,0.6585365853658537
41,0.5,0.8,20260811,0.7878787878787878,0.8636363636363636,0.01,0.0,9,0.7317073170731707
41,0.5,0.8,20260811,0.41005291005291,0.7328042328042328,0.01,0.0,9,0.6585365853658537
41,0.5,0.8,20260811,0.4227053140096618,0.6545893719806762,0.01,0.0,9,0.5609756097560976
41,0.5,0.8,20260811,0.7037037037037037,0.8783068783068784,0.1,0.5,4,0.6585365853658537
41,0.5,0.8,20260811,0.3284313725490196,0.7303921568627451,0.1,0.0,9,0.5853658536585366
41,0.5,0.8,20260811,0.4444444444444445,0.7142857142857144,0.01,0.0,9,0.6585365853658537
41,0.5,0.8,20260811,0.5269607843137256,0.7916666666666667,0.1,0.0,9,0.5853658536585366
41,0.5,0.8,20260811,0.7681159420289855,0.8442028985507246,0.1,0.5,2,0.5609756097560976
41,0.5,0.8,20260811,0.6225490196078431,0.7745098039215685,0.01,0.0,9,0.5853658536585366
41,0.5,0.8,20260811,0.5741758241758241,0.8269230769230769,1.0,0.0,9,0.6829268292682927
41,0.5,0.8,20260811,0.45329670329670324,0.75,0.01,0.0,9,0.6829268292682927
41,0.5,0.8,20260811,0.42583732057416274,0.722488038277512,0.01,0.0,9,0.5365853658536586
41,0.5,0.8,20260811,0.7034313725490197,0.8602941176470588,0.1,0.5,4,0.5853658536585366
41,0.5,0.8,20260811,0.6099999999999999,0.7575,0.01,0.0,9,0.6097560975609756
41,0.5,0.8,20260811,0.36813186813186816,0.7225274725274725,1.0,1.0,6,0.6829268292682927
41,0.5,0.8,20260811,0.7743055555555556,0.9722222222222222,1.0,0.0,9,0.7804878048780488
41,0.5,0.8,20260811,0.5974358974358975,0.7974358974358975,0.1,0.5,4,0.6341463414634146
41,0.5,0.8,20260811,0.617816091954023,0.7701149425287356,0.01,0.0,9,0.7073170731707317
41,0.5,0.8,20260811,0.49137931034482757,0.7816091954022988,0.1,0.0,9,0.7073170731707317
41,0.5,0.8,20260811,0.7242424242424242,0.8666666666666667,0.1,0.5,3,0.7317073170731707
41,0.5,0.8,20260811,0.33620689655172414,0.5,0.01,0.5,0,0.7073170731707317
41,0.5,0.8,20260811,0.4681372549019608,0.6470588235294118,0.01,0.0,9,0.5853658536585366
41,0.5,0.8,20260811,0.42307692307692313,0.676923076923077,0.01,0.0,9,0.6341463414634146
41,0.5,0.8,20260811,0.7198067632850242,0.8381642512077294,0.1,0.5,2,0.5609756097560976
41,0.5,0.8,20260811,0.45999999999999996,0.6900000000000001,0.01,0.0,9,0.6097560975609756
41,0.5,0.8,20260811,0.5857843137254901,0.8112745098039216,0.1,0.0,9,0.5853658536585366
41,0.5,0.8,20260811,0.6428571428571428,0.8791208791208791,0.1,0.5,4,0.6829268292682927
41,0.5,0.8,20260811,0.5741626794258373,0.7679425837320575,0.01,0.0,9,0.4634146341463415
41,0.5,0.8,20260811,0.8700980392156863,0.9362745098039216,1.0,0.5,8,0.5853658536585366
41,0.5,0.8,20260811,0.6214285714285714,0.8333333333333333,0.1,0.5,4,0.4878048780487805
41,0.5,0.8,20260811,0.6128205128205129,0.7884615384615385,0.1,0.5,2,0.6341463414634146
41,0.5,0.8,20260811,0.6961722488038278,0.8205741626794258,0.01,0.0,9,0.5365853658536586
41,0.5,0.8,20260811,0.239010989010989,0.5,0.01,0.5,0,0.6829268292682927
41,0.5,0.8,20260811,0.5659340659340659,0.5,0.01,0.5,0,0.6829268292682927
41,0.5,0.8,20260811,0.46551724137931033,0.7442528735632183,0.01,0.0,9,0.7073170731707317
41,0.5,0.8,20260811,0.7445054945054945,0.8516483516483517,1.0,1.0,4,0.6829268292682927
41,0.5,0.8,20260811,0.48484848484848486,0.7303030303030303,1.0,0.5,5,0.7317073170731707
41,0.5,0.8,20260811,0.627450980392157,0.7720588235294118,0.01,0.0,9,0.5853658536585366
41,0.5,0.8,20260811,0.7005494505494505,0.8379120879120879,0.01,0.0,9,0.6829268292682927
41,0.5,0.8,20260811,0.27033492822966504,0.6602870813397129,0.01,0.0,9,0.5365853658536586
41,0.5,0.8,20260811,0.6473429951690821,0.857487922705314,0.01,0.0,9,0.43902439024390244
41,0.5,0.8,20260811,0.6243386243386243,0.8174603174603174,0.1,0.5,3,0.6585365853658537
41,0.5,0.8,20260811,0.7,0.8897435897435897,1.0,0.5,8,0.6341463414634146
41,0.5,0.8,20260811,0.4629629629629629,0.7896825396825395,0.1,0.5,2,0.6585365853658537
41,0.5,0.8,20260811,0.3505747126436781,0.5,0.01,0.5,0,0.7073170731707317
41,0.5,0.8,20260811,0.5181818181818182,0.8151515151515151,0.1,0.0,9,0.7317073170731707
41,0.5,0.8,20260811,0.47101449275362317,0.6859903381642513,0.01,0.0,9,0.5609756097560976
41,0.5,0.8,20260811,0.5761904761904763,0.8023809523809523,0.1,0.0,9,0.4878048780487805
41,0.5,0.8,20260811,0.558974358974359,0.7564102564102564,0.01,0.0,9,0.6341463414634146
41,0.5,0.8,20260811,0.7254901960784313,0.8284313725490196,0.1,0.5,3,0.5853658536585366
41,0.5,0.8,20260811,0.31025641025641026,0.6461538461538462,0.01,0.0,9,0.6341463414634146
41,0.5,0.8,20260811,0.5311004784688995,0.6770334928229665,0.01,0.0,9,0.5365853658536586
41,0.5,0.8,20260811,0.7222222222222222,0.8961352657004831,1.0,1.0,3,0.5609756097560976
41,0.5,0.8,20260811,0.6025641025641026,0.782051282051282,0.01,0.0,9,0.6341463414634146
41,0.5,0.8,20260811,0.617816091954023,0.7945402298850575,0.1,0.5,3,0.7073170731707317
41,0.5,0.8,20260811,0.5641025641025641,0.8487179487179487,1.0,0.0,9,0.6341463414634146
41,0.5,0.8,20260811,0.7124999999999999,0.8325,0.1,0.0,9,0.6097560975609756
41,0.5,0.8,20260811,0.32820512820512815,0.6666666666666667,0.01,0.0,9,0.6341463414634146
41,0.5,0.8,20260811,0.37,0.7275,0.01,0.0,9,0.6097560975609756
41,0.5,0.8,20260811,0.23923444976076558,0.6220095693779905,0.01,0.0,9,0.5365853658536586
41,0.5,0.8,20260811,0.7724867724867723,0.9603174603174602,1.0,1.0,6,0.6585365853658537
41,0.5,0.8,20260811,0.41911764705882354,0.7450980392156863,0.1,0.0,9,0.5853658536585366
41,0.5,0.8,20260811,0.8484848484848485,0.9121212121212121,0.1,0.0,9,0.7317073170731707
41,0.5,0.8,20260811,0.5230769230769231,0.7435897435897436,1.0,1.0,5,0.6341463414634146
41,0.5,0.8,20260811,0.7435897435897436,0.8564102564102565,0.01,0.0,9,0.6341463414634146
41,0.5,0.8,20260811,0.6350574712643678,0.7988505747126436,0.1,0.0,9,0.7073170731707317
41,0.5,0.8,20260811,0.6555023923444976,0.7894736842105263,0.01,0.0,9,0.5365853658536586
41,0.5,0.8,20260811,0.4725274725274725,0.7747252747252746,1.0,1.0,6,0.6829268292682927
41,0.5,0.8,20260811,0.5461538461538462,0.7602564102564103,0.1,0.5,1,0.6341463414634146
41,0.5,0.8,20260811,0.5343137254901961,0.7867647058823529,0.1,0.0,9,0.5853658536585366
41,0.5,0.8,20260811,0.6593406593406593,0.8434065934065934,0.1,0.5,3,0.6829268292682927
41,0.5,0.8,20260811,0.5974358974358975,0.764102564102564,0.01,0.0,9,0.6341463414634146
41,0.5,0.8,20260811,0.5132275132275133,0.7367724867724867,0.1,0.5,1,0.6585365853658537
41,0.5,0.8,20260811,0.5023923444976076,0.715311004784689,0.01,0.0,9,0.5365853658536586
41,0.5,0.8,20260811,0.39749999999999996,0.6775,0.01,0.0,9,0.6097560975609756
41,0.5,0.8,20260811,0.5,0.5,0.01,0.5,0,0.6829268292682927
41,0.5,0.8,20260811,0.544973544973545,0.8095238095238095,0.1,0.0,9,0.6585365853658537
41,0.5,0.8,20260811,0.6507936507936508,0.8121693121693121,0.1,0.5,3,0.6585365853658537
41,0.5,0.8,20260811,0.2916666666666667,0.6691176470588235,0.01,0.0,9,0.5853658536585366
41,0.5,0.8,20260811,0.6181318681318682,0.7706043956043956,0.1,0.5,2,0.6829268292682927
41,0.5,0.8,20260811,0.36473429951690817,0.7270531400966184,1.0,1.0,3,0.5609756097560976
41,0.5,0.8,20260811,0.17195767195767195,0.5,0.01,0.5,0,0.6585365853658537
41,0.5,0.8,20260811,0.6764705882352942,0.8026960784313726,0.1,0.5,2,0.5853658536585366
41,0.5,0.8,20260811,0.7692307692307693,0.8736263736263736,0.01,0.0,9,0.6829268292682927
41,0.5,0.8,20260811,0.6149425287356322,0.8850574712643678,0.1,0.0,9,0.7073170731707317
41,0.5,0.8,20260811,0.6280193236714976,0.8091787439613527,0.01,0.0,9,0.5609756097560976
41,0.5,0.8,20260811,0.5137362637362637,0.7060439560439561,0.01,0.0,9,0.6829268292682927
41,0.5,0.8,20260811,0.5833333333333334,0.8063725490196079,0.1,0.0,9,0.5853658536585366
41,0.5,0.8,20260811,0.736842105263158,0.8325358851674641,0.01,0.0,9,0.5365853658536586
41,0.5,0.8,20260811,0.815,0.88,0.01,0.0,9,0.6097560975609756
41,0.5,0.8,20260811,0.541025641025641,0.7051282051282052,0.01,0.0,9,0.6341463414634146
41,0.5,0.8,20260811,0.7335164835164836,0.9010989010989011,1.0,0.0,9,0.6829268292682927
41,0.5,0.8,20260811,0.635,0.795,1.0,0.5,7,0.6097560975609756
41,0.5,0.8,20260811,0.7000000000000001,0.8358974358974359,0.01,0.0,9,0.6341463414634146
41,0.5,0.8,20260811,0.75,0.8620689655172413,1.0,1.0,3,0.7073170731707317
41,0.5,0.8,20260811,0.5132275132275133,0.7433862433862434,0.01,0.0,9,0.6585365853658537
41,0.5,0.8,20260811,0.4612903225806452,0.7516129032258064,0.01,0.0,9,0.7560975609756098
41,0.5,0.8,20260811,0.4065934065934066,0.7527472527472528,0.01,0.0,9,0.6829268292682927
41,0.5,0.8,20260811,0.7573529411764706,0.8823529411764706,1.0,0.0,9,0.5853658536585366
41,0.5,0.8,20260811,0.8068783068783069,0.9391534391534392,0.1,0.0,9,0.6585365853658537
41,0.5,0.8,20260811,0.48941798941798936,0.8121693121693122,0.01,0.0,9,0.6585365853658537
41,0.5,0.8,20260811,0.3862433862433862,0.6507936507936507,0.01,0.0,9,0.6585365853658537
41,0.5,0.8,20260811,0.3548387096774194,0.7451612903225806,0.01,0.0,9,0.7560975609756098
41,0.5,0.8,20260811,0.3354838709677419,0.6548387096774194,0.1,0.0,9,0.7560975609756098
41,0.5,0.8,20260811,0.75,0.892156862745098,1.0,0.0,9,0.5853658536585366
41,0.5,0.8,20260811,0.5909090909090909,0.7833333333333333,0.1,0.5,2,0.7317073170731707
41,0.5,0.8,20260811,0.40714285714285714,0.669047619047619,0.01,0.0,9,0.5121951219512195
41,0.5,0.8,20260811,0.5105820105820106,0.7552910052910053,0.1,0.5,2,0.6585365853658537
41,0.5,0.8,20260811,0.5201149425287356,0.7974137931034483,0.1,0.5,2,0.7073170731707317
41,0.5,0.8,20260811,0.2787878787878788,0.687878787878788,0.01,0.0,9,0.7317073170731707
41,0.5,0.8,20260811,0.37857142857142856,0.6761904761904761,0.01,0.0,9,0.5121951219512195
41,0.5,0.8,20260811,0.6325,0.80875,1.0,1.0,4,0.6097560975609756
41,0.5,0.8,20260811,0.2354497354497354,0.7751322751322751,1.0,1.0,7,0.6585365853658537
41,0.5,0.8,20260811,0.5978835978835979,0.7936507936507936,0.01,0.0,9,0.6585365853658537
41,0.5,0.8,20260811,0.6714975845410628,0.78743961352657,0.1,0.5,5,0.5609756097560976
41,0.5,0.8,20260811,0.4666666666666667,0.7333333333333333,0.01,0.0,9,0.7317073170731707
41,0.5,0.8,20260811,0.6487179487179487,0.8051282051282052,0.1,0.0,9,0.6341463414634146
41,0.5,0.8,20260811,0.5032258064516129,0.6693548387096775,1.0,1.0,4,0.7560975609756098
41,0.5,0.8,20260811,0.6521739130434783,0.8671497584541062,1.0,0.5,8,0.5609756097560976
41,0.5,0.8,20260811,0.7952380952380953,0.8928571428571428,0.01,0.0,9,0.5121951219512195
41,0.5,0.8,20260811,0.4832535885167464,0.7966507177033493,1.0,0.5,7,0.5365853658536586
41,0.5,0.8,20260811,0.5794871794871794,0.8025641025641026,0.1,0.0,9,0.6341463414634146
41,0.5,0.8,20260811,0.3357843137254902,0.6666666666666667,0.01,0.0,9,0.5853658536585366
41,0.5,0.8,20260811,0.44,0.7250000000000001,0.01,0.0,9,0.6097560975609756
41,0.5,0.8,20260811,0.7417582417582418,0.8214285714285714,0.1,0.0,9,0.6829268292682927
41,0.5,0.8,20260811,0.65625,0.888888888888889,0.1,0.0,9,0.7804878048780488
41,0.5,0.8,20260811,0.6350574712643678,0.8261494252873564,0.1,0.5,2,0.7073170731707317
41,0.5,0.8,20260811,0.5269607843137255,0.75,0.1,0.0,9,0.5853658536585366
41,0.5,0.8,20260811,0.6100000000000001,0.8500000000000001,0.1,0.5,4,0.6097560975609756
41,0.5,0.8,20260811,0.606280193236715,0.7958937198067634,0.1,0.5,2,0.5609756097560976
41,0.5,0.8,20260811,0.43999999999999995,0.7424999999999999,0.01,0.0,9,0.6097560975609756
41,0.5,0.8,20260811,0.6903225806451614,0.870967741935484,0.01,0.0,9,0.7560975609756098
41,0.5,0.8,20260811,0.3725490196078431,0.7009803921568627,0.1,0.5,1,0.5853658536585366
41,0.5,0.8,20260811,0.57,0.78,0.1,0.5,4,0.6097560975609756
41,0.5,0.8,20260811,0.6128205128205129,0.7282051282051283,0.1,0.5,1,0.6341463414634146
41,0.5,0.8,20260811,0.34195402298850575,0.6609195402298851,0.01,0.0,9,0.7073170731707317
41,0.5,0.8,20260811,0.7375,0.845,0.01,0.0,9,0.6097560975609756
41,0.5,0.8,20260811,0.26904761904761904,0.6333333333333333,0.01,0.0,9,0.5121951219512195
41,0.5,0.8,20260811,0.5384615384615384,0.7142857142857143,0.01,0.0,9,0.6829268292682927
41,0.5,0.8,20260811,0.5151515151515151,0.7530303030303032,0.1,0.5,1,0.7317073170731707
41,0.5,0.8,20260811,0.6060606060606061,0.8166666666666667,0.1,0.5,2,0.7317073170731707
41,0.5,0.8,20260811,0.7335164835164836,0.8351648351648351,0.1,0.0,9,0.6829268292682927
41,0.5,0.8,20260811,0.5952380952380952,0.8386243386243386,1.0,0.0,9,0.6585365853658537
41,0.5,0.8,20260811,0.4942528735632184,0.6695402298850575,0.01,0.0,9,0.7073170731707317
41,0.5,0.8,20260811,0.5857843137254902,0.838235294117647,1.0,0.0,9,0.5853658536585366
41,0.5,0.8,20260811,0.5549450549450549,0.7582417582417583,0.01,0.0,9,0.6829268292682927
41,0.5,0.8,20260811,0.3727272727272727,0.7848484848484848,0.1,0.0,9,0.7317073170731707
41,0.5,0.8,20260811,0.5794871794871794,0.75,0.1,0.5,3,0.6341463414634146
41,0.5,0.8,20260811,0.359903381642512,0.6618357487922706,0.01,0.0,9,0.5609756097560976
41,0.5,0.8,20260811,0.43062200956937796,0.7212918660287081,0.1,0.5,2,0.5365853658536586
41,0.5,0.8,20260811,0.6666666666666667,0.8103448275862069,0.01,0.0,9,0.7073170731707317
41,0.5,0.8,20260811,0.5502645502645502,0.7354497354497355,0.01,0.0,9,0.6585365853658537
41,0.5,0.8,20260811,0.7692307692307692,0.8736263736263736,0.1,0.0,9,0.6829268292682927
41,0.5,0.8,20260811,0.5636363636363637,0.8515151515151516,0.1,0.5,4,0.7317073170731707
41,0.5,0.8,20260811,0.5955882352941176,0.7818627450980392,0.01,0.0,9,0.5853658536585366
41,0.5,0.8,20260811,0.44242424242424244,0.790909090909091,1.0,1.0,6,0.7317073170731707
41,0.5,0.8,20260811,0.3901098901098901,0.7445054945054945,0.1,0.0,9,0.6829268292682927
41,0.5,0.8,20260811,0.69,0.7999999999999999,0.01,0.0,9,0.6097560975609756
41,0.5,0.8,20260811,0.8047619047619048,0.9190476190476191,1.0,0.5,8,0.5121951219512195
41,0.5,0.8,20260811,0.25598086124401914,0.5,0.01,0.5,0,0.5365853658536586
41,0.5,0.8,20260811,0.4106280193236715,0.6787439613526569,0.01,0.0,9,0.5609756097560976
41,0.5,0.8,20260811,0.5625,0.895,1.0,0.0,9,0.6097560975609756
41,0.5,0.8,20260811,0.6129032258064516,0.8419354838709678,1.0,1.0,5,0.7560975609756098
41,0.5,0.8,20260811,0.7690476190476191,0.8428571428571429,0.1,0.5,2,0.4878048780487805
41,0.5,0.8,20260811,0.8309178743961353,0.8780193236714975,0.1,0.5,2,0.5609756097560976
41,0.5,0.8,20260811,0.7125,0.8175,0.01,0.0,9,0.6097560975609756
41,0.5,0.8,20260811,0.7380952380952381,0.873015873015873,0.1,0.5,4,0.6585365853658537
41,0.5,0.8,20260811,0.42401960784313725,0.7941176470588235,1.0,0.0,9,0.5853658536585366
41,0.5,0.8,20260811,0.7475490196078431,0.8995098039215687,0.1,0.5,4,0.5853658536585366
41,0.5,0.8,20260811,0.7681159420289856,0.8429951690821256,0.01,0.0,9,0.5609756097560976
41,0.5,0.8,20260811,0.5384615384615384,0.7230769230769232,0.01,0.0,9,0.6341463414634146
41,0.5,0.8,20260811,0.6258064516129032,0.803225806451613,0.1,0.5,4,0.7560975609756098
41,0.5,0.8,20260811,0.739010989010989,0.7967032967032966,0.01,0.0,9,0.6829268292682927
41,0.5,0.8,20260811,0.19252873563218395,0.6235632183908045,0.01,0.0,9,0.7073170731707317
41,0.5,0.8,20260811,0.6741935483870967,0.9,1.0,0.5,7,0.7560975609756098
41,0.5,0.8,20260811,0.554945054945055,0.7692307692307693,0.01,0.0,9,0.6829268292682927
41,0.5,0.8,20260811,0.6593137254901961,0.7990196078431373,0.01,0.0,9,0.5853658536585366
41,0.5,0.8,20260811,0.665,0.7875,0.01,0.0,9,0.6097560975609756
41,0.5,0.8,20260811,0.5274725274725275,0.8351648351648352,1.0,1.0,5,0.6829268292682927
41,0.5,0.8,20260811,0.5909090909090909,0.7655502392344498,0.1,0.5,2,0.5365853658536586
41,0.5,0.8,20260811,0.47575757575757577,0.7,0.01,0.0,9,0.7317073170731707
41,0.5,0.8,20260811,0.667464114832536,0.8277511961722488,0.1,0.5,3,0.5365853658536586
41,0.5,0.8,20260811,0.36274509803921573,0.7083333333333334,0.01,0.0,9,0.5853658536585366
41,0.5,0.8,20260811,0.5775862068965517,0.8448275862068965,0.1,0.5,4,0.7073170731707317
41,0.5,0.8,20260811,0.6025,0.8225,0.1,0.5,4,0.6097560975609756
41,0.5,0.8,20260811,0.5516129032258065,0.7419354838709677,0.01,0.0,9,0.7560975609756098
41,0.5,0.8,20260811,0.675287356321839,0.8706896551724138,0.1,0.0,9,0.7073170731707317
41,0.5,0.8,20260811,0.5741758241758241,0.728021978021978,0.01,0.0,9,0.6829268292682927
41,0.5,0.8,20260811,0.6325000000000001,0.75,0.01,0.0,9,0.6097560975609756
41,0.5,0.8,20260811,0.458974358974359,0.8153846153846154,0.1,0.0,9,0.6341463414634146
41,0.5,0.8,20260811,0.576555023923445,0.729665071770335,0.01,0.0,9,0.5365853658536586
41,0.5,0.8,20260811,0.6220095693779905,0.7452153110047848,0.1,0.5,1,0.5365853658536586
41,0.5,0.8,20260811,0.3941798941798942,0.6296296296296297,0.01,0.0,9,0.6585365853658537
41,0.5,0.8,20260811,0.36772486772486773,0.6825396825396824,0.01,0.0,9,0.6585365853658537
41,0.5,0.8,20260811,0.5989010989010989,0.8214285714285714,1.0,1.0,5,0.6829268292682927
41,0.5,0.8,20260811,0.2632850241545894,0.6811594202898551,0.01,0.0,9,0.5609756097560976
41,0.5,0.8,20260811,0.57,0.7575000000000001,0.01,0.0,9,0.6097560975609756
41,0.5,0.8,20260811,0.5820512820512821,0.7666666666666666,0.1,0.5,3,0.6341463414634146
41,0.5,0.8,20260811,0.4512820512820513,0.5,0.01,0.5,0,0.6341463414634146
41,0.5,0.8,20260811,0.5787878787878789,0.793939393939394,0.01,0.0,9,0.7317073170731707
41,0.5,0.8,20260811,0.7666666666666668,0.8923076923076924,0.1,0.0,9,0.6341463414634146
41,0.5,0.8,20260811,0.5686813186813187,0.7307692307692307,0.01,0.0,9,0.6829268292682927
41,0.5,0.8,20260811,0.5357142857142857,0.7214285714285714,0.01,0.0,9,0.4878048780487805
41,0.5,0.8,20260811,0.5796703296703296,0.846153846153846,0.1,0.0,9,0.6829268292682927
41,0.5,0.8,20260811,0.6120689655172413,0.8074712643678161,0.1,0.0,9,0.7073170731707317
41,0.5,0.8,20260811,0.4625,0.7625,0.01,0.0,9,0.6097560975609756
41,0.5,0.8,20260811,0.41208791208791207,0.6675824175824177,0.01,0.0,9,0.6829268292682927
41,0.5,0.8,20260811,0.49743589743589745,0.8051282051282052,1.0,1.0,4,0.6341463414634146
41,0.5,0.8,20260811,0.6746031746031746,0.7566137566137565,0.01,0.0,9,0.6585365853658537
41,0.5,0.8,20260811,0.832258064516129,0.9290322580645161,0.01,0.0,9,0.7560975609756098
41,0.5,0.8,20260811,0.49019607843137253,0.7598039215686274,0.1,0.0,9,0.5853658536585366
41,0.5,0.8,20260811,0.5879120879120879,0.7857142857142858,0.01,0.0,9,0.6829268292682927
41,0.5,0.8,20260811,0.7005494505494505,0.8736263736263736,1.0,1.0,5,0.6829268292682927
41,0.5,0.8,20260811,0.6825396825396826,0.8174603174603174,0.01,0.0,9,0.6585365853658537
41,0.5,0.8,20260811,0.6014492753623188,0.8115942028985508,1.0,1.0,5,0.5609756097560976
41,0.5,0.8,20260811,0.6153846153846154,0.7538461538461538,0.01,0.0,9,0.6341463414634146
41,0.5,0.8,20260811,0.6597222222222222,0.8854166666666667,1.0,0.5,6,0.7804878048780488
41,0.5,0.8,20260811,0.6775,0.905,1.0,0.0,9,0.6097560975609756
41,0.5,0.8,20260811,0.7761904761904761,0.8999999999999999,0.1,0.0,9,0.5121951219512195
41,0.5,0.8,20260811,0.49521531100478466,0.7033492822966507,0.01,0.0,9,0.5365853658536586
41,0.5,0.8,20260811,0.5603448275862069,0.7471264367816092,0.01,0.0,9,0.7073170731707317
41,0.5,0.8,20260811,0.5933014354066987,0.7727272727272727,0.01,0.0,9,0.5365853658536586
41,0.5,0.8,20260811,0.7942583732057417,0.9330143540669856,1.0,0.5,9,0.5365853658536586
41,0.5,0.8,20260811,0.585,0.7975000000000001,0.1,0.0,9,0.6097560975609756
41,0.5,0.8,20260811,0.5082417582417582,0.7115384615384616,0.01,0.0,9,0.6829268292682927
41,0.5,0.8,20260811,0.5526315789473685,0.7488038277511961,1.0,1.0,6,0.5365853658536586
41,0.5,0.8,20260811,0.275,0.5,0.01,0.5,0,0.6097560975609756
41,0.5,0.8,20260811,0.6775,0.8225,0.01,0.0,9,0.6097560975609756
41,0.5,0.8,20260811,0.6120689655172413,0.8218390804597702,0.01,0.0,9,0.7073170731707317
41,0.5,0.8,20260811,0.2701149425287357,0.5,0.01,0.5,0,0.7073170731707317
41,0.5,0.8,20260811,0.5978835978835979,0.7698412698412699,0.01,0.0,9,0.6585365853658537
41,0.5,0.8,20260811,0.37500000000000006,0.7275,0.1,0.0,9,0.6097560975609756
41,0.5,0.8,20260811,0.353448275862069,0.7068965517241379,0.1,0.0,9,0.7073170731707317
41,0.5,0.8,20260811,0.31818181818181823,0.7689393939393939,0.01,0.0,9,0.8048780487804879
41,0.5,0.8,20260811,0.503030303030303,0.7515151515151516,0.1,0.0,9,0.7317073170731707
41,0.5,0.8,20260811,0.8666666666666667,0.9121212121212121,1.0,1.0,3,0.7317073170731707
41,0.5,0.8,20260811,0.5441176470588235,0.7990196078431373,0.1,0.5,2,0.5853658536585366
41,0.5,0.8,20260811,0.4575757575757576,0.7848484848484849,0.1,0.5,3,0.7317073170731707
41,0.5,0.8,20260811,0.30238095238095236,0.5,0.01,0.5,0,0.5121951219512195
41,0.5,0.8,20260811,0.423076923076923,0.6813186813186813,0.01,0.0,9,0.6829268292682927
41,0.5,0.8,20260811,0.7651515151515151,0.8901515151515151,0.1,0.0,9,0.8048780487804879
41,0.5,0.8,20260811,0.7097701149425287,0.8477011494252873,0.01,0.0,9,0.7073170731707317
41,0.5,0.8,20260811,0.4256410256410257,0.7897435897435897,1.0,0.0,9,0.6341463414634146
41,0.5,0.8,20260811,0.7256944444444446,0.8645833333333333,0.1,0.5,3,0.7804878048780488
41,0.5,0.8,20260811,0.8359788359788359,0.9312169312169312,1.0,1.0,4,0.6585365853658537
41,0.5,0.8,20260811,0.5406698564593302,0.7464114832535885,0.1,0.5,3,0.5365853658536586
41,0.5,0.8,20260811,0.5,0.7500000000000001,0.1,0.0,9,0.7073170731707317
41,0.5,0.8,20260811,0.3516483516483517,0.7032967032967034,0.1,0.5,1,0.6829268292682927
41,0.5,0.8,20260811,0.5275000000000001,0.7050000000000001,0.01,0.0,9,0.6097560975609756
41,0.5,0.8,20260811,0.6051282051282052,0.7820512820512822,0.01,0.0,9,0.6341463414634146
41,0.5,0.8,20260811,0.3017241379310345,0.6839080459770115,0.01,0.0,9,0.7073170731707317
41,0.5,0.8,20260811,0.6153846153846154,0.8186813186813187,0.01,0.0,9,0.6829268292682927
41,0.5,0.8,20260811,0.2671568627450981,0.5,0.01,0.5,0,0.5853658536585366
41,0.5,0.8,20260811,0.6923076923076923,0.9038461538461539,1.0,0.0,9,0.6829268292682927
41,0.5,0.8,20260811,0.7745098039215687,0.8504901960784313,0.01,0.0,9,0.5853658536585366
41,0.5,0.8,20260811,0.5196078431372548,0.8284313725490196,1.0,0.0,9,0.5853658536585366
41,0.5,0.8,20260811,0.7928571428571429,0.930952380952381,1.0,0.0,9,0.5121951219512195
41,0.5,0.8,20260811,0.6225490196078431,0.8063725490196079,0.1,0.5,2,0.5853658536585366
41,0.5,0.8,20260811,0.5333333333333333,0.8424242424242424,0.1,0.0,9,0.7317073170731707
41,0.5,0.8,20260811,0.3049450549450549,0.5,0.01,0.5,0,0.6829268292682927
41,0.5,0.8,20260811,0.73,0.84,0.1,0.0,9,0.6097560975609756
41,0.5,0.8,20260811,0.4735449735449735,0.8015873015873016,1.0,0.5,7,0.6585365853658537
41,0.5,0.8,20260811,0.6813186813186813,0.8516483516483516,0.1,0.0,9,0.6829268292682927
41,0.5,0.8,20260811,0.43846153846153846,0.8076923076923077,0.1,0.0,9,0.6341463414634146
41,0.5,0.8,20260811,0.48774509803921573,0.6838235294117647,0.01,0.0,9,0.5853658536585366
41,0.5,0.8,20260811,0.631578947368421,0.8313397129186604,0.1,0.5,3,0.5365853658536586
41,0.5,0.8,20260811,0.603448275862069,0.8793103448275862,1.0,0.0,9,0.7073170731707317
41,0.5,0.8,20260811,0.7645502645502645,0.8597883597883598,0.1,0.5,3,0.6585365853658537
41,0.5,0.8,20260811,0.4282051282051282,0.7128205128205127,0.01,0.0,9,0.6341463414634146
41,0.5,0.8,20260811,0.6435406698564594,0.8552631578947368,0.1,0.5,2,0.5365853658536586
41,0.5,0.8,20260811,0.5120772946859904,0.6859903381642511,0.01,0.0,9,0.5609756097560976
41,0.5,0.8,20260811,0.4606060606060607,0.8242424242424242,0.1,0.0,9,0.7317073170731707
41,0.5,0.8,20260811,0.4798850574712644,0.7471264367816092,0.1,0.5,1,0.7073170731707317
41,0.5,0.8,20260811,0.6575757575757576,0.8075757575757575,0.1,0.5,2,0.7317073170731707
41,0.5,0.8,20260811,0.6309523809523809,0.7642857142857143,0.01,0.0,9,0.4878048780487805
41,0.5,0.8,20260811,0.701058201058201,0.865079365079365,0.1,0.0,9,0.6585365853658537
41,0.5,0.8,20260811,0.5423280423280423,0.843915343915344,1.0,0.0,9,0.6585365853658537
41,0.5,0.8,20260811,0.6225490196078433,0.7916666666666667,0.01,0.0,9,0.5853658536585366
41,0.5,0.8,20260811,0.6100478468899522,0.7583732057416268,0.1,0.5,1,0.5365853658536586
41,0.5,0.8,20260811,0.5598086124401914,0.7751196172248803,0.1,0.5,1,0.5365853658536586
41,0.5,0.8,20260811,0.6349206349206349,0.7857142857142856,0.01,0.0,9,0.6585365853658537
41,0.5,0.8,20260811,0.658974358974359,0.7743589743589744,0.01,0.0,9,0.6341463414634146
41,0.5,0.8,20260811,0.20238095238095238,0.5,0.01,0.5,0,0.5121951219512195
41,0.5,0.8,20260811,0.23444976076555024,0.6746411483253588,1.0,1.0,5,0.5365853658536586
41,0.5,0.8,20260811,0.6264367816091954,0.8419540229885057,0.1,0.0,9,0.7073170731707317
41,0.5,0.8,20260811,0.5873015873015872,0.9312169312169313,1.0,0.5,7,0.6585365853658537
41,0.5,0.8,20260811,0.35185185185185186,0.5,0.01,0.5,0,0.6585365853658537
41,0.5,0.8,20260811,0.7524509803921569,0.8700980392156863,0.01,0.0,9,0.5853658536585366
41,0.5,0.8,20260811,0.1813186813186813,0.5,0.01,0.5,0,0.6829268292682927
41,0.5,0.8,20260811,0.68,0.7925,0.1,0.0,9,0.6097560975609756
41,0.5,0.8,20260811,0.42528735632183906,0.75,0.1,0.0,9,0.7073170731707317
41,0.5,0.8,20260811,0.6328502415458938,0.7971014492753623,0.1,0.0,9,0.5609756097560976
41,0.5,0.8,20260811,0.49750000000000005,0.7575000000000001,0.1,0.5,3,0.6097560975609756
41,0.5,0.8,20260811,0.7298850574712644,0.8563218390804598,1.0,1.0,5,0.7073170731707317
41,0.5,0.8,20260811,0.6025,0.7775000000000001,0.01,0.0,9,0.6097560975609756
41,0.5,0.8,20260811,0.7248677248677249,0.8293650793650793,0.1,0.5,2,0.6585365853658537
41,0.5,0.8,20260811,0.3948717948717949,0.6897435897435897,0.01,0.0,9,0.6341463414634146
41,0.5,0.8,20260811,0.6174242424242424,0.7840909090909092,0.01,0.0,9,0.8048780487804879
41,0.5,0.8,20260811,0.4281609195402299,0.706896551724138,0.01,0.0,9,0.7073170731707317
41,0.5,0.8,20260811,0.4201388888888889,0.8541666666666667,1.0,0.0,9,0.7804878048780488
41,0.5,0.8,20260811,0.38333333333333336,0.7619047619047619,1.0,0.0,9,0.4878048780487805
41,0.5,0.8,20260811,0.4305555555555556,0.7395833333333334,0.1,0.0,9,0.7804878048780488
41,0.5,0.8,20260811,0.40740740740740744,0.775132275132275,0.1,0.0,9,0.6585365853658537
41,0.5,0.8,20260811,0.606280193236715,0.8695652173913043,1.0,0.0,9,0.5609756097560976
41,0.5,0.8,20260811,0.19576719576719576,0.5,0.01,0.5,0,0.6585365853658537
41,0.5,0.8,20260811,0.5190476190476191,0.7595238095238095,0.01,0.0,9,0.4878048780487805
41,0.5,0.8,20260811,0.882183908045977,0.9396551724137931,1.0,1.0,4,0.7073170731707317
41,0.5,0.8,20260811,0.8062200956937798,0.8755980861244019,0.01,0.0,9,0.5365853658536586
41,0.5,0.8,20260811,0.4454545454545455,0.5,0.01,0.5,0,0.7317073170731707
41,0.5,0.8,20260811,0.6304347826086956,0.7922705314009661,0.1,0.5,2,0.5609756097560976
41,0.5,0.8,20260811,0.7747252747252747,0.901098901098901,1.0,0.5,7,0.6829268292682927
41,0.5,0.8,20260811,0.34541062801932365,0.7028985507246377,1.0,1.0,6,0.5609756097560976
41,0.5,0.8,20260811,0.2076923076923077,0.7051282051282051,0.01,0.0,9,0.6341463414634146
41,0.5,0.8,20260811,0.5478468899521531,0.7224880382775118,0.01,0.0,9,0.5365853658536586
41,0.5,0.8,20260811,0.51,0.7050000000000001,0.01,0.0,9,0.6097560975609756
41,0.5,0.8,20260811,0.7063492063492064,0.8227513227513228,0.01,0.0,9,0.6585365853658537
41,0.5,0.8,20260811,0.3296703296703297,0.5,0.01,0.5,0,0.6829268292682927
41,0.5,0.8,20260811,0.4532967032967033,0.7884615384615384,1.0,0.5,7,0.6829268292682927
41,0.5,0.8,20260811,0.45114942528735635,0.7097701149425287,0.01,0.0,9,0.7073170731707317
41,0.5,0.8,20260811,0.39677419354838706,0.7096774193548387,0.01,0.0,9,0.7560975609756098
41,0.5,0.8,20260811,0.517156862745098,0.7132352941176471,0.01,0.0,9,0.5853658536585366
41,0.5,0.8,20260811,0.515,0.8425,1.0,1.0,5,0.6097560975609756
41,0.5,0.8,20260811,0.7461538461538462,0.9,1.0,0.5,7,0.6341463414634146
41,0.5,0.8,20260811,0.595,0.785,0.1,0.0,9,0.6097560975609756
41,0.5,0.8,20260811,0.6862745098039216,0.8063725490196078,0.01,0.0,9,0.5853658536585366
41,0.5,0.8,20260811,0.5317460317460317,0.7486772486772487,0.1,0.5,2,0.6585365853658537
41,0.5,0.8,20260811,0.7461538461538462,0.9051282051282051,1.0,0.0,9,0.6341463414634146
41,0.5,0.8,20260811,0.7946859903381642,0.9106280193236715,1.0,0.5,7,0.5609756097560976
41,0.5,0.8,20260811,0.558974358974359,0.8487179487179486,1.0,0.0,9,0.6341463414634146
41,0.5,0.8,20260811,0.7471264367816092,0.9195402298850575,0.1,0.5,3,0.7073170731707317
41,0.5,0.8,20260811,0.7439613526570048,0.8864734299516909,0.1,0.5,3,0.5609756097560976
41,0.5,0.8,20260811,0.4575,0.735,0.1,0.0,9,0.6097560975609756
41,0.5,0.8,20260811,0.6016483516483516,0.8021978021978022,0.01,0.0,9,0.6829268292682927
41,0.5,0.8,20260811,0.5763888888888888,0.7569444444444444,0.01,0.0,9,0.7804878048780488
41,0.5,0.8,20260811,0.1564102564102564,0.5,0.01,0.5,0,0.6341463414634146
41,0.5,0.8,20260811,0.7252747252747253,0.8200549450549451,0.1,0.5,1,0.6829268292682927
41,0.5,0.8,20260811,0.5439560439560439,0.8653846153846154,1.0,0.5,8,0.6829268292682927
41,0.5,0.8,20260811,0.434065934065934,0.7335164835164835,0.01,0.0,9,0.6829268292682927
41,0.5,0.8,20260811,0.42647058823529416,0.892156862745098,1.0,0.0,9,0.5853658536585366
41,0.5,0.8,20260811,0.6220095693779905,0.7488038277511962,0.01,0.0,9,0.5365853658536586
41,0.5,0.8,20260811,0.6642857142857144,0.7785714285714286,0.01,0.0,9,0.4878048780487805
41,0.5,0.8,20260811,0.5423280423280423,0.7513227513227514,0.01,0.0,9,0.6585365853658537
41,0.5,0.8,20260811,0.5660919540229885,0.8706896551724138,1.0,0.0,9,0.7073170731707317
41,0.5,0.8,20260811,0.4093137254901961,0.696078431372549,0.01,0.0,9,0.5853658536585366
41,0.5,0.8,20260811,0.6111111111111112,0.8091787439613526,0.01,0.0,9,0.5609756097560976
41,0.5,0.8,20260811,0.55,0.5,0.01,0.5,0,0.6097560975609756
41,0.5,0.8,20260811,0.4917582417582418,0.7637362637362638,0.01,0.0,9,0.6829268292682927
41,0.5,0.8,20260811,0.4798850574712643,0.6954022988505747,0.01,0.0,9,0.7073170731707317
41,0.5,0.8,20260811,0.6028708133971292,0.7667464114832536,0.1,0.5,2,0.5365853658536586
41,0.5,0.8,20260811,0.5172413793103448,0.7413793103448276,0.1,0.5,1,0.7073170731707317
41,0.5,0.8,20260811,0.5258620689655172,0.7931034482758621,0.1,0.5,3,0.7073170731707317
41,0.5,0.8,20260811,0.4497607655502392,0.80622009569378,0.1,0.5,2,0.5365853658536586
41,0.5,0.8,20260811,0.41666666666666663,0.6264367816091954,0.01,0.0,9,0.7073170731707317
41,0.5,0.8,20260811,0.3935483870967742,0.7419354838709677,0.01,0.0,9,0.7560975609756098
41,0.5,0.8,20260811,0.6100478468899522,0.7906698564593302,0.1,0.5,3,0.5365853658536586
41,0.5,0.8,20260811,0.21969696969696972,0.7234848484848485,0.01,0.0,9,0.8048780487804879
41,0.5,0.8,20260811,0.6904761904761905,0.8761904761904762,0.1,0.0,9,0.4878048780487805
41,0.5,0.8,20260811,0.41304347826086957,0.7427536231884059,0.1,0.5,2,0.5609756097560976
41,0.5,0.8,20260811,0.5906862745098039,0.7671568627450981,0.1,0.0,9,0.5853658536585366
41,0.5,0.8,20260811,0.7609890109890111,0.8846153846153846,1.0,1.0,5,0.6829268292682927
41,0.5,0.8,20260811,0.6016483516483517,0.8571428571428571,1.0,0.0,9,0.6829268292682927
41,0.5,0.8,20260811,0.6746031746031745,0.8994708994708994,1.0,0.0,9,0.6585365853658537
41,0.5,0.8,20260811,0.7301587301587301,0.8650793650793651,1.0,1.0,5,0.6585365853658537
41,0.5,0.8,20260811,0.3512820512820513,0.7102564102564103,0.01,0.0,9,0.6341463414634146
41,0.5,0.8,20260811,0.5759803921568627,0.7352941176470588,0.01,0.0,9,0.5853658536585366
41,0.5,0.8,20260811,0.5774999999999999,0.74,0.01,0.0,9,0.6097560975609756
41,0.5,0.8,20260811,0.7777777777777777,0.9417989417989417,0.1,0.0,9,0.6585365853658537
41,0.5,0.8,20260811,0.4565217391304347,0.6835748792270532,0.01,0.0,9,0.43902439024390244
41,0.5,0.8,20260811,0.5686274509803921,0.838235294117647,1.0,0.0,9,0.5853658536585366
41,0.5,0.8,20260811,0.4396135265700484,0.7995169082125604,1.0,0.0,9,0.5609756097560976
41,0.5,0.8,20260811,0.515,0.8275,1.0,1.0,5,0.6097560975609756
41,0.5,0.8,20260811,0.6507936507936508,0.8941798941798942,1.0,0.0,9,0.6585365853658537
41,0.5,0.8,20260811,0.42903225806451617,0.6870967741935484,0.01,0.0,9,0.7560975609756098
41,0.5,0.8,20260811,0.41208791208791207,0.7115384615384616,0.01,0.0,9,0.6829268292682927
41,0.5,0.8,20260811,0.5975000000000001,0.7324999999999999,0.01,0.0,9,0.6097560975609756
41,0.5,0.8,20260811,0.7846153846153846,0.917948717948718,0.01,0.0,9,0.6341463414634146
41,0.5,0.8,20260811,0.6318681318681318,0.8159340659340659,0.1,0.0,9,0.6829268292682927
41,0.5,0.8,20260811,0.514367816091954,0.793103448275862,0.1,0.5,1,0.7073170731707317
41,0.5,0.8,20260811,0.4947089947089947,0.7433862433862434,0.01,0.0,9,0.6585365853658537
41,0.5,0.8,20260811,0.725,0.8300000000000001,0.01,0.0,9,0.6097560975609756
41,0.5,0.8,20260811,0.42051282051282046,0.6948717948717948,0.01,0.0,9,0.6341463414634146
41,0.5,0.8,20260811,0.39487179487179486,0.782051282051282,1.0,1.0,6,0.6341463414634146
41,0.5,0.8,20260811,0.5631868131868132,0.7692307692307693,0.1,0.5,1,0.6829268292682927
41,0.5,0.8,20260811,0.655,0.8275,0.1,0.5,1,0.6097560975609756
41,0.5,0.8,20260811,0.5785714285714285,0.7666666666666667,0.01,0.0,9,0.4878048780487805
41,0.5,0.8,20260811,0.6738095238095239,0.8428571428571429,0.1,0.0,9,0.5121951219512195
41,0.5,0.8,20260811,0.5545454545454545,0.806060606060606,0.1,0.5,2,0.7317073170731707
41,0.5,0.8,20260811,0.38257575757575757,0.7916666666666666,0.01,0.0,9,0.8048780487804879
41,0.5,0.8,20260811,0.25862068965517243,0.6522988505747127,0.01,0.0,9,0.7073170731707317
41,0.5,0.8,20260811,0.5923076923076923,0.7948717948717949,0.1,0.5,2,0.6341463414634146
41,0.5,0.8,20260811,0.3151515151515152,0.7757575757575758,1.0,0.5,6,0.7317073170731707
41,0.5,0.8,20260811,0.5632183908045977,0.7701149425287357,0.01,0.0,9,0.7073170731707317
41,0.5,0.8,20260811,0.6525000000000001,0.7825,0.01,0.0,9,0.6097560975609756
41,0.9,0.0,20260811,0.4023809523809524,0.7642857142857143,0.1,0.5,3,0.5121951219512195
41,0.9,0.0,20260811,0.45833333333333337,0.7107843137254902,0.01,0.0,9,0.5853658536585366
41,0.9,0.0,20260811,0.37254901960784315,0.6617647058823529,0.01,0.0,9,0.5853658536585366
41,0.9,0.0,20260811,0.2435897435897436,0.5,0.01,0.5,0,0.6341463414634146
41,0.9,0.0,20260811,0.3160919540229885,0.6350574712643678,0.01,0.0,9,0.7073170731707317
41,0.9,0.0,20260811,0.5686813186813187,0.8159340659340659,1.0,1.0,4,0.6829268292682927
41,0.9,0.0,20260811,0.48,0.79,1.0,0.0,9,0.6097560975609756
41,0.9,0.0,20260811,0.41911764705882354,0.6446078431372548,0.01,0.0,9,0.5853658536585366
41,0.9,0.0,20260811,0.14015151515151514,0.5,0.01,0.5,0,0.8048780487804879
41,0.9,0.0,20260811,0.2775,0.5,0.01,0.5,0,0.3902439024390244
41,0.9,0.0,20260811,0.4325,0.72625,0.1,0.5,1,0.6097560975609756
41,0.9,0.0,20260811,0.3544973544973545,0.708994708994709,0.01,0.0,9,0.6585365853658537
41,0.9,0.0,20260811,0.25661375661375657,0.5,0.01,0.5,0,0.6585365853658537
41,0.9,0.0,20260811,0.305,0.5,0.01,0.5,0,0.6097560975609756
41,0.9,0.0,20260811,0.562200956937799,0.728468899521531,0.1,0.5,1,0.4634146341463415
41,0.9,0.0,20260811,0.5028735632183907,0.7902298850574713,1.0,1.0,6,0.7073170731707317
41,0.9,0.0,20260811,0.36249999999999993,0.655,0.01,0.0,9,0.6097560975609756
41,0.9,0.0,20260811,0.34541062801932365,0.7898550724637681,0.1,0.0,9,0.5609756097560976
41,0.9,0.0,20260811,0.3306878306878307,0.5,0.01,0.5,0,0.6585365853658537
41,0.9,0.0,20260811,0.6333333333333333,0.8142857142857143,1.0,0.0,9,0.4878048780487805
41,0.9,0.0,20260811,0.20645161290322578,0.6387096774193549,0.01,0.0,9,0.7560975609756098
41,0.9,0.0,20260811,0.23076923076923073,0.6785714285714286,0.01,0.0,9,0.6829268292682927
41,0.9,0.0,20260811,0.35,0.785,0.1,0.0,9,0.6097560975609756
41,0.9,0.0,20260811,0.3925,0.5,0.01,0.5,0,0.6097560975609756
41,0.9,0.0,20260811,0.4109195402298851,0.5,0.01,0.5,0,0.7073170731707317
41,0.9,0.0,20260811,0.23939393939393944,0.5,0.01,0.5,0,0.7317073170731707
41,0.9,0.0,20260811,0.5483870967741935,0.7935483870967741,1.0,0.0,9,0.7560975609756098
41,0.9,0.0,20260811,0.31749999999999995,0.665,0.01,0.0,9,0.6097560975609756
41,0.9,0.0,20260811,0.3424242424242424,0.5,0.01,0.5,0,0.7317073170731707
41,0.9,0.0,20260811,0.4774193548387097,0.6870967741935484,0.01,0.0,9,0.7560975609756098
41,0.9,0.0,20260811,0.14550264550264552,0.5,0.01,0.5,0,0.6585365853658537
41,0.9,0.0,20260811,0.43301435406698563,0.8492822966507177,1.0,0.5,8,0.5365853658536586
41,0.9,0.0,20260811,0.31896551724137934,0.7241379310344827,0.01,0.0,9,0.7073170731707317
41,0.9,0.0,20260811,0.42857142857142855,0.6978021978021978,0.01,0.0,9,0.6829268292682927
41,0.9,0.0,20260811,0.16985645933014357,0.6722488038277513,0.1,0.0,9,0.5365853658536586
41,0.9,0.0,20260811,0.6100000000000001,0.845,1.0,0.5,8,0.6097560975609756
41,0.9,0.0,20260811,0.4603174603174603,0.7883597883597884,1.0,1.0,6,0.6585365853658537
41,0.9,0.0,20260811,0.11594202898550726,0.6521739130434783,0.01,0.0,9,0.5609756097560976
41,0.9,0.0,20260811,0.35049019607843135,0.5,0.01,0.5,0,0.5853658536585366
41,0.9,0.0,20260811,0.5467032967032968,0.8489010989010989,1.0,0.5,8,0.3170731707317073
41,0.9,0.0,20260811,0.25,0.8045977011494252,1.0,0.0,9,0.7073170731707317
41,0.9,0.0,20260811,0.5476190476190477,0.6825396825396826,0.01,0.0,9,0.6585365853658537
41,0.9,0.0,20260811,0.3703703703703704,0.7592592592592593,1.0,1.0,5,0.6585365853658537
41,0.9,0.0,20260811,0.22946859903381644,0.644927536231884,0.01,0.0,9,0.5609756097560976
41,0.9,0.0,20260811,0.38717948717948725,0.5,0.01,0.5,0,0.6341463414634146
41,0.9,0.0,20260811,0.5833333333333334,0.8455882352941176,1.0,1.0,7,0.4146341463414634
41,0.9,0.0,20260811,0.6507936507936507,0.8783068783068783,1.0,0.0,9,0.6585365853658537
41,0.9,0.0,20260811,0.3492063492063492,0.6560846560846562,0.01,0.0,9,0.6585365853658537
41,0.9,0.0,20260811,0.5412087912087912,0.804945054945055,1.0,0.0,9,0.6829268292682927
41,0.9,0.0,20260811,0.6076555023923444,0.8277511961722488,1.0,0.0,9,0.5365853658536586
41,0.9,0.0,20260811,0.3956043956043956,0.673076923076923,0.01,0.0,9,0.6829268292682927
41,0.9,0.0,20260811,0.14950980392156865,0.5,0.01,0.5,0,0.5853658536585366
41,0.9,0.0,20260811,0.5102564102564102,0.7794871794871795,1.0,1.0,6,0.6341463414634146
41,0.9,0.0,20260811,0.6401098901098902,0.782967032967033,0.1,0.5,1,0.6829268292682927
41,0.9,0.0,20260811,0.3650793650793651,0.6851851851851852,0.01,0.0,9,0.6585365853658537
41,0.9,0.0,20260811,0.5628019323671497,0.7463768115942029,0.01,0.0,9,0.5609756097560976
41,0.9,0.0,20260811,0.6696969696969698,0.8757575757575757,1.0,1.0,4,0.7317073170731707
41,0.9,0.0,20260811,0.2512820512820513,0.6333333333333333,0.01,0.0,9,0.6341463414634146
41,0.9,0.0,20260811,0.5211640211640212,0.6944444444444444,0.1,0.5,1,0.6585365853658537
41,0.9,0.0,20260811,0.29885057471264376,0.5,0.01,0.5,0,0.7073170731707317
41,0.9,0.0,20260811,0.4368131868131868,0.8324175824175825,1.0,0.5,7,0.6829268292682927
41,0.9,0.0,20260811,0.2077294685990338,0.678743961352657,0.1,0.5,1,0.5609756097560976
41,0.9,0.0,20260811,0.5919540229885057,0.860632183908046,0.1,0.5,3,0.7073170731707317
41,0.9,0.0,20260811,0.4411764705882353,0.5,0.01,0.5,0,0.5853658536585366
41,0.9,0.0,20260811,0.20604395604395603,0.5,0.01,0.5,0,0.6829268292682927
41,0.9,0.0,20260811,0.3936781609195402,0.7270114942528736,0.01,0.0,9,0.7073170731707317
41,0.9,0.0,20260811,0.2463768115942029,0.7971014492753623,1.0,0.0,9,0.5609756097560976
41,0.9,0.0,20260811,0.528735632183908,0.7844827586206897,0.1,0.5,1,0.7073170731707317
41,0.9,0.0,20260811,0.2761904761904762,0.6428571428571429,0.1,0.5,1,0.5121951219512195
41,0.9,0.0,20260811,0.2566137566137566,0.7407407407407407,0.01,0.0,9,0.6585365853658537
41,0.9,0.0,20260811,0.4820512820512821,0.7128205128205128,0.01,0.0,9,0.6341463414634146
41,0.9,0.0,20260811,0.3125,0.7569444444444444,0.1,0.0,9,0.7804878048780488
41,0.9,0.0,20260811,0.5574162679425838,0.5,0.01,0.5,0,0.5365853658536586
41,0.9,0.0,20260811,0.13227513227513227,0.7751322751322751,1.0,0.0,9,0.6585365853658537
41,0.9,0.0,20260811,0.5512820512820513,0.8282051282051283,1.0,1.0,5,0.6341463414634146
41,0.9,0.0,20260811,0.20256410256410257,0.5,0.01,0.5,0,0.6341463414634146
41,0.9,0.0,20260811,0.3719806763285024,0.5,0.01,0.5,0,0.5609756097560976
41,0.9,0.0,20260811,0.4607843137254902,0.5,0.01,0.5,0,0.5853658536585366
41,0.9,0.0,20260811,0.6880952380952381,0.8690476190476191,1.0,0.5,9,0.5121951219512195
41,0.9,0.0,20260811,0.21980676328502416,0.5,0.01,0.5,0,0.5609756097560976
41,0.9,0.0,20260811,0.33333333333333337,0.6641025641025642,0.01,0.0,9,0.6341463414634146
41,0.9,0.0,20260811,0.24999999999999994,0.5,0.01,0.5,0,0.6829268292682927
41,0.9,0.0,20260811,0.33939393939393936,0.5,0.01,0.5,0,0.7317073170731707
41,0.9,0.0,20260811,0.4717948717948718,0.8179487179487179,1.0,1.0,5,0.6341463414634146
41,0.9,0.0,20260811,0.44358974358974357,0.7256410256410257,0.01,0.0,9,0.6341463414634146
41,0.9,0.0,20260811,0.41500000000000004,0.8325,1.0,1.0,4,0.6097560975609756
41,0.9,0.0,20260811,0.3477011494252873,0.7183908045977011,0.01,0.0,9,0.7073170731707317
41,0.9,0.0,20260811,0.29411764705882354,0.5,0.01,0.5,0,0.5853658536585366
41,0.9,0.0,20260811,0.19607843137254904,0.7549019607843137,1.0,1.0,5,0.5853658536585366
41,0.9,0.0,20260811,0.3956043956043956,0.5,0.01,0.5,0,0.6829268292682927
41,0.9,0.0,20260811,0.5459770114942528,0.7959770114942529,1.0,0.5,6,0.7073170731707317
41,0.9,0.0,20260811,0.2830687830687831,0.5,0.01,0.5,0,0.6585365853658537
41,0.9,0.0,20260811,0.43478260869565216,0.5,0.01,0.5,0,0.5609756097560976
41,0.9,0.0,20260811,0.6871794871794872,0.8923076923076922,1.0,0.0,9,0.6341463414634146
41,0.9,0.0,20260811,0.3516483516483517,0.5,0.01,0.5,0,0.6829268292682927
41,0.9,0.0,20260811,0.6196172248803828,0.7727272727272728,0.01,0.0,9,0.5365853658536586
41,0.9,0.0,20260811,0.46650717703349287,0.7057416267942583,0.01,0.0,9,0.5365853658536586
41,0.9,0.0,20260811,0.2946859903381642,0.7717391304347827,1.0,1.0,3,0.5609756097560976
41,0.9,0.0,20260811,0.38888888888888884,0.5,0.01,0.5,0,0.6585365853658537
41,0.9,0.0,20260811,0.6925287356321839,0.9080459770114944,1.0,0.0,9,0.7073170731707317
41,0.9,0.0,20260811,0.3602941176470589,0.5,0.01,0.5,0,0.5853658536585366
41,0.9,0.0,20260811,0.2833333333333333,0.5,0.01,0.5,0,0.5121951219512195
41,0.9,0.0,20260811,0.3161290322580645,0.5,0.01,0.5,0,0.7560975609756098
41,0.9,0.0,20260811,0.5158730158730158,0.8042328042328043,1.0,0.0,9,0.6585365853658537
41,0.9,0.0,20260811,0.3484848484848485,0.5,0.01,0.5,0,0.7317073170731707
41,0.9,0.0,20260811,0.28448275862068967,0.7471264367816092,1.0,1.0,5,0.7073170731707317
41,0.9,0.0,20260811,0.4587912087912088,0.7197802197802198,0.01,0.0,9,0.6829268292682927
41,0.9,0.0,20260811,0.4681372549019608,0.7990196078431373,1.0,0.0,9,0.5853658536585366
41,0.9,0.0,20260811,0.6352657004830918,0.8816425120772947,1.0,0.0,9,0.5609756097560976
41,0.9,0.0,20260811,0.4511494252873563,0.5,0.01,0.5,0,0.7073170731707317
41,0.9,0.0,20260811,0.4615384615384615,0.5,0.01,0.5,0,0.6829268292682927
41,0.9,0.0,20260811,0.38636363636363635,0.5,0.01,0.5,0,0.8048780487804879
41,0.9,0.0,20260811,0.29227053140096615,0.5,0.01,0.5,0,0.5609756097560976
41,0.9,0.0,20260811,0.2857142857142857,0.6904761904761905,0.1,0.0,9,0.6585365853658537
41,0.9,0.0,20260811,0.47741935483870973,0.7483870967741936,1.0,1.0,3,0.7560975609756098
41,0.9,0.0,20260811,0.5693779904306221,0.7129186602870813,0.01,0.0,9,0.5365853658536586
41,0.9,0.0,20260811,0.43956043956043955,0.728021978021978,0.01,0.0,9,0.6829268292682927
41,0.9,0.0,20260811,0.29032258064516125,0.8129032258064516,1.0,1.0,5,0.7560975609756098
41,0.9,0.0,20260811,0.6787878787878788,0.8272727272727273,0.01,0.0,9,0.7317073170731707
41,0.9,0.0,20260811,0.48325358851674644,0.7870813397129186,0.1,0.0,9,0.5365853658536586
41,0.9,0.0,20260811,0.40821256038647347,0.5,0.01,0.5,0,0.5609756097560976
41,0.9,0.0,20260811,0.2564102564102564,0.7256410256410256,1.0,0.0,9,0.6341463414634146
41,0.9,0.0,20260811,0.32142857142857145,0.5,0.01,0.5,0,0.4878048780487805
41,0.9,0.0,20260811,0.11818181818181818,0.6545454545454545,0.01,0.0,9,0.7317073170731707
41,0.9,0.0,20260811,0.6181818181818182,0.8818181818181818,1.0,0.0,9,0.7317073170731707
41,0.9,0.0,20260811,0.42582417582417575,0.7115384615384616,1.0,0.0,9,0.6829268292682927
41,0.9,0.0,20260811,0.565,0.8675,1.0,0.5,7,0.6097560975609756
41,0.9,0.0,20260811,0.6303030303030303,0.9060606060606061,1.0,0.0,9,0.7317073170731707
41,0.9,0.0,20260811,0.46153846153846156,0.7974358974358975,1.0,0.0,9,0.6341463414634146
41,0.9,0.0,20260811,0.3623188405797101,0.751207729468599,1.0,0.0,9,0.5609756097560976
41,0.9,0.0,20260811,0.6714285714285715,0.7976190476190476,0.1,0.5,2,0.5121951219512195
41,0.9,0.0,20260811,0.45999999999999996,0.8200000000000001,0.1,0.0,9,0.6097560975609756
41,0.9,0.0,20260811,0.5717948717948718,0.7897435897435897,1.0,1.0,5,0.6341463414634146
41,0.9,0.0,20260811,0.2560386473429952,0.6714975845410629,1.0,1.0,4,0.5609756097560976
41,0.9,0.0,20260811,0.41534391534391535,0.8121693121693122,1.0,0.0,9,0.6585365853658537
41,0.9,0.0,20260811,0.5277777777777778,0.8368055555555555,0.01,0.0,9,0.7804878048780488
41,0.9,0.0,20260811,0.4282051282051282,0.7846153846153846,1.0,1.0,4,0.6341463414634146
41,0.9,0.0,20260811,0.5775,0.8225,1.0,1.0,7,0.6097560975609756
41,0.9,0.0,20260811,0.22527472527472525,0.5,0.01,0.5,0,0.6829268292682927
41,0.9,0.0,20260811,0.4784688995215311,0.5,0.01,0.5,0,0.5365853658536586
41,0.9,0.0,20260811,0.38888888888888884,0.5,0.01,0.5,0,0.6585365853658537
41,0.9,0.0,20260811,0.6102564102564103,0.7666666666666667,0.1,0.5,2,0.6341463414634146
41,0.9,0.0,20260811,0.47527472527472525,0.782967032967033,0.1,0.0,9,0.6829268292682927
41,0.9,0.0,20260811,0.5488505747126436,0.8563218390804598,1.0,0.0,9,0.7073170731707317
41,0.9,0.0,20260811,0.2857142857142857,0.626984126984127,0.01,0.0,9,0.6585365853658537
41,0.9,0.0,20260811,0.1787878787878788,0.7696969696969697,1.0,1.0,4,0.7317073170731707
41,0.9,0.0,20260811,0.4913793103448275,0.8304597701149424,1.0,0.5,6,0.7073170731707317
41,0.9,0.0,20260811,0.39230769230769236,0.8,0.1,0.0,9,0.6341463414634146
41,0.9,0.0,20260811,0.19323671497584544,0.7705314009661837,1.0,0.5,7,0.5609756097560976
41,0.9,0.0,20260811,0.24285714285714285,0.5,0.01,0.5,0,0.5121951219512195
41,0.9,0.0,20260811,0.3,0.6787878787878787,0.01,0.0,9,0.7317073170731707
41,0.9,0.0,20260811,0.5989010989010989,0.9120879120879122,1.0,0.0,9,0.6829268292682927
41,0.9,0.0,20260811,0.3506944444444445,0.5,0.01,0.5,0,0.7804878048780488
41,0.9,0.0,20260811,0.40909090909090906,0.7727272727272727,1.0,0.0,9,0.7317073170731707
41,0.9,0.0,20260811,0.3284313725490196,0.5,0.01,0.5,0,0.5853658536585366
41,0.9,0.0,20260811,0.5452380952380953,0.7238095238095238,0.01,0.0,9,0.5121951219512195
41,0.9,0.0,20260811,0.23015873015873017,0.5,0.01,0.5,0,0.6585365853658537
41,0.9,0.0,20260811,0.5275,0.5,0.01,0.5,0,0.6097560975609756
41,0.9,0.0,20260811,0.1207729468599034,0.5,0.01,0.5,0,0.5609756097560976
41,0.9,0.0,20260811,0.21980676328502416,0.5,0.01,0.5,0,0.43902439024390244
41,0.9,0.0,20260811,0.4225,0.5,0.01,0.5,0,0.6097560975609756
41,0.9,0.0,20260811,0.39236111111111116,0.6666666666666667,0.01,0.0,9,0.7804878048780488
41,0.9,0.0,20260811,0.2230769230769231,0.5,0.01,0.5,0,0.6341463414634146
41,0.9,0.0,20260811,0.16153846153846152,0.5,0.01,0.5,0,0.6341463414634146
41,0.9,0.0,20260811,0.4641025641025641,0.5,0.01,0.5,0,0.6341463414634146
41,0.9,0.0,20260811,0.2923076923076923,0.7217948717948718,0.1,0.5,1,0.6341463414634146
41,0.9,0.0,20260811,0.6772486772486772,0.8518518518518519,0.1,0.0,9,0.6585365853658537
41,0.9,0.0,20260811,0.38725490196078427,0.5,0.01,0.5,0,0.5853658536585366
41,0.9,0.0,20260811,0.24137931034482757,0.5,0.01,0.5,0,0.7073170731707317
41,0.9,0.0,20260811,0.5980392156862746,0.8504901960784315,1.0,0.0,9,0.5853658536585366
41,0.9,0.0,20260811,0.3333333333333333,0.5,0.01,0.5,0,0.7073170731707317
41,0.9,0.0,20260811,0.5095693779904307,0.777511961722488,1.0,1.0,5,0.5365853658536586
41,0.9,0.0,20260811,0.2075,0.6575,0.1,0.5,1,0.6097560975609756
41,0.9,0.0,20260811,0.15608465608465613,0.7037037037037036,0.1,0.5,1,0.6585365853658537
41,0.9,0.0,20260811,0.5538461538461539,0.8512820512820513,1.0,0.0,9,0.6341463414634146
41,0.9,0.0,20260811,0.4736842105263157,0.7607655502392344,1.0,1.0,5,0.5365853658536586
41,0.9,0.0,20260811,0.4470899470899471,0.7962962962962963,1.0,0.0,9,0.6585365853658537
41,0.9,0.0,20260811,0.5631868131868132,0.75,1.0,1.0,3,0.6829268292682927
41,0.9,0.0,20260811,0.5079365079365079,0.7671957671957673,1.0,1.0,4,0.6585365853658537
41,0.9,0.0,20260811,0.7328042328042328,0.8968253968253969,1.0,1.0,6,0.6585365853658537
41,0.9,0.0,20260811,0.4281609195402299,0.6436781609195402,0.01,0.0,9,0.7073170731707317
41,0.9,0.0,20260811,0.5882352941176471,0.8137254901960784,1.0,1.0,5,0.5853658536585366
41,0.9,0.0,20260811,0.46031746031746035,0.7037037037037037,0.01,0.0,9,0.6585365853658537
41,0.9,0.0,20260811,0.3285024154589372,0.5,0.01,0.5,0,0.5609756097560976
41,0.9,0.0,20260811,0.33862433862433855,0.5,0.01,0.5,0,0.6585365853658537
41,0.9,0.0,20260811,0.20238095238095238,0.5,0.01,0.5,0,0.5121951219512195
41,0.9,0.0,20260811,0.30512820512820515,0.617948717948718,0.01,0.0,9,0.6341463414634146
41,0.9,0.0,20260811,0.47058823529411764,0.5,0.01,0.5,0,0.4146341463414634
41,0.9,0.0,20260811,0.5287356321839081,0.5,0.01,0.5,0,0.7073170731707317
41,0.9,0.0,20260811,0.4032258064516129,0.7387096774193549,0.1,0.0,9,0.7560975609756098
41,0.9,0.0,20260811,0.44540229885057475,0.5,0.01,0.5,0,0.7073170731707317
41,0.9,0.0,20260811,0.4303030303030303,0.5,0.01,0.5,0,0.7317073170731707
41,0.9,0.0,20260811,0.5079365079365079,0.5,0.01,0.5,0,0.6585365853658537
41,0.9,0.0,20260811,0.48351648351648346,0.8104395604395604,1.0,0.0,9,0.6829268292682927
41,0.9,0.0,20260811,0.5441176470588236,0.803921568627451,1.0,0.5,6,0.5853658536585366
41,0.9,0.0,20260811,0.4830917874396135,0.6521739130434783,0.01,0.0,9,0.5609756097560976
41,0.9,0.0,20260811,0.375,0.7075,0.01,0.0,9,0.6097560975609756
41,0.9,0.0,20260811,0.4642857142857143,0.717032967032967,0.01,0.0,9,0.6829268292682927
41,0.9,0.0,20260811,0.44761904761904764,0.5,0.01,0.5,0,0.4878048780487805
41,0.9,0.0,20260811,0.6690821256038648,0.8671497584541062,1.0,0.5,7,0.5609756097560976
41,0.9,0.0,20260811,0.265,0.755,1.0,0.0,9,0.6097560975609756
41,0.9,0.0,20260811,0.5882352941176471,0.7720588235294118,1.0,1.0,4,0.5853658536585366
41,0.9,0.0,20260811,0.4587912087912087,0.7142857142857143,0.01,0.0,9,0.6829268292682927
41,0.9,0.0,20260811,0.42307692307692313,0.5,0.01,0.5,0,0.6341463414634146
41,0.9,0.0,20260811,0.47500000000000003,0.5,0.01,0.5,0,0.6097560975609756
41,0.9,0.0,20260811,0.43499999999999994,0.5,0.01,0.5,0,0.6097560975609756
41,0.9,0.0,20260811,0.4642857142857143,0.5,0.01,0.5,0,0.6829268292682927
41,0.9,0.0,20260811,0.5132275132275131,0.5,0.01,0.5,0,0.6585365853658537
41,0.9,0.0,20260811,0.42582417582417587,0.5,0.01,0.5,0,0.6829268292682927
41,0.9,0.0,20260811,0.24712643678160917,0.6120689655172413,0.01,0.0,9,0.7073170731707317
41,0.9,0.0,20260811,0.25245098039215685,0.625,0.01,0.0,9,0.5853658536585366
41,0.9,0.0,20260811,0.3115942028985508,0.71256038647343,1.0,1.0,5,0.5609756097560976
41,0.9,0.0,20260811,0.5797101449275363,0.8647342995169083,1.0,0.5,7,0.5609756097560976
41,0.9,0.0,20260811,0.5217391304347827,0.8478260869565217,1.0,0.5,6,0.5609756097560976
41,0.9,0.0,20260811,0.3060606060606061,0.5,0.01,0.5,0,0.7317073170731707
41,0.9,0.0,20260811,0.4818181818181818,0.7878787878787878,1.0,0.5,6,0.7317073170731707
41,0.9,0.0,20260811,0.39153439153439157,0.6693121693121693,0.01,0.0,9,0.6585365853658537
41,0.9,0.0,20260811,0.42328042328042326,0.746031746031746,0.1,0.0,9,0.6585365853658537
41,0.9,0.0,20260811,0.5423280423280423,0.8174603174603174,1.0,0.5,7,0.6585365853658537
41,0.9,0.0,20260811,0.41666666666666674,0.5,0.01,0.5,0,0.7073170731707317
41,0.9,0.0,20260811,0.6231884057971014,0.8623188405797102,1.0,0.0,9,0.5609756097560976
41,0.9,0.0,20260811,0.3068181818181818,0.5,0.01,0.5,0,0.8048780487804879
41,0.9,0.0,20260811,0.6303030303030304,0.9212121212121213,1.0,0.0,9,0.7317073170731707
41,0.9,0.0,20260811,0.3903225806451613,0.7806451612903226,1.0,0.0,9,0.7560975609756098
41,0.9,0.0,20260811,0.36,0.6775,0.01,0.0,9,0.6097560975609756
41,0.9,0.0,20260811,0.44358974358974357,0.7564102564102564,0.1,0.0,9,0.6341463414634146
41,0.9,0.0,20260811,0.5105820105820106,0.6719576719576721,0.01,0.0,9,0.6585365853658537
41,0.9,0.0,20260811,0.5555555555555556,0.8680555555555556,1.0,0.0,9,0.7804878048780488
41,0.9,0.0,20260811,0.20054945054945053,0.5,0.01,0.5,0,0.6829268292682927
41,0.9,0.0,20260811,0.5144927536231885,0.7898550724637682,1.0,0.0,9,0.5609756097560976
41,0.9,0.0,20260811,0.27419354838709675,0.5,0.01,0.5,0,0.7560975609756098
41,0.9,0.0,20260811,0.39560439560439564,0.723901098901099,0.1,0.5,1,0.6829268292682927
41,0.9,0.0,20260811,0.5878787878787879,0.8757575757575757,1.0,1.0,5,0.7317073170731707
41,0.9,0.0,20260811,0.27179487179487183,0.5,0.01,0.5,0,0.6341463414634146
41,0.9,0.0,20260811,0.4741935483870968,0.7741935483870968,1.0,1.0,4,0.7560975609756098
41,0.9,0.0,20260811,0.3263888888888889,0.7916666666666667,1.0,1.0,4,0.7804878048780488
41,0.9,0.0,20260811,0.31481481481481477,0.7288359788359788,0.1,0.5,2,0.6585365853658537
41,0.9,0.0,20260811,0.3695652173913044,0.6352657004830917,0.01,0.0,9,0.5609756097560976
41,0.9,0.0,20260811,0.24162679425837322,0.5717703349282296,0.01,0.0,9,0.5365853658536586
41,0.9,0.0,20260811,0.6871794871794872,0.8666666666666667,1.0,0.0,9,0.6341463414634146
41,0.9,0.0,20260811,0.3354838709677419,0.5,0.01,0.5,0,0.7560975609756098
41,0.9,0.0,20260811,0.37830687830687826,0.7804232804232804,1.0,0.0,9,0.6585365853658537
41,0.9,0.0,20260811,0.33999999999999997,0.5,0.01,0.5,0,0.6097560975609756
41,0.9,0.0,20260811,0.3103448275862069,0.5,0.01,0.5,0,0.7073170731707317
41,0.9,0.0,20260811,0.6200980392156863,0.7659313725490196,0.1,0.5,1,0.5853658536585366
41,0.9,0.0,20260811,0.40229885057471265,0.5,0.01,0.5,0,0.7073170731707317
41,0.9,0.0,20260811,0.32564102564102565,0.6512820512820512,0.01,0.0,9,0.6341463414634146
41,0.9,0.0,20260811,0.30256410256410254,0.5,0.01,0.5,0,0.6341463414634146
41,0.9,0.0,20260811,0.20512820512820512,0.5,0.01,0.5,0,0.6341463414634146
41,0.9,0.0,20260811,0.3732057416267942,0.6722488038277512,0.1,0.5,1,0.4634146341463415
41,0.9,0.0,20260811,0.22222222222222224,0.6811594202898551,0.1,0.0,9,0.5609756097560976
41,0.9,0.0,20260811,0.3439153439153439,0.7724867724867726,1.0,0.0,9,0.6585365853658537
41,0.9,0.0,20260811,0.1752873563218391,0.5,0.01,0.5,0,0.7073170731707317
41,0.9,0.0,20260811,0.3,0.5,0.01,0.5,0,0.7317073170731707
41,0.9,0.0,20260811,0.5625,0.8368055555555556,1.0,0.0,9,0.7804878048780488
41,0.9,0.0,20260811,0.4904306220095694,0.7942583732057417,1.0,0.0,9,0.5365853658536586
41,0.9,0.0,20260811,0.4333333333333333,0.7205128205128205,1.0,1.0,4,0.6341463414634146
41,0.9,0.0,20260811,0.5906593406593407,0.8241758241758242,1.0,0.0,9,0.6829268292682927
41,0.9,0.0,20260811,0.2777777777777778,0.798941798941799,1.0,0.0,9,0.6585365853658537
41,0.9,0.0,20260811,0.42564102564102557,0.5,0.01,0.5,0,0.6341463414634146
41,0.9,0.0,20260811,0.39473684210526316,0.6650717703349283,0.01,0.0,9,0.5365853658536586
41,0.9,0.0,20260811,0.28431372549019607,0.5,0.01,0.5,0,0.5853658536585366
41,0.9,0.0,20260811,0.2645161290322581,0.7548387096774193,0.1,0.0,9,0.7560975609756098
41,0.9,0.0,20260811,0.5661375661375662,0.7447089947089947,0.1,0.5,1,0.6585365853658537
41,0.9,0.0,20260811,0.7280219780219781,0.8626373626373626,1.0,0.5,8,0.6829268292682927
41,0.9,0.0,20260811,0.382183908045977,0.6436781609195402,0.01,0.0,9,0.7073170731707317
41,0.9,0.0,20260811,0.28260869565217395,0.5,0.01,0.5,0,0.5609756097560976
41,0.9,0.0,20260811,0.10769230769230767,0.7846153846153846,1.0,0.5,8,0.6341463414634146
41,0.9,0.0,20260811,0.617816091954023,0.8160919540229885,1.0,0.0,9,0.7073170731707317
41,0.9,0.0,20260811,0.23544973544973544,0.5,0.01,0.5,0,0.6585365853658537
41,0.9,0.0,20260811,0.45,0.5,0.01,0.5,0,0.6097560975609756
41,0.9,0.0,20260811,0.25119617224880386,0.6818181818181819,0.01,0.0,9,0.5365853658536586
41,0.9,0.0,20260811,0.4576719576719577,0.5,0.01,0.5,0,0.6585365853658537
41,0.9,0.0,20260811,0.3137254901960784,0.5,0.01,0.5,0,0.4146341463414634
41,0.9,0.0,20260811,0.3818681318681319,0.8076923076923077,1.0,0.0,9,0.6829268292682927
41,0.9,0.0,20260811,0.29285714285714287,0.5,0.01,0.5,0,0.5121951219512195
41,0.9,0.0,20260811,0.3357142857142857,0.6499999999999999,0.01,0.0,9,0.5121951219512195
41,0.9,0.0,20260811,0.5575757575757575,0.7575757575757577,0.1,0.5,1,0.7317073170731707
41,0.9,0.0,20260811,0.6436781609195402,0.7988505747126436,1.0,1.0,6,0.7073170731707317
41,0.9,0.0,20260811,0.6280193236714976,0.5,0.01,0.5,0,0.5609756097560976
41,0.9,0.0,20260811,0.48792270531400966,0.7077294685990339,0.01,0.0,9,0.5609756097560976
41,0.9,0.0,20260811,0.4409722222222222,0.9201388888888888,1.0,1.0,7,0.7804878048780488
41,0.9,0.0,20260811,0.3060606060606061,0.5,0.01,0.5,0,0.7317073170731707
41,0.9,0.0,20260811,0.2679425837320574,0.5,0.01,0.5,0,0.5365853658536586
41,0.9,0.0,20260811,0.26570048309178745,0.78743961352657,1.0,1.0,5,0.5609756097560976
41,0.9,0.0,20260811,0.17942583732057416,0.6722488038277512,1.0,1.0,5,0.5365853658536586
41,0.9,0.0,20260811,0.6231884057971016,0.5,0.01,0.5,0,0.5609756097560976
41,0.9,0.0,20260811,0.36243386243386244,0.8068783068783069,1.0,1.0,6,0.6585365853658537
41,0.9,0.0,20260811,0.48500000000000004,0.6775,0.01,0.0,9,0.6097560975609756
41,0.9,0.0,20260811,0.30423280423280424,0.746031746031746,0.1,0.0,9,0.6585365853658537
41,0.9,0.0,20260811,0.5164835164835164,0.7994505494505495,0.01,0.0,9,0.6829268292682927
41,0.9,0.0,20260811,0.4576719576719577,0.5,0.01,0.5,0,0.6585365853658537
41,0.9,0.0,20260811,0.47878787878787876,0.8575757575757575,0.1,0.0,9,0.7317073170731707
41,0.9,0.0,20260811,0.478021978021978,0.8406593406593408,1.0,0.5,7,0.6829268292682927
41,0.9,0.0,20260811,0.4148351648351648,0.5,0.01,0.5,0,0.6829268292682927
41,0.9,0.0,20260811,0.5375,0.875,1.0,0.0,9,0.6097560975609756
41,0.9,0.0,20260811,0.4,0.7051282051282051,1.0,0.5,6,0.6341463414634146
41,0.9,0.0,20260811,0.40931372549019607,0.5,0.01,0.5,0,0.5853658536585366
41,0.9,0.0,20260811,0.35185185185185186,0.5,0.01,0.5,0,0.6585365853658537
41,0.9,0.0,20260811,0.29670329670329665,0.5,0.01,0.5,0,0.6829268292682927
41,0.9,0.0,20260811,0.24074074074074073,0.5,0.01,0.5,0,0.6585365853658537
41,0.9,0.0,20260811,0.27419354838709675,0.5,0.01,0.5,0,0.7560975609756098
41,0.9,0.0,20260811,0.303921568627451,0.6519607843137255,0.01,0.0,9,0.5853658536585366
41,0.9,0.0,20260811,0.4497354497354497,0.6851851851851851,0.01,0.0,9,0.6585365853658537
41,0.9,0.0,20260811,0.4769230769230769,0.5,0.01,0.5,0,0.6341463414634146
41,0.9,0.0,20260811,0.2751322751322751,0.783068783068783,1.0,0.0,9,0.6585365853658537
41,0.9,0.0,20260811,0.34065934065934067,0.7802197802197802,1.0,1.0,6,0.6829268292682927
41,0.9,0.0,20260811,0.44973544973544977,0.5,0.01,0.5,0,0.6585365853658537
41,0.9,0.0,20260811,0.24867724867724866,0.5,0.01,0.5,0,0.6585365853658537
41,0.9,0.0,20260811,0.6149425287356322,0.8620689655172414,1.0,1.0,7,0.7073170731707317
41,0.9,0.0,20260811,0.28717948717948716,0.7384615384615385,1.0,1.0,5,0.6341463414634146
41,0.9,0.0,20260811,0.32258064516129037,0.7032258064516128,0.01,0.0,9,0.7560975609756098
41,0.9,0.0,20260811,0.35344827586206895,0.5,0.01,0.5,0,0.7073170731707317
41,0.9,0.0,20260811,0.5549999999999999,0.75,0.01,0.0,9,0.6097560975609756
41,0.9,0.0,20260811,0.3045977011494253,0.8448275862068966,1.0,1.0,7,0.7073170731707317
41,0.9,0.0,20260811,0.8063725490196078,0.9705882352941176,1.0,1.0,6,0.5853658536585366
41,0.9,0.0,20260811,0.17045454545454547,0.7196969696969697,0.01,0.0,9,0.8048780487804879
41,0.9,0.0,20260811,0.6071428571428572,0.8119047619047619,1.0,1.0,4,0.5121951219512195
41,0.9,0.0,20260811,0.5714285714285714,0.7554945054945055,0.1,0.5,1,0.6829268292682927
41,0.9,0.0,20260811,0.21794871794871795,0.5,0.01,0.5,0,0.6341463414634146
41,0.9,0.0,20260811,0.2608695652173913,0.5,0.01,0.5,0,0.5609756097560976
41,0.9,0.0,20260811,0.2747252747252747,0.7747252747252746,1.0,0.0,9,0.6829268292682927
41,0.9,0.0,20260811,0.1724137931034483,0.6839080459770115,1.0,1.0,3,0.7073170731707317
41,0.9,0.0,20260811,0.16666666666666666,0.6575757575757576,0.01,0.0,9,0.7317073170731707
41,0.9,0.0,20260811,0.28484848484848485,0.5,0.01,0.5,0,0.7317073170731707
41,0.9,0.0,20260811,0.5727272727272728,0.7,1.0,1.0,2,0.7317073170731707
41,0.9,0.0,20260811,0.502415458937198,0.7222222222222222,0.01,0.0,9,0.5609756097560976
41,0.9,0.0,20260811,0.19252873563218392,0.5,0.01,0.5,0,0.7073170731707317
41,0.9,0.0,20260811,0.36507936507936506,0.5,0.01,0.5,0,0.6585365853658537
41,0.9,0.0,20260811,0.5373563218390804,0.8045977011494253,0.1,0.0,9,0.7073170731707317
41,0.9,0.0,20260811,0.3461538461538462,0.6974358974358974,0.01,0.0,9,0.6341463414634146
41,0.9,0.0,20260811,0.3928571428571429,0.7142857142857143,0.01,0.0,9,0.6829268292682927
41,0.9,0.0,20260811,0.3384615384615385,0.7512820512820513,1.0,0.0,9,0.6341463414634146
41,0.9,0.0,20260811,0.3848039215686274,0.5,0.01,0.5,0,0.5853658536585366
41,0.9,0.0,20260811,0.5318627450980392,0.7892156862745099,1.0,0.0,9,0.5853658536585366
41,0.9,0.0,20260811,0.12820512820512822,0.5,0.01,0.5,0,0.6341463414634146
41,0.9,0.0,20260811,0.291005291005291,0.5,0.01,0.5,0,0.6585365853658537
41,0.9,0.0,20260811,0.3967741935483871,0.7387096774193548,0.01,0.0,9,0.7560975609756098
41,0.9,0.0,20260811,0.5238095238095238,0.8042328042328042,1.0,0.0,9,0.6585365853658537
41,0.9,0.0,20260811,0.34195402298850575,0.7183908045977011,1.0,1.0,4,0.7073170731707317
41,0.9,0.0,20260811,0.17250000000000001,0.5,0.01,0.5,0,0.6097560975609756
41,0.9,0.0,20260811,0.25,0.6725000000000001,0.01,0.0,9,0.6097560975609756
41,0.9,0.0,20260811,0.18681318681318682,0.8104395604395604,1.0,0.5,9,0.6829268292682927
41,0.9,0.0,20260811,0.09487179487179487,0.5,0.01,0.5,0,0.6341463414634146
41,0.9,0.0,20260811,0.39,0.7150000000000001,0.01,0.0,9,0.6097560975609756
41,0.9,0.0,20260811,0.47692307692307695,0.7769230769230768,1.0,0.0,9,0.6341463414634146
41,0.9,0.0,20260811,0.29861111111111116,0.5,0.01,0.5,0,0.7804878048780488
41,0.9,0.0,20260811,0.1565934065934066,0.7115384615384616,1.0,0.5,6,0.6829268292682927
41,0.9,0.0,20260811,0.45806451612903226,0.5,0.01,0.5,0,0.7560975609756098
41,0.9,0.0,20260811,0.676923076923077,0.8564102564102565,1.0,1.0,6,0.6341463414634146
41,0.9,0.0,20260811,0.43333333333333335,0.6976190476190476,0.01,0.0,9,0.5121951219512195
41,0.9,0.0,20260811,0.3277511961722488,0.5,0.01,0.5,0,0.5365853658536586
41,0.9,0.0,20260811,0.4076923076923077,0.7717948717948717,0.1,0.0,9,0.6341463414634146
41,0.9,0.0,20260811,0.3904761904761905,0.7428571428571428,0.01,0.0,9,0.4878048780487805
41,0.9,0.0,20260811,0.5636363636363636,0.8878787878787879,1.0,0.0,9,0.7317073170731707
41,0.9,0.0,20260811,0.5333333333333333,0.780952380952381,1.0,0.5,8,0.4878048780487805
41,0.9,0.0,20260811,0.24879227053140096,0.5,0.01,0.5,0,0.5609756097560976
41,0.9,0.0,20260811,0.5748792270531401,0.8623188405797101,1.0,0.0,9,0.5609756097560976
41,0.9,0.0,20260811,0.4325,0.5,0.01,0.5,0,0.6097560975609756
41,0.9,0.0,20260811,0.2794871794871795,0.7282051282051282,0.1,0.0,9,0.6341463414634146
41,0.9,0.0,20260811,0.45604395604395603,0.739010989010989,0.01,0.0,9,0.6829268292682927
41,0.9,0.0,20260811,0.24545454545454548,0.6545454545454545,0.01,0.0,9,0.7317073170731707
41,0.9,0.0,20260811,0.7128205128205127,0.8256410256410257,0.1,0.0,9,0.6341463414634146
41,0.9,0.0,20260811,0.3875598086124402,0.7392344497607656,1.0,1.0,4,0.5365853658536586
41,0.9,0.0,20260811,0.3791208791208791,0.6868131868131868,0.01,0.0,9,0.6829268292682927
41,0.9,0.0,20260811,0.5759803921568628,0.8357843137254902,1.0,0.0,9,0.5853658536585366
41,0.9,0.0,20260811,0.3349282296650718,0.6052631578947368,0.01,0.0,9,0.4634146341463415
41,0.9,0.0,20260811,0.4021164021164021,0.7486772486772487,1.0,1.0,4,0.6585365853658537
41,0.9,0.0,20260811,0.2671957671957672,0.6878306878306879,0.01,0.0,9,0.6585365853658537
41,0.9,0.0,20260811,0.31318681318681313,0.7637362637362637,0.1,0.0,9,0.6829268292682927
41,0.9,0.0,20260811,0.3,0.76,1.0,0.0,9,0.6097560975609756
41,0.9,0.0,20260811,0.34249999999999997,0.5,0.01,0.5,0,0.6097560975609756
41,0.9,0.0,20260811,0.6098901098901099,0.8736263736263736,1.0,0.0,9,0.6829268292682927
41,0.9,0.0,20260811,0.21078431372549022,0.5,0.01,0.5,0,0.5853658536585366
41,0.9,0.0,20260811,0.20689655172413793,0.5,0.01,0.5,0,0.7073170731707317
41,0.9,0.0,20260811,0.43956043956043955,0.8406593406593407,1.0,0.5,7,0.6829268292682927
41,0.9,0.0,20260811,0.37254901960784315,0.7279411764705883,0.1,0.0,9,0.5853658536585366
41,0.9,0.0,20260811,0.42105263157894735,0.6818181818181818,0.01,0.0,9,0.4634146341463415
41,0.9,0.0,20260811,0.5396825396825398,0.7433862433862434,0.01,0.0,9,0.6585365853658537
41,0.9,0.0,20260811,0.3253968253968254,0.6772486772486772,0.01,0.0,9,0.6585365853658537
41,0.9,0.0,20260811,0.3612903225806452,0.732258064516129,0.01,0.0,9,0.7560975609756098
41,0.9,0.0,20260811,0.41500000000000004,0.7925,1.0,0.0,9,0.6097560975609756
41,0.9,0.0,20260811,0.7799043062200957,0.9043062200956937,1.0,1.0,5,0.4634146341463415
41,0.9,0.0,20260811,0.566137566137566,0.6878306878306878,0.1,0.5,1,0.6585365853658537
41,0.9,0.0,20260811,0.30238095238095236,0.7261904761904762,1.0,1.0,6,0.4878048780487805
41,0.9,0.0,20260811,0.41866028708133973,0.7177033492822966,0.1,0.0,9,0.5365853658536586
41,0.9,0.0,20260811,0.4025,0.5,0.01,0.5,0,0.6097560975609756
41,0.9,0.0,20260811,0.1695402298850575,0.5,0.01,0.5,0,0.7073170731707317
41,0.9,0.0,20260811,0.48626373626373626,0.6456043956043955,0.01,0.0,9,0.6829268292682927
41,0.9,0.0,20260811,0.6352657004830917,0.7657004830917874,0.01,0.0,9,0.5609756097560976
41,0.9,0.0,20260811,0.5404761904761906,0.7595238095238095,0.1,0.0,9,0.4878048780487805
41,0.9,0.0,20260811,0.41798941798941797,0.5,0.01,0.5,0,0.6585365853658537
41,0.9,0.0,20260811,0.446969696969697,0.5,0.01,0.5,0,0.8048780487804879
41,0.9,0.0,20260811,0.4492753623188406,0.7995169082125604,1.0,0.0,9,0.5609756097560976
41,0.9,0.0,20260811,0.23500000000000001,0.5,0.01,0.5,0,0.6097560975609756
41,0.9,0.0,20260811,0.19487179487179487,0.6858974358974359,0.1,0.5,1,0.6341463414634146
41,0.9,0.0,20260811,0.5521978021978022,0.7087912087912088,0.01,0.0,9,0.6829268292682927
41,0.9,0.0,20260811,0.6053921568627451,0.8112745098039216,1.0,0.5,8,0.5853658536585366
41,0.9,0.0,20260811,0.16908212560386474,0.7101449275362318,1.0,1.0,4,0.5609756097560976
41,0.9,0.0,20260811,0.40909090909090906,0.5,0.01,0.5,0,0.5365853658536586
41,0.9,0.0,20260811,0.34770114942528735,0.5,0.01,0.5,0,0.7073170731707317
41,0.9,0.0,20260811,0.40441176470588236,0.5,0.01,0.5,0,0.5853658536585366
41,0.9,0.0,20260811,0.27499999999999997,0.5,0.01,0.5,0,0.6097560975609756
41,0.9,0.0,20260811,0.5575,0.7925,1.0,1.0,5,0.6097560975609756
41,0.9,0.0,20260811,0.6025,0.8225,1.0,1.0,6,0.6097560975609756
41,0.9,0.0,20260811,0.2575,0.76,1.0,0.0,9,0.6097560975609756
41,0.9,0.0,20260811,0.28717948717948716,0.5,0.01,0.5,0,0.6341463414634146
41,0.9,0.0,20260811,0.4725274725274725,0.7747252747252747,1.0,0.0,9,0.6829268292682927
41,0.9,0.0,20260811,0.23809523809523805,0.5,0.01,0.5,0,0.6585365853658537
41,0.9,0.0,20260811,0.3373205741626794,0.722488038277512,1.0,1.0,5,0.5365853658536586
41,0.9,0.0,20260811,0.3259803921568627,0.6004901960784315,0.01,0.0,9,0.5853658536585366
41,0.9,0.0,20260811,0.5475000000000001,0.5,0.01,0.5,0,0.6097560975609756
41,0.9,0.0,20260811,0.5700483091787439,0.7222222222222222,0.01,0.0,9,0.5609756097560976
41,0.9,0.0,20260811,0.4074074074074074,0.6772486772486772,0.01,0.0,9,0.6585365853658537
41,0.9,0.0,20260811,0.21839080459770116,0.5,0.01,0.5,0,0.7073170731707317
41,0.9,0.0,20260811,0.17857142857142858,0.7547619047619047,1.0,0.0,9,0.4878048780487805
41,0.9,0.0,20260811,0.2774725274725275,0.5,0.01,0.5,0,0.6829268292682927
41,0.9,0.0,20260811,0.4935483870967742,0.5,0.01,0.5,0,0.7560975609756098
41,0.9,0.0,20260811,0.4396135265700483,0.6714975845410628,0.01,0.0,9,0.5609756097560976
41,0.9,0.0,20260811,0.6151960784313726,0.9117647058823529,1.0,0.5,8,0.5853658536585366
41,0.9,0.0,20260811,0.35978835978835977,0.6746031746031746,0.01,0.0,9,0.6585365853658537
41,0.9,0.0,20260811,0.43121693121693117,0.6190476190476191,0.01,0.0,9,0.6585365853658537
41,0.9,0.0,20260811,0.46703296703296704,0.782967032967033,1.0,0.5,7,0.6829268292682927
41,0.9,0.0,20260811,0.39583333333333337,0.8298611111111112,1.0,1.0,5,0.7804878048780488
41,0.9,0.0,20260811,0.6645161290322581,0.8580645161290322,0.1,0.0,9,0.7560975609756098
41,0.9,0.0,20260811,0.4814814814814815,0.7698412698412698,1.0,0.5,8,0.6585365853658537
41,0.9,0.0,20260811,0.5051282051282051,0.5,0.01,0.5,0,0.6341463414634146
41,0.9,0.0,20260811,0.41534391534391535,0.5,0.01,0.5,0,0.6585365853658537
41,0.9,0.0,20260811,0.5619047619047619,0.8428571428571429,1.0,0.0,9,0.4878048780487805
41,0.9,0.0,20260811,0.3677248677248677,0.5,0.01,0.5,0,0.6585365853658537
41,0.9,0.0,20260811,0.48333333333333334,0.8071428571428572,1.0,1.0,8,0.5121951219512195
41,0.9,0.0,20260811,0.405,0.74,0.01,0.0,9,0.6097560975609756
41,0.9,0.0,20260811,0.2939560439560439,0.6483516483516484,0.01,0.0,9,0.6829268292682927
41,0.9,0.0,20260811,0.37643678160919547,0.6925287356321839,0.01,0.0,9,0.7073170731707317
41,0.9,0.0,20260811,0.30434782608695654,0.748792270531401,0.01,0.0,9,0.5609756097560976
41,0.9,0.0,20260811,0.20977011494252876,0.6379310344827586,0.01,0.0,9,0.7073170731707317
41,0.9,0.0,20260811,0.5676328502415459,0.5,0.01,0.5,0,0.5609756097560976
41,0.9,0.0,20260811,0.615,0.8425,1.0,0.0,9,0.6097560975609756
41,0.9,0.0,20260811,0.3850574712643678,0.5,0.01,0.5,0,0.7073170731707317
41,0.9,0.0,20260811,0.4076923076923077,0.7641025641025642,1.0,0.5,7,0.6341463414634146
41,0.9,0.0,20260811,0.5149999999999999,0.7949999999999999,1.0,0.0,9,0.6097560975609756
41,0.9,0.0,20260811,0.6401098901098901,0.8434065934065934,1.0,1.0,5,0.6829268292682927
41,0.9,0.0,20260811,0.38974358974358975,0.5,0.01,0.5,0,0.6341463414634146
41,0.9,0.0,20260811,0.4175824175824176,0.7747252747252747,1.0,1.0,5,0.6829268292682927
41,0.9,0.0,20260811,0.28431372549019607,0.6691176470588236,0.01,0.0,9,0.5853658536585366
41,0.9,0.0,20260811,0.5277777777777778,0.8541666666666667,1.0,0.0,9,0.7804878048780488
41,0.9,0.0,20260811,0.22820512820512825,0.617948717948718,0.01,0.0,9,0.6341463414634146
41,0.9,0.0,20260811,0.3666666666666667,0.5,0.01,0.5,0,0.6341463414634146
41,0.9,0.0,20260811,0.4641025641025641,0.6205128205128205,0.01,0.0,9,0.6341463414634146
41,0.9,0.0,20260811,0.5128205128205129,0.8128205128205128,1.0,0.0,9,0.6341463414634146
41,0.9,0.0,20260811,0.6818181818181819,0.8757575757575757,1.0,0.5,8,0.7317073170731707
41,0.9,0.0,20260811,0.24848484848484845,0.8242424242424242,1.0,1.0,7,0.7317073170731707
41,0.9,0.0,20260811,0.6129032258064516,0.8677419354838709,1.0,0.0,9,0.7560975609756098
41,0.9,0.0,20260811,0.5205128205128206,0.8538461538461539,1.0,0.0,9,0.6341463414634146
41,0.9,0.0,20260811,0.5105820105820106,0.8068783068783069,0.1,0.0,9,0.6585365853658537
41,0.9,0.0,20260811,0.23249999999999998,0.76,1.0,0.0,9,0.6097560975609756
41,0.9,0.0,20260811,0.2976190476190476,0.6238095238095238,0.01,0.0,9,0.4878048780487805
41,0.9,0.0,20260811,0.29032258064516125,0.7387096774193549,0.01,0.0,9,0.7560975609756098
41,0.9,0.0,20260811,0.25750000000000006,0.74,1.0,0.0,9,0.6097560975609756
41,0.9,0.0,20260811,0.4435897435897436,0.7435897435897436,0.1,0.0,9,0.6341463414634146
41,0.9,0.0,20260811,0.6619047619047619,0.8071428571428572,0.1,0.5,3,0.5121951219512195
41,0.9,0.0,20260811,0.41025641025641024,0.7,0.01,0.0,9,0.6341463414634146
41,0.9,0.0,20260811,0.36263736263736257,0.6373626373626373,0.01,0.0,9,0.6829268292682927
41,0.9,0.0,20260811,0.5804597701149424,0.8793103448275862,1.0,0.0,9,0.7073170731707317
41,0.9,0.0,20260811,0.4877450980392157,0.5,0.01,0.5,0,0.5853658536585366
41,0.9,0.0,20260811,0.3529411764705882,0.5,0.01,0.5,0,0.5853658536585366
41,0.9,0.0,20260811,0.39712918660287083,0.7153110047846889,1.0,1.0,6,0.4634146341463415
41,0.9,0.0,20260811,0.365,0.7849999999999999,0.1,0.0,9,0.6097560975609756
41,0.9,0.0,20260811,0.4117647058823529,0.6887254901960784,0.01,0.0,9,0.5853658536585366
41,0.9,0.0,20260811,0.603030303030303,0.8575757575757575,1.0,0.0,9,0.7317073170731707
41,0.9,0.0,20260811,0.5396825396825398,0.5,0.01,0.5,0,0.6585365853658537
41,0.9,0.0,20260811,0.3825,0.5,0.01,0.5,0,0.6097560975609756
41,0.9,0.0,20260811,0.5475,0.8025,1.0,1.0,5,0.6097560975609756
41,0.9,0.0,20260811,0.7212121212121212,0.8393939393939394,0.01,0.0,9,0.7317073170731707
41,0.9,0.0,20260811,0.3148148148148148,0.5,0.01,0.5,0,0.6585365853658537
41,0.9,0.0,20260811,0.5205128205128206,0.5,0.01,0.5,0,0.6341463414634146
41,0.9,0.0,20260811,0.4947089947089947,0.7857142857142858,1.0,0.0,9,0.6585365853658537
41,0.9,0.0,20260811,0.735,0.8925000000000001,1.0,0.0,9,0.6097560975609756
41,0.9,0.0,20260811,0.4923076923076923,0.7871794871794872,1.0,0.5,6,0.6341463414634146
41,0.9,0.0,20260811,0.19607843137254904,0.5,0.01,0.5,0,0.5853658536585366
41,0.9,0.0,20260811,0.2875,0.7975000000000001,1.0,0.0,9,0.6097560975609756
41,0.9,0.0,20260811,0.6161290322580645,0.8129032258064516,1.0,1.0,3,0.7560975609756098
41,0.9,0.0,20260811,0.5789473684210527,0.7464114832535885,0.01,0.0,9,0.5365853658536586
41,0.9,0.0,20260811,0.3588516746411483,0.6889952153110048,1.0,1.0,5,0.5365853658536586
41,0.9,0.0,20260811,0.48086124401913877,0.7775119617224882,1.0,1.0,5,0.5365853658536586
41,0.9,0.0,20260811,0.2692307692307692,0.5,0.01,0.5,0,0.6829268292682927
41,0.9,0.0,20260811,0.532258064516129,0.7129032258064516,0.01,0.0,9,0.7560975609756098
41,0.9,0.0,20260811,0.2971014492753623,0.5,0.01,0.5,0,0.5609756097560976
41,0.9,0.0,20260811,0.3708791208791209,0.6483516483516483,0.01,0.0,9,0.6829268292682927
41,0.9,0.0,20260811,0.544973544973545,0.7883597883597884,1.0,1.0,6,0.6585365853658537
41,0.9,0.0,20260811,0.3793103448275862,0.5,0.01,0.5,0,0.7073170731707317
41,0.9,0.0,20260811,0.2664835164835164,0.782967032967033,1.0,0.5,7,0.6829268292682927
41,0.9,0.0,20260811,0.285024154589372,0.5,0.01,0.5,0,0.43902439024390244
41,0.9,0.0,20260811,0.31896551724137934,0.5,0.01,0.5,0,0.7073170731707317
41,0.9,0.0,20260811,0.706060606060606,0.903030303030303,0.1,0.5,3,0.7317073170731707
41,0.9,0.0,20260811,0.2875,0.675,1.0,1.0,3,0.6097560975609756
41,0.9,0.0,20260811,0.30256410256410254,0.7089743589743589,0.1,0.5,1,0.6341463414634146
41,0.9,0.0,20260811,0.3309178743961353,0.8019323671497585,1.0,0.0,9,0.5609756097560976
41,0.9,0.0,20260811,0.35049019607843135,0.75,0.1,0.0,9,0.5853658536585366
41,0.9,0.0,20260811,0.4097222222222222,0.8402777777777778,0.1,0.0,9,0.7804878048780488
41,0.9,0.2,20260811,0.2966507177033493,0.5,0.01,0.5,0,0.5365853658536586
41,0.9,0.2,20260811,0.24401913875598089,0.7033492822966507,0.01,0.0,9,0.5365853658536586
41,0.9,0.2,20260811,0.4901960784313726,0.821078431372549,1.0,0.0,9,0.5853658536585366
41,0.9,0.2,20260811,0.5514705882352942,0.8112745098039216,1.0,0.5,6,0.5853658536585366
41,0.9,0.2,20260811,0.47750000000000004,0.7075,0.01,0.0,9,0.6097560975609756
41,0.9,0.2,20260811,0.34722222222222227,0.8090277777777778,0.01,0.0,9,0.7804878048780488
41,0.9,0.2,20260811,0.20486111111111116,0.8090277777777777,1.0,1.0,4,0.7804878048780488
41,0.9,0.2,20260811,0.3142857142857143,0.5,0.01,0.5,0,0.5121951219512195
41,0.9,0.2,20260811,0.41287878787878785,0.8674242424242424,1.0,0.0,9,0.8048780487804879
41,0.9,0.2,20260811,0.4807692307692307,0.7912087912087912,1.0,1.0,6,0.6829268292682927
41,0.9,0.2,20260811,0.646551724137931,0.8735632183908046,1.0,0.5,6,0.7073170731707317
41,0.9,0.2,20260811,0.4033816425120773,0.7826086956521738,1.0,0.0,9,0.5609756097560976
41,0.9,0.2,20260811,0.4395604395604395,0.6923076923076923,0.01,0.0,9,0.6829268292682927
41,0.9,0.2,20260811,0.6787878787878788,0.8575757575757575,0.1,0.0,9,0.7317073170731707
41,0.9,0.2,20260811,0.49487179487179495,0.6641025641025642,0.01,0.0,9,0.6341463414634146
41,0.9,0.2,20260811,0.3543956043956044,0.7032967032967034,0.01,0.0,9,0.6829268292682927
41,0.9,0.2,20260811,0.41500000000000004,0.655,0.01,0.0,9,0.6097560975609756
41,0.9,0.2,20260811,0.29696969696969694,0.5,0.01,0.5,0,0.7317073170731707
41,0.9,0.2,20260811,0.38235294117647056,0.7254901960784313,0.1,0.0,9,0.5853658536585366
41,0.9,0.2,20260811,0.3738095238095238,0.7571428571428571,1.0,1.0,6,0.4878048780487805
41,0.9,0.2,20260811,0.4877450980392157,0.7965686274509804,1.0,0.0,9,0.5853658536585366
41,0.9,0.2,20260811,0.5289855072463768,0.7053140096618358,0.01,0.0,9,0.5609756097560976
41,0.9,0.2,20260811,0.20813397129186606,0.7799043062200957,1.0,0.0,9,0.5365853658536586
41,0.9,0.2,20260811,0.3362068965517241,0.5,0.01,0.5,0,0.7073170731707317
41,0.9,0.2,20260811,0.5343915343915343,0.806878306878307,1.0,0.0,9,0.6585365853658537
41,0.9,0.2,20260811,0.27586206896551724,0.6580459770114943,0.01,0.0,9,0.7073170731707317
41,0.9,0.2,20260811,0.6363636363636364,0.8939393939393939,1.0,0.0,9,0.8048780487804879
41,0.9,0.2,20260811,0.5759803921568628,0.8161764705882354,1.0,1.0,6,0.5853658536585366
41,0.9,0.2,20260811,0.18461538461538463,0.5,0.01,0.5,0,0.6341463414634146
41,0.9,0.2,20260811,0.717948717948718,0.9153846153846154,1.0,0.0,9,0.6341463414634146
41,0.9,0.2,20260811,0.3186813186813187,0.7362637362637363,1.0,0.0,9,0.6829268292682927
41,0.9,0.2,20260811,0.3897058823529411,0.5,0.01,0.5,0,0.5853658536585366
41,0.9,0.2,20260811,0.41,0.7775000000000001,0.1,0.0,9,0.6097560975609756
41,0.9,0.2,20260811,0.4285714285714286,0.8042328042328042,0.1,0.0,9,0.6585365853658537
41,0.9,0.2,20260811,0.43103448275862066,0.7557471264367815,0.1,0.0,9,0.7073170731707317
41,0.9,0.2,20260811,0.3333333333333333,0.5,0.01,0.5,0,0.4878048780487805
41,0.9,0.2,20260811,0.517156862745098,0.8602941176470589,1.0,1.0,8,0.5853658536585366
41,0.9,0.2,20260811,0.517948717948718,0.7974358974358975,1.0,0.5,8,0.6341463414634146
41,0.9,0.2,20260811,0.427536231884058,0.6980676328502415,0.01,0.0,9,0.5609756097560976
41,0.9,0.2,20260811,0.4057971014492754,0.7536231884057971,1.0,0.0,9,0.5609756097560976
41,0.9,0.2,20260811,0.4897435897435898,0.6794871794871795,0.01,0.0,9,0.6341463414634146
41,0.9,0.2,20260811,0.2681159420289855,0.6521739130434783,0.01,0.0,9,0.5609756097560976
41,0.9,0.2,20260811,0.26666666666666666,0.7769230769230769,0.1,0.0,9,0.6341463414634146
41,0.9,0.2,20260811,0.42816091954022983,0.6982758620689656,0.01,0.0,9,0.7073170731707317
41,0.9,0.2,20260811,0.5164835164835164,0.8818681318681318,1.0,0.0,9,0.6829268292682927
41,0.9,0.2,20260811,0.2547619047619048,0.6571428571428571,0.01,0.0,9,0.5121951219512195
41,0.9,0.2,20260811,0.6063218390804598,0.9109195402298851,1.0,0.5,8,0.7073170731707317
41,0.9,0.2,20260811,0.36519607843137253,0.7475490196078431,0.01,0.0,9,0.5853658536585366
41,0.9,0.2,20260811,0.43131868131868134,0.6703296703296704,0.01,0.0,9,0.6829268292682927
41,0.9,0.2,20260811,0.6137566137566137,0.8227513227513228,1.0,1.0,5,0.6585365853658537
41,0.9,0.2,20260811,0.33492822966507174,0.5,0.01,0.5,0,0.4634146341463415
41,0.9,0.2,20260811,0.4806763285024155,0.7946859903381642,0.1,0.0,9,0.5609756097560976
41,0.9,0.2,20260811,0.45402298850574707,0.6954022988505747,0.1,0.0,9,0.7073170731707317
41,0.9,0.2,20260811,0.445,0.755,1.0,1.0,4,0.6097560975609756
41,0.9,0.2,20260811,0.46568627450980393,0.7573529411764706,0.1,0.0,9,0.5853658536585366
41,0.9,0.2,20260811,0.5846153846153846,0.8692307692307693,1.0,0.0,9,0.6341463414634146
41,0.9,0.2,20260811,0.535,0.8500000000000001,1.0,0.5,8,0.6097560975609756
41,0.9,0.2,20260811,0.49206349206349204,0.5,0.01,0.5,0,0.6585365853658537
41,0.9,0.2,20260811,0.7,0.8047619047619047,0.01,0.0,9,0.5121951219512195
41,0.9,0.2,20260811,0.45693779904306225,0.6459330143540669,0.01,0.0,9,0.5365853658536586
41,0.9,0.2,20260811,0.3142857142857143,0.6523809523809524,1.0,1.0,4,0.5121951219512195
41,0.9,0.2,20260811,0.4685990338164251,0.8043478260869565,1.0,0.0,9,0.5609756097560976
41,0.9,0.2,20260811,0.35151515151515156,0.7181818181818183,0.01,0.0,9,0.7317073170731707
41,0.9,0.2,20260811,0.48563218390804597,0.7844827586206897,1.0,0.5,6,0.7073170731707317
41,0.9,0.2,20260811,0.5316091954022989,0.807471264367816,1.0,1.0,7,0.7073170731707317
41,0.9,0.2,20260811,0.5700000000000001,0.765,0.01,0.0,9,0.6097560975609756
41,0.9,0.2,20260811,0.26774193548387093,0.5,0.01,0.5,0,0.7560975609756098
41,0.9,0.2,20260811,0.5897435897435896,0.8333333333333334,1.0,0.5,8,0.6341463414634146
41,0.9,0.2,20260811,0.4818181818181818,0.7666666666666666,1.0,1.0,4,0.7317073170731707
41,0.9,0.2,20260811,0.4282051282051282,0.7256410256410256,1.0,1.0,5,0.6341463414634146
41,0.9,0.2,20260811,0.6031746031746033,0.7764550264550265,0.1,0.5,2,0.6585365853658537
41,0.9,0.2,20260811,0.6267942583732058,0.8564593301435406,1.0,0.0,9,0.4634146341463415
41,0.9,0.2,20260811,0.45128205128205134,0.5,0.01,0.5,0,0.6341463414634146
41,0.9,0.2,20260811,0.425287356321839,0.7844827586206896,0.01,0.0,9,0.7073170731707317
41,0.9,0.2,20260811,0.4368131868131868,0.7335164835164836,0.01,0.0,9,0.6829268292682927
41,0.9,0.2,20260811,0.16758241758241757,0.5,0.01,0.5,0,0.6829268292682927
41,0.9,0.2,20260811,0.5919540229885057,0.7471264367816092,1.0,1.0,3,0.7073170731707317
41,0.9,0.2,20260811,0.5357142857142857,0.7939560439560439,0.1,0.0,9,0.6829268292682927
41,0.9,0.2,20260811,0.4312169312169312,0.701058201058201,0.01,0.0,9,0.6585365853658537
41,0.9,0.2,20260811,0.4417989417989418,0.6931216931216931,0.01,0.0,9,0.6585365853658537
41,0.9,0.2,20260811,0.5634920634920635,0.5,0.01,0.5,0,0.6585365853658537
41,0.9,0.2,20260811,0.3774509803921569,0.7573529411764706,1.0,0.5,9,0.5853658536585366
41,0.9,0.2,20260811,0.505,0.7350000000000001,0.1,0.5,1,0.6097560975609756
41,0.9,0.2,20260811,0.5948717948717949,0.8333333333333333,0.1,0.0,9,0.6341463414634146
41,0.9,0.2,20260811,0.33225806451612905,0.6870967741935484,0.01,0.0,9,0.7560975609756098
41,0.9,0.2,20260811,0.235632183908046,0.5,0.01,0.5,0,0.7073170731707317
41,0.9,0.2,20260811,0.19696969696969693,0.7636363636363637,0.01,0.0,9,0.7317073170731707
41,0.9,0.2,20260811,0.29047619047619044,0.5,0.01,0.5,0,0.5121951219512195
41,0.9,0.2,20260811,0.2922705314009662,0.5,0.01,0.5,0,0.43902439024390244
41,0.9,0.2,20260811,0.7105263157894737,0.8564593301435407,1.0,0.0,9,0.5365853658536586
41,0.9,0.2,20260811,0.4396135265700483,0.7995169082125605,1.0,0.5,8,0.5609756097560976
41,0.9,0.2,20260811,0.3529411764705882,0.6446078431372549,0.01,0.0,9,0.4146341463414634
41,0.9,0.2,20260811,0.3820512820512821,0.6410256410256411,0.01,0.0,9,0.6341463414634146
41,0.9,0.2,20260811,0.2833333333333333,0.5,0.01,0.5,0,0.5121951219512195
41,0.9,0.2,20260811,0.319047619047619,0.6761904761904761,1.0,1.0,4,0.5121951219512195
41,0.9,0.2,20260811,0.255,0.625,0.01,0.0,9,0.6097560975609756
41,0.9,0.2,20260811,0.358974358974359,0.5,0.01,0.5,0,0.6341463414634146
41,0.9,0.2,20260811,0.3695652173913044,0.6787439613526569,0.01,0.0,9,0.5609756097560976
41,0.9,0.2,20260811,0.39371980676328505,0.7415458937198068,1.0,0.0,9,0.43902439024390244
41,0.9,0.2,20260811,0.4878787878787879,0.6848484848484848,0.01,0.0,9,0.7317073170731707
41,0.9,0.2,20260811,0.6225490196078431,0.7205882352941176,0.01,0.0,9,0.5853658536585366
41,0.9,0.2,20260811,0.40109890109890106,0.5,0.01,0.5,0,0.6829268292682927
41,0.9,0.2,20260811,0.5631868131868132,0.9065934065934065,1.0,0.0,9,0.6829268292682927
41,0.9,0.2,20260811,0.5373563218390804,0.778735632183908,0.01,0.0,9,0.7073170731707317
41,0.9,0.2,20260811,0.1715686274509804,0.6715686274509803,0.01,0.0,9,0.5853658536585366
41,0.9,0.2,20260811,0.4138755980861244,0.6913875598086124,0.01,0.0,9,0.4634146341463415
41,0.9,0.2,20260811,0.1758241758241758,0.5,0.01,0.5,0,0.6829268292682927
41,0.9,0.2,20260811,0.4461538461538462,0.8102564102564103,1.0,0.5,7,0.6341463414634146
41,0.9,0.2,20260811,0.5272727272727273,0.7272727272727273,0.01,0.0,9,0.7317073170731707
41,0.9,0.2,20260811,0.4303030303030303,0.803030303030303,1.0,0.0,9,0.7317073170731707
41,0.9,0.2,20260811,0.5343915343915344,0.7724867724867726,0.1,0.0,9,0.6585365853658537
41,0.9,0.2,20260811,0.18406593406593405,0.5,0.01,0.5,0,0.6829268292682927
41,0.9,0.2,20260811,0.3791208791208791,0.5,0.01,0.5,0,0.6829268292682927
41,0.9,0.2,20260811,0.5258064516129032,0.8225806451612903,1.0,0.5,8,0.7560975609756098
41,0.9,0.2,20260811,0.5669856459330144,0.8038277511961723,0.1,0.0,9,0.5365853658536586
41,0.9,0.2,20260811,0.5430622009569378,0.8444976076555023,1.0,0.0,9,0.5365853658536586
41,0.9,0.2,20260811,0.47878787878787876,0.5,0.01,0.5,0,0.7317073170731707
41,0.9,0.2,20260811,0.5225806451612903,0.6516129032258065,0.01,0.0,9,0.7560975609756098
41,0.9,0.2,20260811,0.7057416267942583,0.8875598086124402,1.0,1.0,6,0.5365853658536586
41,0.9,0.2,20260811,0.22126436781609196,0.5,0.01,0.5,0,0.7073170731707317
41,0.9,0.2,20260811,0.3143939393939394,0.8219696969696969,0.1,0.0,9,0.8048780487804879
41,0.9,0.2,20260811,0.4307692307692308,0.7282051282051282,1.0,0.5,5,0.6341463414634146
41,0.9,0.2,20260811,0.2435897435897436,0.7435897435897436,0.1,0.0,9,0.6341463414634146
41,0.9,0.2,20260811,0.4867724867724868,0.8518518518518519,1.0,0.0,9,0.6585365853658537
41,0.9,0.2,20260811,0.3544973544973545,0.6984126984126984,0.01,0.0,9,0.6585365853658537
41,0.9,0.2,20260811,0.21153846153846154,0.5,0.01,0.5,0,0.6829268292682927
41,0.9,0.2,20260811,0.7445054945054945,0.9285714285714286,1.0,0.0,9,0.6829268292682927
41,0.9,0.2,20260811,0.665,0.875,1.0,0.0,9,0.6097560975609756
41,0.9,0.2,20260811,0.6318681318681318,0.8434065934065935,1.0,0.0,9,0.6829268292682927
41,0.9,0.2,20260811,0.3870967741935484,0.7741935483870968,1.0,0.5,6,0.7560975609756098
41,0.9,0.2,20260811,0.3225,0.5,0.01,0.5,0,0.6097560975609756
41,0.9,0.2,20260811,0.21794871794871795,0.5,0.01,0.5,0,0.6341463414634146
41,0.9,0.2,20260811,0.4175824175824176,0.7005494505494505,0.01,0.0,9,0.6829268292682927
41,0.9,0.2,20260811,0.6564102564102564,0.8179487179487179,0.1,0.5,3,0.6341463414634146
41,0.9,0.2,20260811,0.3357487922705314,0.7874396135265701,0.1,0.0,9,0.5609756097560976
41,0.9,0.2,20260811,0.34558823529411764,0.7352941176470589,0.1,0.0,9,0.5853658536585366
41,0.9,0.2,20260811,0.2794871794871795,0.5,0.01,0.5,0,0.6341463414634146
41,0.9,0.2,20260811,0.2175,0.665,0.01,0.0,9,0.6097560975609756
41,0.9,0.2,20260811,0.4449760765550239,0.700956937799043,0.01,0.0,9,0.4634146341463415
41,0.9,0.2,20260811,0.5974358974358974,0.732051282051282,1.0,1.0,2,0.6341463414634146
41,0.9,0.2,20260811,0.45652173913043476,0.6545893719806763,0.01,0.0,9,0.5609756097560976
41,0.9,0.2,20260811,0.29022988505747127,0.5,0.01,0.5,0,0.7073170731707317
41,0.9,0.2,20260811,0.515,0.5,0.01,0.5,0,0.6097560975609756
41,0.9,0.2,20260811,0.40934065934065933,0.5,0.01,0.5,0,0.6829268292682927
41,0.9,0.2,20260811,0.4897435897435898,0.767948717948718,0.1,0.5,2,0.6341463414634146
41,0.9,0.2,20260811,0.43095238095238086,0.7404761904761905,0.1,0.0,9,0.5121951219512195
41,0.9,0.2,20260811,0.373015873015873,0.6957671957671958,0.01,0.0,9,0.6585365853658537
41,0.9,0.2,20260811,0.42401960784313725,0.6495098039215685,0.01,0.0,9,0.5853658536585366
41,0.9,0.2,20260811,0.2894736842105263,0.6435406698564593,0.01,0.0,9,0.5365853658536586
41,0.9,0.2,20260811,0.47,0.7175,1.0,0.5,6,0.6097560975609756
41,0.9,0.2,20260811,0.5102564102564102,0.7076923076923077,0.1,0.5,1,0.6341463414634146
41,0.9,0.2,20260811,0.7999999999999999,0.9307692307692308,1.0,1.0,4,0.6341463414634146
41,0.9,0.2,20260811,0.278735632183908,0.6580459770114943,0.1,0.0,9,0.7073170731707317
41,0.9,0.2,20260811,0.5338164251207729,0.7415458937198068,0.1,0.5,2,0.5609756097560976
41,0.9,0.2,20260811,0.4380952380952381,0.7214285714285714,0.01,0.0,9,0.5121951219512195
41,0.9,0.2,20260811,0.566137566137566,0.8544973544973544,1.0,0.0,9,0.6585365853658537
41,0.9,0.2,20260811,0.3835978835978836,0.67989417989418,0.01,0.0,9,0.6585365853658537
41,0.9,0.2,20260811,0.5869565217391304,0.7246376811594203,0.1,0.0,9,0.5609756097560976
41,0.9,0.2,20260811,0.6,0.769047619047619,0.1,0.0,9,0.5121951219512195
41,0.9,0.2,20260811,0.19761904761904764,0.5,0.01,0.5,0,0.4878048780487805
41,0.9,0.2,20260811,0.48677248677248675,0.7037037037037037,0.01,0.0,9,0.6585365853658537
41,0.9,0.2,20260811,0.1349206349206349,0.5,0.01,0.5,0,0.6585365853658537
41,0.9,0.2,20260811,0.5582010582010581,0.8121693121693122,0.1,0.0,9,0.6585365853658537
41,0.9,0.2,20260811,0.22486772486772486,0.5,0.01,0.5,0,0.6585365853658537
41,0.9,0.2,20260811,0.5175000000000001,0.8274999999999999,1.0,1.0,5,0.6097560975609756
41,0.9,0.2,20260811,0.4161290322580645,0.7516129032258064,0.1,0.0,9,0.7560975609756098
41,0.9,0.2,20260811,0.5632183908045977,0.7959770114942529,0.1,0.0,9,0.7073170731707317
41,0.9,0.2,20260811,0.3983516483516483,0.5,0.01,0.5,0,0.6829268292682927
41,0.9,0.2,20260811,0.39761904761904765,0.7690476190476191,1.0,0.0,9,0.5121951219512195
41,0.9,0.2,20260811,0.17942583732057416,0.5,0.01,0.5,0,0.5365853658536586
41,0.9,0.2,20260811,0.1967741935483871,0.6451612903225806,0.01,0.0,9,0.7560975609756098
41,0.9,0.2,20260811,0.4877450980392157,0.696078431372549,0.01,0.0,9,0.5853658536585366
41,0.9,0.2,20260811,0.32539682539682535,0.8148148148148148,1.0,0.0,9,0.6585365853658537
41,0.9,0.2,20260811,0.49500000000000005,0.5,0.01,0.5,0,0.6097560975609756
41,0.9,0.2,20260811,0.46153846153846156,0.7719780219780221,1.0,0.0,9,0.6829268292682927
41,0.9,0.2,20260811,0.2327586206896552,0.5,0.01,0.5,0,0.7073170731707317
41,0.9,0.2,20260811,0.3761904761904762,0.661904761904762,0.01,0.0,9,0.4878048780487805
41,0.9,0.2,20260811,0.26315789473684215,0.7942583732057417,1.0,0.5,8,0.5365853658536586
41,0.9,0.2,20260811,0.36749999999999994,0.5,0.01,0.5,0,0.6097560975609756
41,0.9,0.2,20260811,0.49206349206349204,0.6164021164021165,0.01,0.0,9,0.6585365853658537
41,0.9,0.2,20260811,0.3967741935483871,0.6935483870967742,0.01,0.0,9,0.7560975609756098
41,0.9,0.2,20260811,0.6857142857142857,0.7666666666666667,0.01,0.0,9,0.5121951219512195
41,0.9,0.2,20260811,0.1935483870967742,0.5,0.01,0.5,0,0.7560975609756098
41,0.9,0.2,20260811,0.5343915343915344,0.8280423280423281,1.0,1.0,6,0.6585365853658537
41,0.9,0.2,20260811,0.37912087912087905,0.7307692307692307,0.1,0.0,9,0.6829268292682927
41,0.9,0.2,20260811,0.6519607843137254,0.7916666666666666,0.1,0.0,9,0.5853658536585366
41,0.9,0.2,20260811,0.617948717948718,0.876923076923077,1.0,0.0,9,0.6341463414634146
41,0.9,0.2,20260811,0.1606060606060606,0.8181818181818182,1.0,1.0,6,0.7317073170731707
41,0.9,0.2,20260811,0.6176470588235294,0.8235294117647058,1.0,1.0,6,0.5853658536585366
41,0.9,0.2,20260811,0.5615384615384615,0.8256410256410256,0.1,0.0,9,0.6341463414634146
41,0.9,0.2,20260811,0.3936781609195402,0.603448275862069,0.01,0.0,9,0.7073170731707317
41,0.9,0.2,20260811,0.5082417582417582,0.7266483516483517,0.1,0.5,1,0.6829268292682927
41,0.9,0.2,20260811,0.20574162679425836,0.7248803827751196,1.0,0.5,7,0.5365853658536586
41,0.9,0.2,20260811,0.2586206896551724,0.8591954022988505,1.0,0.0,9,0.7073170731707317
41,0.9,0.2,20260811,0.8181818181818181,0.9121212121212121,1.0,0.0,9,0.7317073170731707
41,0.9,0.2,20260811,0.6397058823529412,0.8112745098039216,0.1,0.5,4,0.5853658536585366
41,0.9,0.2,20260811,0.5367647058823529,0.7549019607843137,0.1,0.5,2,0.5853658536585366
41,0.9,0.2,20260811,0.3835978835978836,0.5,0.01,0.5,0,0.6585365853658537
41,0.9,0.2,20260811,0.3112745098039216,0.667892156862745,0.1,0.5,1,0.5853658536585366
41,0.9,0.2,20260811,0.4242424242424243,0.7212121212121212,0.01,0.0,9,0.7317073170731707
41,0.9,0.2,20260811,0.7777777777777778,0.917989417989418,1.0,1.0,6,0.6585365853658537
41,0.9,0.2,20260811,0.22527472527472525,0.5,0.01,0.5,0,0.6829268292682927
41,0.9,0.2,20260811,0.32057416267942584,0.5,0.01,0.5,0,0.5365853658536586
41,0.9,0.2,20260811,0.603448275862069,0.7873563218390804,0.01,0.0,9,0.7073170731707317
41,0.9,0.2,20260811,0.4232804232804233,0.7222222222222222,0.01,0.0,9,0.6585365853658537
41,0.9,0.2,20260811,0.39950980392156865,0.6617647058823529,0.01,0.0,9,0.5853658536585366
41,0.9,0.2,20260811,0.6428571428571429,0.7032967032967032,0.1,0.5,1,0.6829268292682927
41,0.9,0.2,20260811,0.6178160919540229,0.9080459770114944,1.0,0.0,9,0.7073170731707317
41,0.9,0.2,20260811,0.4973544973544973,0.7513227513227513,0.01,0.0,9,0.6585365853658537
41,0.9,0.2,20260811,0.3201058201058201,0.7142857142857143,0.01,0.0,9,0.6585365853658537
41,0.9,0.2,20260811,0.33597883597883593,0.6375661375661376,0.01,0.0,9,0.6585365853658537
41,0.9,0.2,20260811,0.5275000000000001,0.8250000000000001,1.0,0.0,9,0.6097560975609756
41,0.9,0.2,20260811,0.5382775119617225,0.7799043062200957,1.0,0.5,6,0.5365853658536586
41,0.9,0.2,20260811,0.4339080459770115,0.7471264367816093,1.0,1.0,4,0.7073170731707317
41,0.9,0.2,20260811,0.44607843137254904,0.5,0.01,0.5,0,0.5853658536585366
41,0.9,0.2,20260811,0.49743589743589745,0.7923076923076924,1.0,1.0,5,0.6341463414634146
41,0.9,0.2,20260811,0.47126436781609193,0.8045977011494253,1.0,0.0,9,0.7073170731707317
41,0.9,0.2,20260811,0.11538461538461539,0.5,0.01,0.5,0,0.6341463414634146
41,0.9,0.2,20260811,0.4384615384615385,0.7923076923076924,1.0,0.0,9,0.6341463414634146
41,0.9,0.2,20260811,0.5502392344497608,0.7834928229665071,0.1,0.5,3,0.5365853658536586
41,0.9,0.2,20260811,0.47089947089947093,0.5,0.01,0.5,0,0.6585365853658537
41,0.9,0.2,20260811,0.5095693779904307,0.7894736842105263,1.0,0.5,6,0.5365853658536586
41,0.9,0.2,20260811,0.5,0.5,0.01,0.5,0,0.5365853658536586
41,0.9,0.2,20260811,0.2598039215686274,0.7303921568627452,1.0,0.0,9,0.5853658536585366
41,0.9,0.2,20260811,0.47692307692307695,0.7538461538461538,1.0,1.0,4,0.6341463414634146
41,0.9,0.2,20260811,0.3564593301435407,0.5,0.01,0.5,0,0.5365853658536586
41,0.9,0.2,20260811,0.35714285714285715,0.5,0.01,0.5,0,0.6829268292682927
41,0.9,0.2,20260811,0.4976190476190476,0.6738095238095239,0.01,0.0,9,0.4878048780487805
41,0.9,0.2,20260811,0.5588235294117647,0.5,0.01,0.5,0,0.5853658536585366
41,0.9,0.2,20260811,0.32471264367816094,0.5,0.01,0.5,0,0.7073170731707317
41,0.9,0.2,20260811,0.25,0.6985294117647058,0.01,0.0,9,0.5853658536585366
41,0.9,0.2,20260811,0.505,0.7875000000000001,1.0,0.5,6,0.6097560975609756
41,0.9,0.2,20260811,0.5515151515151515,0.8606060606060606,1.0,0.0,9,0.7317073170731707
41,0.9,0.2,20260811,0.10057471264367818,0.5,0.01,0.5,0,0.7073170731707317
41,0.9,0.2,20260811,0.4181818181818182,0.5,0.01,0.5,0,0.7317073170731707
41,0.9,0.2,20260811,0.4205128205128205,0.7538461538461538,0.1,0.0,9,0.6341463414634146
41,0.9,0.2,20260811,0.3880952380952381,0.5,0.01,0.5,0,0.4878048780487805
41,0.9,0.2,20260811,0.49516908212560384,0.7536231884057971,0.01,0.0,9,0.5609756097560976
41,0.9,0.2,20260811,0.36923076923076925,0.5,0.01,0.5,0,0.6341463414634146
41,0.9,0.2,20260811,0.19090909090909092,0.5,0.01,0.5,0,0.7317073170731707
41,0.9,0.2,20260811,0.46135265700483086,0.5,0.01,0.5,0,0.5609756097560976
41,0.9,0.2,20260811,0.5525,0.78,1.0,0.5,7,0.6097560975609756
41,0.9,0.2,20260811,0.2971014492753623,0.7101449275362318,0.1,0.5,2,0.43902439024390244
41,0.9,0.2,20260811,0.47883597883597884,0.7089947089947091,0.01,0.0,9,0.6585365853658537
41,0.9,0.2,20260811,0.6096774193548387,0.8032258064516129,1.0,1.0,4,0.7560975609756098
41,0.9,0.2,20260811,0.34391534391534395,0.5,0.01,0.5,0,0.6585365853658537
41,0.9,0.2,20260811,0.6666666666666667,0.9025641025641026,1.0,0.0,9,0.6341463414634146
41,0.9,0.2,20260811,0.23284313725490194,0.6446078431372549,0.01,0.0,9,0.4146341463414634
41,0.9,0.2,20260811,0.49230769230769234,0.617948717948718,0.01,0.0,9,0.6341463414634146
41,0.9,0.2,20260811,0.5977011494252874,0.8735632183908046,0.1,0.0,9,0.7073170731707317
41,0.9,0.2,20260811,0.34688995215311,0.7105263157894737,0.1,0.0,9,0.4634146341463415
41,0.9,0.2,20260811,0.4109195402298851,0.7155172413793103,0.01,0.0,9,0.7073170731707317
41,0.9,0.2,20260811,0.6047619047619047,0.7452380952380953,0.01,0.0,9,0.5121951219512195
41,0.9,0.2,20260811,0.44,0.6887500000000001,0.1,0.5,1,0.6097560975609756
41,0.9,0.2,20260811,0.43333333333333335,0.8363636363636364,1.0,1.0,7,0.7317073170731707
41,0.9,0.2,20260811,0.41666666666666663,0.8017241379310345,1.0,0.0,9,0.7073170731707317
41,0.9,0.2,20260811,0.5363636363636364,0.8060606060606061,1.0,0.5,8,0.7317073170731707
41,0.9,0.2,20260811,0.28571428571428575,0.6285714285714286,0.01,0.0,9,0.5121951219512195
41,0.9,0.2,20260811,0.49470899470899476,0.8227513227513228,1.0,1.0,7,0.6585365853658537
41,0.9,0.2,20260811,0.6451612903225807,0.7838709677419355,0.1,0.0,9,0.7560975609756098
41,0.9,0.2,20260811,0.565,0.7375,0.01,0.0,9,0.6097560975609756
41,0.9,0.2,20260811,0.2619047619047619,0.5,0.01,0.5,0,0.6585365853658537
41,0.9,0.2,20260811,0.4894179894179894,0.7222222222222222,0.01,0.0,9,0.6585365853658537
41,0.9,0.2,20260811,0.6159420289855072,0.785024154589372,1.0,1.0,4,0.5609756097560976
41,0.9,0.2,20260811,0.42582417582417575,0.5,0.01,0.5,0,0.6829268292682927
41,0.9,0.2,20260811,0.26749999999999996,0.5,0.01,0.5,0,0.6097560975609756
41,0.9,0.2,20260811,0.4835164835164834,0.8269230769230769,1.0,0.0,9,0.6829268292682927
41,0.9,0.2,20260811,0.5239234449760766,0.7177033492822966,0.01,0.0,9,0.5365853658536586
41,0.9,0.2,20260811,0.6974358974358975,0.8743589743589744,0.1,0.0,9,0.6341463414634146
41,0.9,0.2,20260811,0.09,0.5,0.01,0.5,0,0.6097560975609756
41,0.9,0.2,20260811,0.755,0.935,1.0,0.0,9,0.6097560975609756
41,0.9,0.2,20260811,0.5294117647058824,0.8357843137254902,1.0,0.0,9,0.5853658536585366
41,0.9,0.2,20260811,0.6925,0.8975,1.0,1.0,7,0.6097560975609756
41,0.9,0.2,20260811,0.2475,0.5,0.01,0.5,0,0.6097560975609756
41,0.9,0.2,20260811,0.20999999999999996,0.72,1.0,1.0,5,0.6097560975609756
41,0.9,0.2,20260811,0.30256410256410254,0.6615384615384615,0.01,0.0,9,0.6341463414634146
41,0.9,0.2,20260811,0.4603174603174603,0.7460317460317459,0.1,0.5,3,0.6585365853658537
41,0.9,0.2,20260811,0.45329670329670324,0.7362637362637363,0.1,0.5,1,0.6829268292682927
41,0.9,0.2,20260811,0.3872549019607843,0.7426470588235294,1.0,0.0,9,0.5853658536585366
41,0.9,0.2,20260811,0.3626373626373626,0.5,0.01,0.5,0,0.6829268292682927
41,0.9,0.2,20260811,0.4758454106280193,0.8285024154589372,1.0,0.0,9,0.5609756097560976
41,0.9,0.2,20260811,0.3548387096774193,0.7580645161290323,0.1,0.5,1,0.7560975609756098
41,0.9,0.2,20260811,0.3846153846153846,0.5,0.01,0.5,0,0.6341463414634146
41,0.9,0.2,20260811,0.37559808612440193,0.7464114832535884,1.0,1.0,5,0.5365853658536586
41,0.9,0.2,20260811,0.6674641148325358,0.84688995215311,0.1,0.5,4,0.4634146341463415
41,0.9,0.2,20260811,0.49749999999999994,0.73,0.01,0.0,9,0.6097560975609756
41,0.9,0.2,20260811,0.155,0.6924999999999999,0.1,0.0,9,0.6097560975609756
41,0.9,0.2,20260811,0.3115942028985507,0.6135265700483092,0.01,0.0,9,0.5609756097560976
41,0.9,0.2,20260811,0.35128205128205126,0.5,0.01,0.5,0,0.6341463414634146
41,0.9,0.2,20260811,0.3936781609195402,0.5,0.01,0.5,0,0.7073170731707317
41,0.9,0.2,20260811,0.39230769230769236,0.6897435897435897,0.01,0.0,9,0.6341463414634146
41,0.9,0.2,20260811,0.6220095693779905,0.7751196172248803,1.0,1.0,4,0.5365853658536586
41,0.9,0.2,20260811,0.37087912087912084,0.6895604395604396,0.01,0.0,9,0.6829268292682927
41,0.9,0.2,20260811,0.5151515151515151,0.7787878787878788,0.1,0.0,9,0.7317073170731707
41,0.9,0.2,20260811,0.5384615384615384,0.791025641025641,0.1,0.5,2,0.6341463414634146
41,0.9,0.2,20260811,0.2857142857142857,0.5,0.01,0.5,0,0.5121951219512195
41,0.9,0.2,20260811,0.26373626373626374,0.5,0.01,0.5,0,0.6829268292682927
41,0.9,0.2,20260811,0.4697802197802198,0.7939560439560439,1.0,0.5,8,0.6829268292682927
41,0.9,0.2,20260811,0.6609195402298851,0.7931034482758621,0.01,0.0,9,0.7073170731707317
41,0.9,0.2,20260811,0.335,0.755,1.0,1.0,5,0.6097560975609756
41,0.9,0.2,20260811,0.16969696969696965,0.696969696969697,0.01,0.0,9,0.7317073170731707
41,0.9,0.2,20260811,0.5384615384615384,0.7445054945054945,0.01,0.0,9,0.6829268292682927
41,0.9,0.2,20260811,0.05459770114942528,0.7557471264367817,1.0,0.0,9,0.7073170731707317
41,0.9,0.2,20260811,0.3941798941798942,0.6666666666666667,0.01,0.0,9,0.6585365853658537
41,0.9,0.2,20260811,0.3888888888888889,0.783068783068783,1.0,0.5,7,0.6585365853658537
41,0.9,0.2,20260811,0.46703296703296704,0.7335164835164836,0.1,0.0,9,0.6829268292682927
41,0.9,0.2,20260811,0.5538461538461539,0.8076923076923077,1.0,0.0,9,0.6341463414634146
41,0.9,0.2,20260811,0.565,0.845,1.0,0.5,6,0.6097560975609756
41,0.9,0.2,20260811,0.3375,0.6825,0.01,0.0,9,0.6097560975609756
41,0.9,0.2,20260811,0.3717948717948718,0.6641025641025641,0.01,0.0,9,0.6341463414634146
41,0.9,0.2,20260811,0.7380952380952381,0.9074074074074074,0.01,0.0,9,0.6585365853658537
41,0.9,0.2,20260811,0.2952380952380953,0.5,0.01,0.5,0,0.4878048780487805
41,0.9,0.2,20260811,0.20899470899470898,0.5,0.01,0.5,0,0.6585365853658537
41,0.9,0.2,20260811,0.5743589743589743,0.8512820512820514,1.0,0.0,9,0.6341463414634146
41,0.9,0.2,20260811,0.3435897435897436,0.5,0.01,0.5,0,0.6341463414634146
41,0.9,0.2,20260811,0.5076923076923077,0.7333333333333334,0.01,0.0,9,0.6341463414634146
41,0.9,0.2,20260811,0.3547619047619047,0.5,0.01,0.5,0,0.5121951219512195
41,0.9,0.2,20260811,0.4367816091954023,0.5,0.01,0.5,0,0.7073170731707317
41,0.9,0.2,20260811,0.4128205128205128,0.7794871794871794,1.0,1.0,4,0.6341463414634146
41,0.9,0.2,20260811,0.30423280423280424,0.8095238095238094,1.0,1.0,4,0.6585365853658537
41,0.9,0.2,20260811,0.325,0.7475,1.0,0.0,9,0.6097560975609756
41,0.9,0.2,20260811,0.2320574162679426,0.65311004784689,0.01,0.0,9,0.5365853658536586
41,0.9,0.2,20260811,0.4205128205128206,0.7025641025641025,0.01,0.0,9,0.6341463414634146
41,0.9,0.2,20260811,0.37,0.6525000000000001,0.01,0.0,9,0.6097560975609756
41,0.9,0.2,20260811,0.42328042328042326,0.6375661375661376,0.01,0.0,9,0.6585365853658537
41,0.9,0.2,20260811,0.14655172413793105,0.5,0.01,0.5,0,0.7073170731707317
41,0.9,0.2,20260811,0.554945054945055,0.7747252747252747,0.01,0.0,9,0.6829268292682927
41,0.9,0.2,20260811,0.25,0.5,0.01,0.5,0,0.5121951219512195
41,0.9,0.2,20260811,0.3439153439153439,0.6798941798941799,0.01,0.0,9,0.6585365853658537
41,0.9,0.2,20260811,0.5,0.7897435897435897,0.1,0.0,9,0.6341463414634146
41,0.9,0.2,20260811,0.6149425287356322,0.8477011494252873,1.0,0.0,9,0.7073170731707317
41,0.9,0.2,20260811,0.4095238095238095,0.6666666666666667,0.01,0.0,9,0.5121951219512195
41,0.9,0.2,20260811,0.23589743589743586,0.6923076923076923,0.01,0.0,9,0.6341463414634146
41,0.9,0.2,20260811,0.7320574162679426,0.8851674641148326,1.0,0.0,9,0.5365853658536586
41,0.9,0.2,20260811,0.2990196078431372,0.7205882352941176,1.0,0.0,9,0.5853658536585366
41,0.9,0.2,20260811,0.39705882352941174,0.6740196078431373,0.1,0.5,1,0.5853658536585366
41,0.9,0.2,20260811,0.6047619047619048,0.7476190476190475,0.01,0.0,9,0.5121951219512195
41,0.9,0.2,20260811,0.554945054945055,0.6648351648351648,0.01,0.0,9,0.6829268292682927
41,0.9,0.2,20260811,0.6944444444444445,0.861111111111111,0.1,0.5,2,0.7804878048780488
41,0.9,0.2,20260811,0.1575,0.7875000000000001,1.0,1.0,5,0.6097560975609756
41,0.9,0.2,20260811,0.6470588235294118,0.7745098039215687,0.1,0.0,9,0.5853658536585366
41,0.9,0.2,20260811,0.5380952380952381,0.8547619047619047,1.0,0.0,9,0.5121951219512195
41,0.9,0.2,20260811,0.45169082125603865,0.7657004830917874,0.01,0.0,9,0.5609756097560976
41,0.9,0.2,20260811,0.43333333333333335,0.7095238095238094,0.01,0.0,9,0.5121951219512195
41,0.9,0.2,20260811,0.5952380952380953,0.8015873015873015,0.1,0.0,9,0.6585365853658537
41,0.9,0.2,20260811,0.455026455026455,0.7830687830687831,0.1,0.0,9,0.6585365853658537
41,0.9,0.2,20260811,0.34656084656084657,0.5,0.01,0.5,0,0.6585365853658537
41,0.9,0.2,20260811,0.5714285714285714,0.8404761904761904,1.0,0.0,9,0.5121951219512195
41,0.9,0.2,20260811,0.31025641025641026,0.6846153846153846,0.01,0.0,9,0.6341463414634146
41,0.9,0.2,20260811,0.7252747252747253,0.8956043956043955,1.0,0.5,6,0.6829268292682927
41,0.9,0.2,20260811,0.28974358974358977,0.7102564102564104,0.1,0.0,9,0.6341463414634146
41,0.9,0.2,20260811,0.5025000000000001,0.7225,0.01,0.0,9,0.6097560975609756
41,0.9,0.2,20260811,0.5974358974358973,0.8615384615384616,1.0,0.0,9,0.6341463414634146
41,0.9,0.2,20260811,0.35,0.5,0.01,0.5,0,0.6097560975609756
41,0.9,0.2,20260811,0.6715686274509803,0.8799019607843137,1.0,0.0,9,0.5853658536585366
41,0.9,0.2,20260811,0.41911764705882354,0.5,0.01,0.5,0,0.5853658536585366
41,0.9,0.2,20260811,0.4975845410628019,0.5,0.01,0.5,0,0.43902439024390244
41,0.9,0.2,20260811,0.5478468899521531,0.7583732057416268,1.0,1.0,5,0.5365853658536586
41,0.9,0.2,20260811,0.4593301435406698,0.7464114832535885,0.1,0.0,9,0.4634146341463415
41,0.9,0.2,20260811,0.569377990430622,0.8540669856459331,1.0,0.0,9,0.5365853658536586
41,0.9,0.2,20260811,0.5,0.5,0.01,0.5,0,0.6097560975609756
41,0.9,0.2,20260811,0.35714285714285715,0.6825396825396826,0.01,0.0,9,0.6585365853658537
41,0.9,0.2,20260811,0.33088235294117646,0.5,0.01,0.5,0,0.5853658536585366
41,0.9,0.2,20260811,0.15343915343915346,0.7222222222222222,0.01,0.0,9,0.6585365853658537
41,0.9,0.2,20260811,0.4391534391534392,0.7592592592592593,1.0,0.5,7,0.6585365853658537
41,0.9,0.2,20260811,0.823529411764706,0.9362745098039216,1.0,0.0,9,0.5853658536585366
41,0.9,0.2,20260811,0.4652777777777778,0.5,0.01,0.5,0,0.7804878048780488
41,0.9,0.2,20260811,0.3871794871794872,0.7564102564102564,0.1,0.0,9,0.6341463414634146
41,0.9,0.2,20260811,0.6216931216931217,0.82010582010582,1.0,1.0,4,0.6585365853658537
41,0.9,0.2,20260811,0.6025641025641025,0.7410256410256411,0.01,0.0,9,0.6341463414634146
41,0.9,0.2,20260811,0.2751322751322751,0.5,0.01,0.5,0,0.6585365853658537
41,0.9,0.2,20260811,0.5521978021978022,0.739010989010989,0.01,0.0,9,0.6829268292682927
41,0.9,0.2,20260811,0.427536231884058,0.7198067632850242,0.01,0.0,9,0.5609756097560976
41,0.9,0.2,20260811,0.41666666666666674,0.7614942528735632,1.0,0.0,9,0.7073170731707317
41,0.9,0.2,20260811,0.59,0.8075,0.01,0.0,9,0.6097560975609756
41,0.9,0.2,20260811,0.3025641025641025,0.7128205128205127,1.0,0.5,8,0.6341463414634146
41,0.9,0.2,20260811,0.2696078431372549,0.5,0.01,0.5,0,0.5853658536585366
41,0.9,0.2,20260811,0.45879120879120877,0.7967032967032968,1.0,0.0,9,0.6829268292682927
41,0.9,0.2,20260811,0.5128205128205128,0.8307692307692307,1.0,0.0,9,0.6341463414634146
41,0.9,0.2,20260811,0.5642857142857143,0.8309523809523809,1.0,0.5,7,0.5121951219512195
41,0.9,0.2,20260811,0.5857142857142857,0.7333333333333334,0.1,0.5,1,0.4878048780487805
41,0.9,0.2,20260811,0.41818181818181815,0.5,0.01,0.5,0,0.7317073170731707
41,0.9,0.2,20260811,0.5381944444444445,0.732638888888889,0.01,0.0,9,0.7804878048780488
41,0.9,0.2,20260811,0.2641025641025641,0.5,0.01,0.5,0,0.6341463414634146
41,0.9,0.2,20260811,0.3434065934065934,0.6620879120879122,0.01,0.0,9,0.6829268292682927
41,0.9,0.2,20260811,0.20500000000000002,0.6525000000000001,0.01,0.0,9,0.6097560975609756
41,0.9,0.2,20260811,0.2994505494505494,0.5,0.01,0.5,0,0.6829268292682927
41,0.9,0.2,20260811,0.4641025641025641,0.7205128205128204,0.01,0.0,9,0.6341463414634146
41,0.9,0.2,20260811,0.4305555555555556,0.5,0.01,0.5,0,0.7804878048780488
41,0.9,0.2,20260811,0.660919540229885,0.8793103448275862,1.0,0.0,9,0.7073170731707317
41,0.9,0.2,20260811,0.5317460317460317,0.7275132275132276,0.01,0.0,9,0.6585365853658537
41,0.9,0.2,20260811,0.5179487179487179,0.7564102564102564,0.01,0.0,9,0.6341463414634146
41,0.9,0.2,20260811,0.09047619047619049,0.5,0.01,0.5,0,0.5121951219512195
41,0.9,0.2,20260811,0.3564102564102564,0.6717948717948719,0.01,0.0,9,0.6341463414634146
41,0.9,0.2,20260811,0.3717948717948718,0.6564102564102564,0.01,0.0,9,0.6341463414634146
41,0.9,0.2,20260811,0.17989417989417988,0.5,0.01,0.5,0,0.6585365853658537
41,0.9,0.2,20260811,0.29186602870813394,0.7870813397129186,1.0,0.0,9,0.5365853658536586
41,0.9,0.2,20260811,0.26363636363636367,0.6333333333333333,0.01,0.0,9,0.7317073170731707
41,0.9,0.2,20260811,0.3161764705882353,0.6519607843137255,0.01,0.0,9,0.5853658536585366
41,0.9,0.2,20260811,0.27294685990338163,0.5,0.01,0.5,0,0.5609756097560976
41,0.9,0.2,20260811,0.5225806451612903,0.7612903225806451,0.1,0.0,9,0.7560975609756098
41,0.9,0.2,20260811,0.22564102564102562,0.5,0.01,0.5,0,0.6341463414634146
41,0.9,0.2,20260811,0.2857142857142857,0.6857142857142856,0.01,0.0,9,0.5121951219512195
41,0.9,0.2,20260811,0.5211640211640212,0.8227513227513228,1.0,1.0,6,0.6585365853658537
41,0.9,0.2,20260811,0.4095238095238095,0.7285714285714285,0.01,0.0,9,0.5121951219512195
41,0.9,0.2,20260811,0.6473429951690821,0.8357487922705314,0.1,0.0,9,0.5609756097560976
41,0.9,0.2,20260811,0.5984848484848485,0.875,1.0,0.5,7,0.8048780487804879
41,0.9,0.2,20260811,0.3598901098901099,0.5,0.01,0.5,0,0.6829268292682927
41,0.9,0.2,20260811,0.26098901098901095,0.5,0.01,0.5,0,0.6829268292682927
41,0.9,0.2,20260811,0.32598039215686275,0.5,0.01,0.5,0,0.5853658536585366
41,0.9,0.2,20260811,0.4148351648351648,0.8269230769230769,1.0,0.0,9,0.6829268292682927
41,0.9,0.2,20260811,0.37087912087912084,0.5,0.01,0.5,0,0.6829268292682927
41,0.9,0.2,20260811,0.49749999999999994,0.81,1.0,1.0,4,0.6097560975609756
41,0.9,0.2,20260811,0.47878787878787876,0.5,0.01,0.5,0,0.7317073170731707
41,0.9,0.2,20260811,0.5454545454545454,0.7751196172248803,0.01,0.0,9,0.4634146341463415
41,0.9,0.2,20260811,0.30645161290322576,0.7096774193548386,0.01,0.0,9,0.7560975609756098
41,0.9,0.2,20260811,0.46172248803827753,0.5,0.01,0.5,0,0.5365853658536586
41,0.9,0.2,20260811,0.4525,0.7149999999999999,0.01,0.0,9,0.6097560975609756
41,0.9,0.2,20260811,0.3045977011494253,0.6896551724137931,0.01,0.0,9,0.7073170731707317
41,0.9,0.2,20260811,0.5687830687830688,0.8333333333333334,1.0,0.5,9,0.6585365853658537
41,0.9,0.2,20260811,0.4484848484848485,0.5,0.01,0.5,0,0.7317073170731707
41,0.9,0.2,20260811,0.4119047619047619,0.6523809523809524,0.01,0.0,9,0.5121951219512195
41,0.9,0.2,20260811,0.18137254901960784,0.5,0.01,0.5,0,0.5853658536585366
41,0.9,0.2,20260811,0.3995098039215686,0.5,0.01,0.5,0,0.5853658536585366
41,0.9,0.2,20260811,0.22009569377990432,0.5,0.01,0.5,0,0.5365853658536586
41,0.9,0.2,20260811,0.2967741935483871,0.7193548387096774,0.01,0.0,9,0.7560975609756098
41,0.9,0.2,20260811,0.3489010989010989,0.5,0.01,0.5,0,0.6829268292682927
41,0.9,0.2,20260811,0.42,0.7224999999999999,0.01,0.0,9,0.6097560975609756
41,0.9,0.2,20260811,0.5475000000000001,0.74,0.1,0.5,2,0.6097560975609756
41,0.9,0.2,20260811,0.14560439560439561,0.5,0.01,0.5,0,0.6829268292682927
41,0.9,0.2,20260811,0.49450549450549447,0.5,0.01,0.5,0,0.6829268292682927
41,0.9,0.2,20260811,0.5214285714285715,0.7404761904761905,0.1,0.0,9,0.4878048780487805
41,0.9,0.2,20260811,0.5687830687830687,0.835978835978836,1.0,0.5,8,0.6585365853658537
41,0.9,0.2,20260811,0.46451612903225803,0.5,0.01,0.5,0,0.7560975609756098
41,0.9,0.2,20260811,0.4641025641025641,0.7,0.1,0.5,1,0.6341463414634146
41,0.9,0.2,20260811,0.47250000000000003,0.5,0.01,0.5,0,0.6097560975609756
41,0.9,0.2,20260811,0.34065934065934067,0.5,0.01,0.5,0,0.6829268292682927
41,0.9,0.2,20260811,0.6230769230769231,0.7576923076923077,0.1,0.5,1,0.6341463414634146
41,0.9,0.2,20260811,0.4666666666666667,0.5,0.01,0.5,0,0.7317073170731707
41,0.9,0.2,20260811,0.25925925925925924,0.7857142857142857,1.0,0.5,7,0.6585365853658537
41,0.9,0.2,20260811,0.5095238095238095,0.7238095238095239,0.01,0.0,9,0.4878048780487805
41,0.9,0.2,20260811,0.6181318681318682,0.8324175824175825,1.0,1.0,5,0.6829268292682927
41,0.9,0.2,20260811,0.4920634920634921,0.7592592592592593,0.1,0.0,9,0.6585365853658537
41,0.9,0.2,20260811,0.3913043478260869,0.6570048309178744,0.01,0.0,9,0.5609756097560976
41,0.9,0.2,20260811,0.44499999999999995,0.72,0.1,0.5,1,0.6097560975609756
41,0.9,0.2,20260811,0.6208791208791209,0.8021978021978022,0.1,0.0,9,0.6829268292682927
41,0.9,0.2,20260811,0.5661764705882353,0.7843137254901961,0.1,0.0,9,0.5853658536585366
41,0.9,0.2,20260811,0.4137931034482759,0.7327586206896551,0.01,0.0,9,0.7073170731707317
41,0.9,0.2,20260811,0.34313725490196084,0.6470588235294117,0.01,0.0,9,0.5853658536585366
41,0.9,0.2,20260811,0.18627450980392157,0.7720588235294117,1.0,0.5,7,0.5853658536585366
41,0.9,0.2,20260811,0.5494505494505495,0.8736263736263736,1.0,0.5,8,0.6829268292682927
41,0.9,0.2,20260811,0.2476190476190476,0.638095238095238,0.01,0.0,9,0.5121951219512195
41,0.9,0.2,20260811,0.3201058201058201,0.6613756613756614,0.01,0.0,9,0.6585365853658537
41,0.9,0.2,20260811,0.24425287356321837,0.6293103448275862,1.0,1.0,4,0.7073170731707317
41,0.9,0.2,20260811,0.5750000000000001,0.745,0.1,0.5,2,0.6097560975609756
41,0.9,0.2,20260811,0.4367816091954023,0.5,0.01,0.5,0,0.7073170731707317
41,0.9,0.2,20260811,0.5549999999999999,0.8325,1.0,0.0,9,0.6097560975609756
41,0.9,0.2,20260811,0.47,0.69,0.01,0.0,9,0.6097560975609756
41,0.9,0.2,20260811,0.5026455026455027,0.7962962962962963,0.1,0.0,9,0.6585365853658537
41,0.9,0.2,20260811,0.11818181818181821,0.7393939393939394,0.1,0.0,9,0.7317073170731707
41,0.9,0.2,20260811,0.17575757575757575,0.5,0.01,0.5,0,0.7317073170731707
41,0.9,0.2,20260811,0.3775,0.675,0.01,0.0,9,0.6097560975609756
41,0.9,0.2,20260811,0.37142857142857144,0.7642857142857142,1.0,0.0,9,0.4878048780487805
41,0.9,0.2,20260811,0.3112745098039216,0.6372549019607844,0.01,0.0,9,0.5853658536585366
41,0.9,0.2,20260811,0.28,0.7775000000000001,1.0,0.0,9,0.6097560975609756
41,0.9,0.2,20260811,0.2225,0.5,0.01,0.5,0,0.6097560975609756
41,0.9,0.2,20260811,0.5514705882352942,0.7132352941176471,0.01,0.0,9,0.5853658536585366
41,0.9,0.2,20260811,0.5563725490196079,0.5,0.01,0.5,0,0.5853658536585366
41,0.9,0.2,20260811,0.3588516746411483,0.6555023923444976,0.01,0.0,9,0.5365853658536586
41,0.9,0.2,20260811,0.441025641025641,0.6948717948717948,0.01,0.0,9,0.6341463414634146
41,0.9,0.2,20260811,0.29310344827586204,0.5,0.01,0.5,0,0.7073170731707317
41,0.9,0.2,20260811,0.31100478468899523,0.5,0.01,0.5,0,0.5365853658536586
41,0.9,0.2,20260811,0.5550239234449761,0.7535885167464115,0.01,0.0,9,0.5365853658536586
41,0.9,0.2,20260811,0.42857142857142855,0.664021164021164,0.01,0.0,9,0.6585365853658537
41,0.9,0.2,20260811,0.30434782608695654,0.5,0.01,0.5,0,0.5609756097560976
41,0.9,0.2,20260811,0.26666666666666666,0.6923076923076923,1.0,1.0,5,0.6341463414634146
41,0.9,0.2,20260811,0.47435897435897434,0.5,0.01,0.5,0,0.6341463414634146
41,0.9,0.2,20260811,0.6076923076923076,0.7653846153846154,0.1,0.5,1,0.6341463414634146
41,0.9,0.2,20260811,0.4010989010989011,0.5,0.01,0.5,0,0.6829268292682927
41,0.9,0.2,20260811,0.7132352941176471,0.821078431372549,0.01,0.0,9,0.5853658536585366
41,0.9,0.2,20260811,0.16904761904761906,0.6404761904761905,0.01,0.0,9,0.4878048780487805
41,0.9,0.2,20260811,0.5512820512820512,0.7512820512820513,0.1,0.5,1,0.6341463414634146
41,0.9,0.2,20260811,0.3564102564102565,0.7846153846153846,1.0,0.0,9,0.6341463414634146
41,0.9,0.2,20260811,0.6842105263157895,0.9043062200956938,1.0,0.0,9,0.4634146341463415
41,0.9,0.2,20260811,0.4064516129032258,0.7419354838709677,0.01,0.0,9,0.7560975609756098
41,0.9,0.2,20260811,0.36494252873563215,0.6551724137931034,1.0,1.0,5,0.7073170731707317
41,0.9,0.2,20260811,0.6183574879227054,0.8260869565217391,1.0,0.0,9,0.5609756097560976
41,0.9,0.2,20260811,0.6936274509803921,0.7916666666666667,1.0,1.0,3,0.5853658536585366
41,0.9,0.2,20260811,0.5291005291005291,0.746031746031746,0.1,0.5,3,0.6585365853658537
41,0.9,0.2,20260811,0.47500000000000003,0.5,0.01,0.5,0,0.6097560975609756
41,0.9,0.2,20260811,0.6190476190476191,0.7916666666666666,0.1,0.5,3,0.4878048780487805
41,0.9,0.2,20260811,0.5632183908045977,0.8563218390804597,1.0,0.0,9,0.7073170731707317
41,0.9,0.2,20260811,0.21978021978021972,0.6428571428571428,0.01,0.0,9,0.6829268292682927
41,0.9,0.2,20260811,0.33333333333333337,0.5,0.01,0.5,0,0.5609756097560976
41,0.9,0.2,20260811,0.3062200956937799,0.638755980861244,0.01,0.0,9,0.5365853658536586
41,0.9,0.2,20260811,0.49743589743589745,0.841025641025641,1.0,0.0,9,0.6341463414634146
41,0.9,0.2,20260811,0.405,0.6975,0.01,0.0,9,0.6097560975609756
41,0.9,0.2,20260811,0.4769230769230769,0.7076923076923078,0.01,0.0,9,0.6341463414634146
41,0.9,0.2,20260811,0.4449760765550239,0.7105263157894738,0.01,0.0,9,0.5365853658536586
41,0.9,0.2,20260811,0.18115942028985507,0.6521739130434783,0.01,0.0,9,0.5609756097560976
41,0.9,0.35,20260811,0.4025641025641026,0.6641025641025641,0.01,0.0,9,0.6341463414634146
41,0.9,0.35,20260811,0.5125000000000001,0.8175,1.0,1.0,6,0.6097560975609756
41,0.9,0.35,20260811,0.5833333333333333,0.7916666666666666,0.1,0.5,3,0.4878048780487805
41,0.9,0.35,20260811,0.5396825396825397,0.7804232804232804,0.1,0.0,9,0.6585365853658537
41,0.9,0.35,20260811,0.5435897435897437,0.7666666666666667,0.01,0.0,9,0.6341463414634146
41,0.9,0.35,20260811,0.3660287081339713,0.6674641148325359,0.01,0.0,9,0.5365853658536586
41,0.9,0.35,20260811,0.36,0.635,0.01,0.0,9,0.6097560975609756
41,0.9,0.35,20260811,0.38717948717948714,0.5,0.01,0.5,0,0.6341463414634146
41,0.9,0.35,20260811,0.5564102564102563,0.8051282051282052,1.0,0.0,9,0.6341463414634146
41,0.9,0.35,20260811,0.41005291005291006,0.7592592592592593,1.0,0.5,7,0.6585365853658537
41,0.9,0.35,20260811,0.7753623188405797,0.9299516908212561,1.0,0.0,9,0.5609756097560976
41,0.9,0.35,20260811,0.6587301587301587,0.8650793650793651,1.0,1.0,6,0.6585365853658537
41,0.9,0.35,20260811,0.5073529411764706,0.6764705882352942,0.01,0.0,9,0.5853658536585366
41,0.9,0.35,20260811,0.5517241379310345,0.7988505747126436,0.1,0.5,2,0.7073170731707317
41,0.9,0.35,20260811,0.5086206896551724,0.7327586206896552,0.1,0.5,1,0.7073170731707317
41,0.9,0.35,20260811,0.462962962962963,0.7380952380952381,0.1,0.0,9,0.6585365853658537
41,0.9,0.35,20260811,0.4904306220095694,0.5,0.01,0.5,0,0.5365853658536586
41,0.9,0.35,20260811,0.44852941176470584,0.7083333333333334,0.01,0.0,9,0.5853658536585366
41,0.9,0.35,20260811,0.49696969696969695,0.7696969696969695,0.01,0.0,9,0.7317073170731707
41,0.9,0.35,20260811,0.3137254901960785,0.5,0.01,0.5,0,0.5853658536585366
41,0.9,0.35,20260811,0.49,0.8325,1.0,0.0,9,0.6097560975609756
41,0.9,0.35,20260811,0.6538461538461539,0.9025641025641026,1.0,0.0,9,0.6341463414634146
41,0.9,0.35,20260811,0.12254901960784315,0.7083333333333333,0.01,0.0,9,0.5853658536585366
41,0.9,0.35,20260811,0.6196172248803827,0.8277511961722488,1.0,1.0,5,0.4634146341463415
41,0.9,0.35,20260811,0.580952380952381,0.7952380952380953,0.1,0.0,9,0.5121951219512195
41,0.9,0.35,20260811,0.5576923076923077,0.7884615384615384,0.1,0.0,9,0.6829268292682927
41,0.9,0.35,20260811,0.7279411764705882,0.8223039215686274,0.1,0.5,1,0.5853658536585366
41,0.9,0.35,20260811,0.5515151515151515,0.8454545454545455,1.0,0.0,9,0.7317073170731707
41,0.9,0.35,20260811,0.3825,0.5,0.01,0.5,0,0.6097560975609756
41,0.9,0.35,20260811,0.3060606060606061,0.6575757575757575,0.01,0.0,9,0.7317073170731707
41,0.9,0.35,20260811,0.6838235294117647,0.8848039215686274,1.0,0.0,9,0.5853658536585366
41,0.9,0.35,20260811,0.4913793103448276,0.7844827586206896,1.0,1.0,6,0.7073170731707317
41,0.9,0.35,20260811,0.29411764705882354,0.5980392156862745,0.01,0.0,9,0.5853658536585366
41,0.9,0.35,20260811,0.5563725490196079,0.7879901960784315,0.1,0.5,2,0.5853658536585366
41,0.9,0.35,20260811,0.4846153846153846,0.7153846153846154,0.01,0.0,9,0.6341463414634146
41,0.9,0.35,20260811,0.47089947089947093,0.6693121693121693,0.01,0.0,9,0.6585365853658537
41,0.9,0.35,20260811,0.4258241758241758,0.695054945054945,0.01,0.0,9,0.6829268292682927
41,0.9,0.35,20260811,0.26719576719576715,0.5,0.01,0.5,0,0.6585365853658537
41,0.9,0.35,20260811,0.655,0.8625,1.0,0.5,6,0.6097560975609756
41,0.9,0.35,20260811,0.582010582010582,0.791005291005291,0.1,0.0,9,0.6585365853658537
41,0.9,0.35,20260811,0.3351648351648352,0.7912087912087913,1.0,1.0,2,0.6829268292682927
41,0.9,0.35,20260811,0.4560439560439561,0.6620879120879121,0.01,0.0,9,0.6829268292682927
41,0.9,0.35,20260811,0.6666666666666666,0.8112745098039216,0.1,0.5,1,0.5853658536585366
41,0.9,0.35,20260811,0.4347826086956521,0.6980676328502414,0.1,0.5,2,0.5609756097560976
41,0.9,0.35,20260811,0.27450980392156865,0.5,0.01,0.5,0,0.5853658536585366
41,0.9,0.35,20260811,0.45128205128205123,0.7743589743589743,1.0,0.5,7,0.6341463414634146
41,0.9,0.35,20260811,0.48039215686274506,0.7647058823529411,0.1,0.0,9,0.5853658536585366
41,0.9,0.35,20260811,0.43965517241379315,0.7485632183908045,0.1,0.5,1,0.7073170731707317
41,0.9,0.35,20260811,0.24615384615384614,0.5,0.01,0.5,0,0.6341463414634146
41,0.9,0.35,20260811,0.26715686274509803,0.5,0.01,0.5,0,0.5853658536585366
41,0.9,0.35,20260811,0.38725490196078427,0.6862745098039216,0.01,0.0,9,0.5853658536585366
41,0.9,0.35,20260811,0.45138888888888884,0.6631944444444444,0.01,0.0,9,0.7804878048780488
41,0.9,0.35,20260811,0.29894179894179895,0.5,0.01,0.5,0,0.6585365853658537
41,0.9,0.35,20260811,0.38541666666666674,0.7465277777777778,0.01,0.0,9,0.7804878048780488
41,0.9,0.35,20260811,0.35714285714285715,0.6620879120879121,0.01,0.0,9,0.6829268292682927
41,0.9,0.35,20260811,0.5818181818181818,0.8787878787878788,1.0,1.0,5,0.7317073170731707
41,0.9,0.35,20260811,0.12727272727272726,0.5,0.01,0.5,0,0.7317073170731707
41,0.9,0.35,20260811,0.24545454545454545,0.5,0.01,0.5,0,0.7317073170731707
41,0.9,0.35,20260811,0.5406698564593302,0.7583732057416269,1.0,1.0,4,0.5365853658536586
41,0.9,0.35,20260811,0.1752873563218391,0.5,0.01,0.5,0,0.7073170731707317
41,0.9,0.35,20260811,0.5603448275862069,0.7586206896551724,0.01,0.0,9,0.7073170731707317
41,0.9,0.35,20260811,0.4791666666666667,0.8541666666666666,1.0,0.0,9,0.7804878048780488
41,0.9,0.35,20260811,0.47826086956521735,0.6763285024154589,0.01,0.0,9,0.5609756097560976
41,0.9,0.35,20260811,0.5717948717948718,0.8051282051282052,1.0,1.0,6,0.6341463414634146
41,0.9,0.35,20260811,0.36923076923076925,0.5,0.01,0.5,0,0.6341463414634146
41,0.9,0.35,20260811,0.35989010989010983,0.6483516483516484,0.01,0.0,9,0.6829268292682927
41,0.9,0.35,20260811,0.5241545893719807,0.7608695652173912,0.01,0.0,9,0.5609756097560976
41,0.9,0.35,20260811,0.4818181818181818,0.7545454545454545,1.0,1.0,5,0.7317073170731707
41,0.9,0.35,20260811,0.4838709677419355,0.9129032258064516,1.0,0.0,9,0.7560975609756098
41,0.9,0.35,20260811,0.5238095238095238,0.7222222222222222,0.01,0.0,9,0.6585365853658537
41,0.9,0.35,20260811,0.2844827586206896,0.6149425287356322,0.01,0.0,9,0.7073170731707317
41,0.9,0.35,20260811,0.5419354838709678,0.7225806451612904,0.01,0.0,9,0.7560975609756098
41,0.9,0.35,20260811,0.4347826086956522,0.8067632850241546,1.0,0.0,9,0.5609756097560976
41,0.9,0.35,20260811,0.7076923076923077,0.8897435897435898,1.0,0.5,7,0.6341463414634146
41,0.9,0.35,20260811,0.4521531100478469,0.7033492822966507,0.01,0.0,9,0.5365853658536586
41,0.9,0.35,20260811,0.5717948717948718,0.8487179487179487,1.0,0.0,9,0.6341463414634146
41,0.9,0.35,20260811,0.6516129032258065,0.8935483870967742,1.0,0.5,7,0.7560975609756098
41,0.9,0.35,20260811,0.641025641025641,0.8102564102564103,1.0,1.0,4,0.6341463414634146
41,0.9,0.35,20260811,0.5686274509803921,0.7034313725490197,0.01,0.0,9,0.5853658536585366
41,0.9,0.35,20260811,0.5928571428571429,0.8,1.0,1.0,6,0.4878048780487805
41,0.9,0.35,20260811,0.5740740740740741,0.8492063492063492,1.0,0.0,9,0.6585365853658537
41,0.9,0.35,20260811,0.6128205128205129,0.7641025641025642,0.01,0.0,9,0.6341463414634146
41,0.9,0.35,20260811,0.5484848484848485,0.806060606060606,1.0,0.0,9,0.7317073170731707
41,0.9,0.35,20260811,0.4325,0.6875,0.01,0.0,9,0.6097560975609756
41,0.9,0.35,20260811,0.6871794871794872,0.8179487179487179,0.1,0.5,3,0.6341463414634146
41,0.9,0.35,20260811,0.4632352941176471,0.7769607843137255,0.1,0.0,9,0.5853658536585366
41,0.9,0.35,20260811,0.4285714285714286,0.7095238095238094,0.1,0.0,9,0.4878048780487805
41,0.9,0.35,20260811,0.39,0.6875000000000001,0.01,0.0,9,0.6097560975609756
41,0.9,0.35,20260811,0.4285714285714286,0.7285714285714286,1.0,1.0,5,0.5121951219512195
41,0.9,0.35,20260811,0.5784313725490197,0.7512254901960784,0.1,0.5,1,0.5853658536585366
41,0.9,0.35,20260811,0.2867647058823529,0.6397058823529412,0.01,0.0,9,0.5853658536585366
41,0.9,0.35,20260811,0.33014354066985646,0.7129186602870814,0.01,0.0,9,0.5365853658536586
41,0.9,0.35,20260811,0.6851851851851851,0.798941798941799,0.1,0.5,1,0.6585365853658537
41,0.9,0.35,20260811,0.4636363636363636,0.7212121212121212,0.01,0.0,9,0.7317073170731707
41,0.9,0.35,20260811,0.3132183908045977,0.5,0.01,0.5,0,0.7073170731707317
41,0.9,0.35,20260811,0.47846889952153104,0.7248803827751196,0.01,0.0,9,0.5365853658536586
41,0.9,0.35,20260811,0.5934065934065934,0.8406593406593407,0.1,0.5,3,0.6829268292682927
41,0.9,0.35,20260811,0.39682539682539686,0.7063492063492063,0.01,0.0,9,0.6585365853658537
41,0.9,0.35,20260811,0.5291005291005291,0.8148148148148148,1.0,0.0,9,0.6585365853658537
41,0.9,0.35,20260811,0.34,0.6425,0.01,0.0,9,0.6097560975609756
41,0.9,0.35,20260811,0.6465517241379312,0.82183908045977,0.1,0.0,9,0.7073170731707317
41,0.9,0.35,20260811,0.5869565217391304,0.7753623188405797,0.1,0.0,9,0.5609756097560976
41,0.9,0.35,20260811,0.18840579710144928,0.6328502415458938,0.01,0.0,9,0.5609756097560976
41,0.9,0.35,20260811,0.3,0.6645161290322581,0.01,0.0,9,0.7560975609756098
41,0.9,0.35,20260811,0.22424242424242424,0.603030303030303,0.01,0.0,9,0.7317073170731707
41,0.9,0.35,20260811,0.2777777777777778,0.5,0.01,0.5,0,0.7804878048780488
41,0.9,0.35,20260811,0.13636363636363635,0.5,0.01,0.5,0,0.4634146341463415
41,0.9,0.35,20260811,0.609090909090909,0.7212121212121212,0.01,0.0,9,0.7317073170731707
41,0.9,0.35,20260811,0.335,0.6325000000000001,0.01,0.0,9,0.6097560975609756
41,0.9,0.35,20260811,0.2318840579710145,0.644927536231884,0.01,0.0,9,0.5609756097560976
41,0.9,0.35,20260811,0.4775,0.5,0.01,0.5,0,0.6097560975609756
41,0.9,0.35,20260811,0.33045977011494254,0.689655172413793,0.01,0.0,9,0.7073170731707317
41,0.9,0.35,20260811,0.25274725274725274,0.6483516483516483,0.01,0.0,9,0.6829268292682927
41,0.9,0.35,20260811,0.5316091954022989,0.75,0.1,0.5,2,0.7073170731707317
41,0.9,0.35,20260811,0.3995215311004785,0.6770334928229665,0.01,0.0,9,0.5365853658536586
41,0.9,0.35,20260811,0.48564593301435405,0.7523923444976077,0.1,0.5,1,0.4634146341463415
41,0.9,0.35,20260811,0.5132275132275133,0.7486772486772487,0.01,0.0,9,0.6585365853658537
41,0.9,0.35,20260811,0.7452380952380951,0.8952380952380952,1.0,0.0,9,0.5121951219512195
41,0.9,0.35,20260811,0.5641025641025641,0.7307692307692306,0.01,0.0,9,0.6341463414634146
41,0.9,0.35,20260811,0.41005291005291006,0.7407407407407407,0.1,0.5,2,0.6585365853658537
41,0.9,0.35,20260811,0.1984126984126984,0.6957671957671957,0.1,0.5,1,0.6585365853658537
41,0.9,0.35,20260811,0.567741935483871,0.5,0.01,0.5,0,0.7560975609756098
41,0.9,0.35,20260811,0.48563218390804597,0.5,0.01,0.5,0,0.7073170731707317
41,0.9,0.35,20260811,0.7193548387096775,0.9129032258064517,1.0,0.0,9,0.7560975609756098
41,0.9,0.35,20260811,0.5,0.8131868131868132,1.0,0.0,9,0.6829268292682927
41,0.9,0.35,20260811,0.6153846153846154,0.8708791208791209,1.0,0.0,9,0.6829268292682927
41,0.9,0.35,20260811,0.32051282051282054,0.5,0.01,0.5,0,0.6341463414634146
41,0.9,0.35,20260811,0.382183908045977,0.5,0.01,0.5,0,0.7073170731707317
41,0.9,0.35,20260811,0.3823529411764706,0.678921568627451,0.01,0.0,9,0.5853658536585366
41,0.9,0.35,20260811,0.5857142857142856,0.7392857142857142,1.0,1.0,3,0.5121951219512195
41,0.9,0.35,20260811,0.525,0.8175,1.0,1.0,7,0.6097560975609756
41,0.9,0.35,20260811,0.5344827586206897,0.75,0.01,0.0,9,0.7073170731707317
41,0.9,0.35,20260811,0.6190476190476191,0.8042328042328043,0.1,0.5,4,0.6585365853658537
41,0.9,0.35,20260811,0.732843137254902,0.8713235294117646,0.1,0.5,2,0.5853658536585366
41,0.9,0.35,20260811,0.48461538461538467,0.7128205128205128,0.01,0.0,9,0.6341463414634146
41,0.9,0.35,20260811,0.1911764705882353,0.6519607843137254,0.01,0.0,9,0.5853658536585366
41,0.9,0.35,20260811,0.5142857142857142,0.6857142857142857,0.01,0.0,9,0.5121951219512195
41,0.9,0.35,20260811,0.5425,0.8075,1.0,0.5,6,0.6097560975609756
41,0.9,0.35,20260811,0.42995169082125606,0.5,0.01,0.5,0,0.5609756097560976
41,0.9,0.35,20260811,0.44230769230769224,0.5,0.01,0.5,0,0.6829268292682927
41,0.9,0.35,20260811,0.4901960784313726,0.6936274509803921,0.01,0.0,9,0.5853658536585366
41,0.9,0.35,20260811,0.20833333333333337,0.5,0.01,0.5,0,0.5853658536585366
41,0.9,0.35,20260811,0.47527472527472525,0.7554945054945055,0.1,0.0,9,0.6829268292682927
41,0.9,0.35,20260811,0.7000000000000001,0.9076923076923077,1.0,0.0,9,0.6341463414634146
41,0.9,0.35,20260811,0.45499999999999996,0.7125,0.01,0.0,9,0.6097560975609756
41,0.9,0.35,20260811,0.357487922705314,0.681159420289855,0.01,0.0,9,0.5609756097560976
41,0.9,0.35,20260811,0.6282051282051282,0.7871794871794873,1.0,1.0,4,0.6341463414634146
41,0.9,0.35,20260811,0.6618357487922706,0.8115942028985507,0.01,0.0,9,0.5609756097560976
41,0.9,0.35,20260811,0.2941176470588235,0.5,0.01,0.5,0,0.5853658536585366
41,0.9,0.35,20260811,0.23500000000000001,0.6475,0.01,0.0,9,0.6097560975609756
41,0.9,0.35,20260811,0.427536231884058,0.7439613526570049,1.0,1.0,5,0.5609756097560976
41,0.9,0.35,20260811,0.3793103448275862,0.5,0.01,0.5,0,0.7073170731707317
41,0.9,0.35,20260811,0.30256410256410254,0.5,0.01,0.5,0,0.6341463414634146
41,0.9,0.35,20260811,0.40579710144927533,0.5,0.01,0.5,0,0.5609756097560976
41,0.9,0.35,20260811,0.48275862068965514,0.7442528735632185,0.01,0.0,9,0.7073170731707317
41,0.9,0.35,20260811,0.6267942583732057,0.7822966507177034,0.01,0.0,9,0.5365853658536586
41,0.9,0.35,20260811,0.5512820512820513,0.8256410256410256,1.0,1.0,3,0.6341463414634146
41,0.9,0.35,20260811,0.2751322751322751,0.7698412698412699,1.0,0.0,9,0.6585365853658537
41,0.9,0.35,20260811,0.5645933014354068,0.7966507177033493,1.0,0.0,9,0.5365853658536586
41,0.9,0.35,20260811,0.23958333333333331,0.6770833333333334,0.01,0.0,9,0.7804878048780488
41,0.9,0.35,20260811,0.4666666666666667,0.758974358974359,0.01,0.0,9,0.6341463414634146
41,0.9,0.35,20260811,0.5824175824175825,0.8681318681318682,1.0,0.0,9,0.6829268292682927
41,0.9,0.35,20260811,0.5523809523809523,0.7452380952380953,0.01,0.0,9,0.5121951219512195
41,0.9,0.35,20260811,0.39499999999999996,0.8325,1.0,0.0,9,0.6097560975609756
41,0.9,0.35,20260811,0.185,0.5,0.01,0.5,0,0.6097560975609756
41,0.9,0.35,20260811,0.6052631578947368,0.7894736842105263,0.1,0.5,3,0.5365853658536586
41,0.9,0.35,20260811,0.24338624338624337,0.5,0.01,0.5,0,0.6585365853658537
41,0.9,0.35,20260811,0.55,0.8142857142857143,1.0,1.0,7,0.4878048780487805
41,0.9,0.35,20260811,0.5931372549019608,0.8529411764705882,1.0,0.0,9,0.5853658536585366
41,0.9,0.35,20260811,0.6645161290322581,0.8419354838709678,1.0,1.0,4,0.7560975609756098
41,0.9,0.35,20260811,0.3015873015873016,0.6349206349206348,0.01,0.0,9,0.6585365853658537
41,0.9,0.35,20260811,0.5054945054945055,0.5,0.1,0.5,0,0.6829268292682927
41,0.9,0.35,20260811,0.6125,0.8200000000000001,0.1,0.0,9,0.6097560975609756
41,0.9,0.35,20260811,0.46296296296296297,0.7566137566137566,1.0,1.0,6,0.6585365853658537
41,0.9,0.35,20260811,0.2637362637362637,0.5,0.01,0.5,0,0.6829268292682927
41,0.9,0.35,20260811,0.19252873563218392,0.5,0.01,0.5,0,0.7073170731707317
41,0.9,0.35,20260811,0.3386243386243386,0.5,0.01,0.5,0,0.6585365853658537
41,0.9,0.35,20260811,0.15151515151515155,0.5,0.01,0.5,0,0.7317073170731707
41,0.9,0.35,20260811,0.4939393939393939,0.6848484848484849,0.01,0.0,9,0.7317073170731707
41,0.9,0.35,20260811,0.6798941798941799,0.8783068783068783,1.0,0.0,9,0.6585365853658537
41,0.9,0.35,20260811,0.47380952380952385,0.6880952380952381,0.1,0.5,2,0.4878048780487805
41,0.9,0.35,20260811,0.18678160919540227,0.8189655172413793,1.0,0.0,9,0.7073170731707317
41,0.9,0.35,20260811,0.6456043956043955,0.8653846153846153,1.0,0.5,8,0.6829268292682927
41,0.9,0.35,20260811,0.6275000000000001,0.8600000000000001,1.0,0.0,9,0.6097560975609756
41,0.9,0.35,20260811,0.6275,0.5,0.01,0.5,0,0.6097560975609756
41,0.9,0.35,20260811,0.5619047619047619,0.5,0.01,0.5,0,0.5121951219512195
41,0.9,0.35,20260811,0.32999999999999996,0.6699999999999999,0.01,0.0,9,0.6097560975609756
41,0.9,0.35,20260811,0.4358974358974359,0.6897435897435897,0.01,0.0,9,0.6341463414634146
41,0.9,0.35,20260811,0.5181818181818182,0.787878787878788,1.0,1.0,4,0.7317073170731707
41,0.9,0.35,20260811,0.43333333333333335,0.8102564102564103,1.0,0.5,7,0.6341463414634146
41,0.9,0.35,20260811,0.5476190476190477,0.5,0.01,0.5,0,0.6585365853658537
41,0.9,0.35,20260811,0.4973544973544973,0.708994708994709,0.01,0.0,9,0.6585365853658537
41,0.9,0.35,20260811,0.8851674641148326,0.9904306220095693,1.0,1.0,8,0.5365853658536586
41,0.9,0.35,20260811,0.6931216931216931,0.8544973544973545,1.0,1.0,5,0.6585365853658537
41,0.9,0.35,20260811,0.6425,0.8125,0.1,0.0,9,0.6097560975609756
41,0.9,0.35,20260811,0.43121693121693117,0.7645502645502645,0.1,0.0,9,0.6585365853658537
41,0.9,0.35,20260811,0.5580645161290323,0.8516129032258064,1.0,0.0,9,0.7560975609756098
41,0.9,0.35,20260811,0.35919540229885055,0.7097701149425286,1.0,1.0,4,0.7073170731707317
41,0.9,0.35,20260811,0.42380952380952386,0.7214285714285715,0.01,0.0,9,0.4878048780487805
41,0.9,0.35,20260811,0.31,0.645,0.01,0.0,9,0.6097560975609756
41,0.9,0.35,20260811,0.6261904761904762,0.7607142857142858,0.1,0.5,1,0.4878048780487805
41,0.9,0.35,20260811,0.5465686274509804,0.7524509803921569,0.1,0.0,9,0.5853658536585366
41,0.9,0.35,20260811,0.15942028985507245,0.6570048309178744,0.01,0.0,9,0.5609756097560976
41,0.9,0.35,20260811,0.4154589371980676,0.5,0.01,0.5,0,0.5609756097560976
41,0.9,0.35,20260811,0.37356321839080464,0.5,0.01,0.5,0,0.7073170731707317
41,0.9,0.35,20260811,0.3308823529411765,0.5,0.01,0.5,0,0.5853658536585366
41,0.9,0.35,20260811,0.6076923076923078,0.8769230769230769,1.0,0.5,8,0.6341463414634146
41,0.9,0.35,20260811,0.72,0.815,1.0,1.0,4,0.6097560975609756
41,0.9,0.35,20260811,0.37643678160919536,0.7873563218390804,0.1,0.0,9,0.7073170731707317
41,0.9,0.35,20260811,0.642512077294686,0.7946859903381642,0.01,0.0,9,0.5609756097560976
41,0.9,0.35,20260811,0.3571428571428571,0.6978021978021979,0.01,0.0,9,0.6829268292682927
41,0.9,0.35,20260811,0.5767195767195767,0.8677248677248677,1.0,0.0,9,0.6585365853658537
41,0.9,0.35,20260811,0.541025641025641,0.735897435897436,0.01,0.0,9,0.6341463414634146
41,0.9,0.35,20260811,0.6153846153846153,0.8351648351648352,1.0,1.0,6,0.6829268292682927
41,0.9,0.35,20260811,0.34615384615384615,0.5,0.01,0.5,0,0.6829268292682927
41,0.9,0.35,20260811,0.31593406593406587,0.7032967032967032,0.01,0.0,9,0.6829268292682927
41,0.9,0.35,20260811,0.291005291005291,0.6349206349206349,0.01,0.0,9,0.6585365853658537
41,0.9,0.35,20260811,0.37009803921568635,0.7696078431372548,0.1,0.0,9,0.5853658536585366
41,0.9,0.35,20260811,0.5660919540229885,0.7413793103448276,0.01,0.0,9,0.7073170731707317
41,0.9,0.35,20260811,0.28181818181818186,0.5,0.01,0.5,0,0.7317073170731707
41,0.9,0.35,20260811,0.355,0.5,0.01,0.5,0,0.6097560975609756
41,0.9,0.35,20260811,0.47794117647058826,0.5,0.01,0.5,0,0.5853658536585366
41,0.9,0.35,20260811,0.3140096618357488,0.5,0.01,0.5,0,0.5609756097560976
41,0.9,0.35,20260811,0.47794117647058826,0.7965686274509803,1.0,0.0,9,0.5853658536585366
41,0.9,0.35,20260811,0.6494252873563219,0.8060344827586207,0.1,0.5,4,0.7073170731707317
41,0.9,0.35,20260811,0.5179487179487179,0.7935897435897437,0.1,0.5,2,0.6341463414634146
41,0.9,0.35,20260811,0.46264367816091956,0.8390804597701149,1.0,0.0,9,0.7073170731707317
41,0.9,0.35,20260811,0.15454545454545454,0.5,0.01,0.5,0,0.7317073170731707
41,0.9,0.35,20260811,0.6031746031746033,0.8412698412698413,0.1,0.0,9,0.6585365853658537
41,0.9,0.35,20260811,0.18783068783068782,0.5,0.01,0.5,0,0.6585365853658537
41,0.9,0.35,20260811,0.39761904761904765,0.7321428571428571,0.1,0.5,2,0.4878048780487805
41,0.9,0.35,20260811,0.4814814814814815,0.6428571428571428,0.01,0.0,9,0.6585365853658537
41,0.9,0.35,20260811,0.5833333333333334,0.8645833333333333,0.01,0.0,9,0.7804878048780488
41,0.9,0.35,20260811,0.4307692307692307,0.5,0.01,0.5,0,0.6341463414634146
41,0.9,0.35,20260811,0.3725,0.7025,0.01,0.0,9,0.6097560975609756
41,0.9,0.35,20260811,0.27586206896551724,0.7212643678160919,1.0,0.0,9,0.7073170731707317
41,0.9,0.35,20260811,0.22988505747126436,0.5,0.01,0.5,0,0.7073170731707317
41,0.9,0.35,20260811,0.4856459330143541,0.7033492822966507,0.01,0.0,9,0.5365853658536586
41,0.9,0.35,20260811,0.28846153846153844,0.7225274725274725,0.1,0.0,9,0.6829268292682927
41,0.9,0.35,20260811,0.29230769230769227,0.5,0.01,0.5,0,0.6341463414634146
41,0.9,0.35,20260811,0.22727272727272727,0.5,0.01,0.5,0,0.5365853658536586
41,0.9,0.35,20260811,0.5406698564593301,0.7511961722488039,0.1,0.0,9,0.5365853658536586
41,0.9,0.35,20260811,0.5024509803921569,0.7769607843137255,1.0,0.0,9,0.5853658536585366
41,0.9,0.35,20260811,0.3384615384615385,0.5,0.01,0.5,0,0.6341463414634146
41,0.9,0.35,20260811,0.7150000000000001,0.8250000000000001,0.1,0.0,9,0.6097560975609756
41,0.9,0.35,20260811,0.3666666666666667,0.7230769230769231,0.01,0.0,9,0.6341463414634146
41,0.9,0.35,20260811,0.3851674641148326,0.6698564593301435,0.01,0.0,9,0.5365853658536586
41,0.9,0.35,20260811,0.31746031746031744,0.6746031746031745,0.01,0.0,9,0.6585365853658537
41,0.9,0.35,20260811,0.6379310344827587,0.867816091954023,0.1,0.0,9,0.7073170731707317
41,0.9,0.35,20260811,0.4109195402298851,0.8448275862068965,1.0,0.5,7,0.7073170731707317
41,0.9,0.35,20260811,0.5212121212121212,0.8090909090909091,0.1,0.0,9,0.7317073170731707
41,0.9,0.35,20260811,0.22751322751322753,0.5,0.01,0.5,0,0.6585365853658537
41,0.9,0.35,20260811,0.2857142857142857,0.5,0.01,0.5,0,0.6585365853658537
41,0.9,0.35,20260811,0.3253588516746412,0.6985645933014355,0.01,0.0,9,0.5365853658536586
41,0.9,0.35,20260811,0.4470899470899471,0.8015873015873016,1.0,0.0,9,0.6585365853658537
41,0.9,0.35,20260811,0.5049019607843137,0.767156862745098,0.1,0.5,3,0.5853658536585366
41,0.9,0.35,20260811,0.5049019607843137,0.7279411764705882,0.01,0.0,9,0.5853658536585366
41,0.9,0.35,20260811,0.719047619047619,0.8095238095238095,0.01,0.0,9,0.5121951219512195
41,0.9,0.35,20260811,0.3230769230769231,0.5,0.01,0.5,0,0.6341463414634146
41,0.9,0.35,20260811,0.21904761904761907,0.6547619047619048,0.01,0.0,9,0.4878048780487805
41,0.9,0.35,20260811,0.5923076923076924,0.8358974358974359,1.0,0.0,9,0.6341463414634146
41,0.9,0.35,20260811,0.28500000000000003,0.73,1.0,0.5,8,0.6097560975609756
41,0.9,0.35,20260811,0.56,0.5,0.01,0.5,0,0.6097560975609756
41,0.9,0.35,20260811,0.49175824175824173,0.6346153846153846,0.01,0.0,9,0.6829268292682927
41,0.9,0.35,20260811,0.4685990338164251,0.5,0.01,0.5,0,0.5609756097560976
41,0.9,0.35,20260811,0.41538461538461535,0.5,0.01,0.5,0,0.6341463414634146
41,0.9,0.35,20260811,0.3838709677419355,0.5,0.01,0.5,0,0.7560975609756098
41,0.9,0.35,20260811,0.6096774193548387,0.6709677419354838,1.0,1.0,3,0.7560975609756098
41,0.9,0.35,20260811,0.5873015873015873,0.8544973544973545,1.0,0.0,9,0.6585365853658537
41,0.9,0.35,20260811,0.6763285024154589,0.8260869565217391,0.1,0.5,5,0.5609756097560976
41,0.9,0.35,20260811,0.5423280423280423,0.7248677248677248,0.01,0.0,9,0.6585365853658537
41,0.9,0.35,20260811,0.30499999999999994,0.5,0.01,0.5,0,0.6097560975609756
41,0.9,0.35,20260811,0.2575,0.7949999999999999,1.0,0.0,9,0.6097560975609756
41,0.9,0.35,20260811,0.44999999999999996,0.8099999999999999,1.0,0.0,9,0.6097560975609756
41,0.9,0.35,20260811,0.6806451612903226,0.9419354838709677,1.0,1.0,6,0.7560975609756098
41,0.9,0.35,20260811,0.3875,0.825,1.0,0.0,9,0.6097560975609756
41,0.9,0.35,20260811,0.4785714285714286,0.7571428571428571,1.0,0.5,7,0.5121951219512195
41,0.9,0.35,20260811,0.29411764705882354,0.7965686274509803,1.0,0.0,9,0.5853658536585366
41,0.9,0.35,20260811,0.4632352941176471,0.7916666666666667,1.0,0.0,9,0.5853658536585366
41,0.9,0.35,20260811,0.5818181818181818,0.8484848484848484,1.0,1.0,6,0.7317073170731707
41,0.9,0.35,20260811,0.5846560846560847,0.8068783068783069,1.0,1.0,4,0.6585365853658537
41,0.9,0.35,20260811,0.42424242424242425,0.6636363636363636,0.01,0.0,9,0.7317073170731707
41,0.9,0.35,20260811,0.5612745098039216,0.7965686274509803,0.1,0.0,9,0.5853658536585366
41,0.9,0.35,20260811,0.5588235294117647,0.8529411764705881,1.0,0.0,9,0.5853658536585366
41,0.9,0.35,20260811,0.4251207729468599,0.7524154589371981,0.1,0.5,2,0.5609756097560976
41,0.9,0.35,20260811,0.6825000000000001,0.8575,0.1,0.0,9,0.6097560975609756
41,0.9,0.35,20260811,0.4512820512820513,0.7256410256410257,0.01,0.0,9,0.6341463414634146
41,0.9,0.35,20260811,0.5939393939393939,0.7818181818181817,0.01,0.0,9,0.7317073170731707
41,0.9,0.35,20260811,0.6153846153846154,0.8351648351648352,0.01,0.0,9,0.6829268292682927
41,0.9,0.35,20260811,0.4885057471264368,0.7959770114942529,1.0,0.0,9,0.7073170731707317
41,0.9,0.35,20260811,0.40441176470588236,0.7377450980392157,0.01,0.0,9,0.5853658536585366
41,0.9,0.35,20260811,0.4798850574712644,0.7528735632183908,0.01,0.0,9,0.7073170731707317
41,0.9,0.35,20260811,0.47988505747126436,0.7327586206896551,1.0,1.0,3,0.7073170731707317
41,0.9,0.35,20260811,0.5333333333333334,0.5,0.01,0.5,0,0.7317073170731707
41,0.9,0.35,20260811,0.5548387096774193,0.7870967741935484,1.0,1.0,5,0.7560975609756098
41,0.9,0.35,20260811,0.36666666666666664,0.669047619047619,0.01,0.0,9,0.4878048780487805
41,0.9,0.35,20260811,0.5167464114832536,0.5,0.01,0.5,0,0.5365853658536586
41,0.9,0.35,20260811,0.4656862745098039,0.678921568627451,0.01,0.0,9,0.5853658536585366
41,0.9,0.35,20260811,0.5487179487179488,0.8,0.1,0.0,9,0.6341463414634146
41,0.9,0.35,20260811,0.3625,0.5,0.01,0.5,0,0.6097560975609756
41,0.9,0.35,20260811,0.615,0.825,1.0,1.0,5,0.6097560975609756
41,0.9,0.35,20260811,0.6126373626373627,0.8708791208791209,1.0,1.0,5,0.6829268292682927
41,0.9,0.35,20260811,0.5502392344497609,0.7033492822966508,0.01,0.0,9,0.5365853658536586
41,0.9,0.35,20260811,0.6978021978021979,0.8846153846153846,1.0,0.0,9,0.6829268292682927
41,0.9,0.35,20260811,0.4712918660287081,0.7177033492822967,0.01,0.0,9,0.5365853658536586
41,0.9,0.35,20260811,0.4258064516129032,0.8161290322580645,1.0,0.5,7,0.7560975609756098
41,0.9,0.35,20260811,0.5132275132275133,0.7857142857142857,1.0,0.5,7,0.6585365853658537
41,0.9,0.35,20260811,0.5669856459330143,0.7392344497607656,1.0,1.0,4,0.5365853658536586
41,0.9,0.35,20260811,0.535,0.8225,1.0,0.0,9,0.6097560975609756
41,0.9,0.35,20260811,0.22250000000000003,0.5,0.01,0.5,0,0.6097560975609756
41,0.9,0.35,20260811,0.49725274725274726,0.7032967032967034,0.01,0.0,9,0.6829268292682927
41,0.9,0.35,20260811,0.396969696969697,0.6636363636363636,0.01,0.0,9,0.7317073170731707
41,0.9,0.35,20260811,0.48500000000000004,0.7124999999999999,0.01,0.0,9,0.6097560975609756
41,0.9,0.35,20260811,0.6545454545454545,0.8121212121212121,0.01,0.0,9,0.7317073170731707
41,0.9,0.35,20260811,0.5950000000000001,0.765,0.01,0.0,9,0.6097560975609756
41,0.9,0.35,20260811,0.4365079365079365,0.6984126984126984,0.01,0.0,9,0.6585365853658537
41,0.9,0.35,20260811,0.5714285714285714,0.7724867724867724,0.1,0.5,2,0.6585365853658537
41,0.9,0.35,20260811,0.6263736263736264,0.8681318681318682,1.0,0.5,5,0.6829268292682927
41,0.9,0.35,20260811,0.23809523809523808,0.6880952380952381,0.1,0.0,9,0.5121951219512195
41,0.9,0.35,20260811,0.5316091954022989,0.6925287356321839,0.01,0.0,9,0.7073170731707317
41,0.9,0.35,20260811,0.4642857142857143,0.706043956043956,0.01,0.0,9,0.6829268292682927
41,0.9,0.35,20260811,0.3525,0.625,0.01,0.0,9,0.6097560975609756
41,0.9,0.35,20260811,0.34068627450980393,0.698529411764706,0.01,0.0,9,0.5853658536585366
41,0.9,0.35,20260811,0.4375,0.7916666666666667,0.01,0.0,9,0.7804878048780488
41,0.9,0.35,20260811,0.44102564102564096,0.7000000000000001,0.01,0.0,9,0.6341463414634146
41,0.9,0.35,20260811,0.18974358974358974,0.7589743589743589,1.0,0.0,9,0.6341463414634146
41,0.9,0.35,20260811,0.6318681318681318,0.8241758241758241,1.0,1.0,4,0.6829268292682927
41,0.9,0.35,20260811,0.3175,0.615,0.01,0.0,9,0.6097560975609756
41,0.9,0.35,20260811,0.5256410256410257,0.7128205128205128,0.01,0.0,9,0.6341463414634146
41,0.9,0.35,20260811,0.6428571428571428,0.8791208791208791,1.0,1.0,4,0.6829268292682927
41,0.9,0.35,20260811,0.405,0.6699999999999999,0.01,0.0,9,0.6097560975609756
41,0.9,0.35,20260811,0.6,0.7948717948717949,0.1,0.0,9,0.6341463414634146
41,0.9,0.35,20260811,0.21256038647342995,0.6908212560386473,0.01,0.0,9,0.5609756097560976
41,0.9,0.35,20260811,0.30637254901960786,0.5,0.01,0.5,0,0.5853658536585366
41,0.9,0.35,20260811,0.24615384615384617,0.6717948717948717,0.01,0.0,9,0.6341463414634146
41,0.9,0.35,20260811,0.35185185185185186,0.7142857142857143,0.01,0.0,9,0.6585365853658537
41,0.9,0.35,20260811,0.3735632183908046,0.7988505747126438,1.0,1.0,5,0.7073170731707317
41,0.9,0.35,20260811,0.48717948717948717,0.773076923076923,0.1,0.5,1,0.6341463414634146
41,0.9,0.35,20260811,0.4423076923076923,0.7005494505494505,0.01,0.0,9,0.6829268292682927
41,0.9,0.35,20260811,0.5173611111111112,0.8368055555555555,1.0,0.0,9,0.7804878048780488
41,0.9,0.35,20260811,0.3888888888888889,0.5,0.01,0.5,0,0.6585365853658537
41,0.9,0.35,20260811,0.33088235294117646,0.6862745098039216,1.0,1.0,3,0.5853658536585366
41,0.9,0.35,20260811,0.48717948717948717,0.8179487179487179,1.0,0.0,9,0.6341463414634146
41,0.9,0.35,20260811,0.5612903225806452,0.8806451612903227,1.0,0.5,7,0.7560975609756098
41,0.9,0.35,20260811,0.5303030303030303,0.7,0.01,0.0,9,0.7317073170731707
41,0.9,0.35,20260811,0.4894179894179894,0.6931216931216931,0.01,0.0,9,0.6585365853658537
41,0.9,0.35,20260811,0.5975,0.7525,0.01,0.0,9,0.6097560975609756
41,0.9,0.35,20260811,0.2535885167464115,0.5,0.01,0.5,0,0.5365853658536586
41,0.9,0.35,20260811,0.5487179487179488,0.7948717948717949,0.1,0.0,9,0.6341463414634146
41,0.9,0.35,20260811,0.4129032258064516,0.6935483870967741,0.01,0.0,9,0.7560975609756098
41,0.9,0.35,20260811,0.43719806763285024,0.7053140096618358,0.01,0.0,9,0.5609756097560976
41,0.9,0.35,20260811,0.32307692307692304,0.6807692307692308,0.1,0.5,1,0.6341463414634146
41,0.9,0.35,20260811,0.507177033492823,0.7679425837320574,1.0,1.0,6,0.5365853658536586
41,0.9,0.35,20260811,0.5846560846560847,0.806878306878307,0.1,0.0,9,0.6585365853658537
41,0.9,0.35,20260811,0.4238095238095238,0.5,0.01,0.5,0,0.4878048780487805
41,0.9,0.35,20260811,0.6925,0.8374999999999999,0.01,0.0,9,0.6097560975609756
41,0.9,0.35,20260811,0.34558823529411764,0.5,0.01,0.5,0,0.5853658536585366
41,0.9,0.35,20260811,0.535,0.705,0.01,0.0,9,0.6097560975609756
41,0.9,0.35,20260811,0.30494505494505497,0.6648351648351648,1.0,1.0,2,0.6829268292682927
41,0.9,0.35,20260811,0.525,0.6875,0.01,0.0,9,0.6097560975609756
41,0.9,0.35,20260811,0.4571428571428572,0.7428571428571429,0.01,0.0,9,0.5121951219512195
41,0.9,0.35,20260811,0.3994252873563219,0.5,0.01,0.5,0,0.7073170731707317
41,0.9,0.35,20260811,0.5382775119617225,0.7057416267942584,0.01,0.0,9,0.5365853658536586
41,0.9,0.35,20260811,0.4232804232804233,0.6746031746031746,0.01,0.0,9,0.6585365853658537
41,0.9,0.35,20260811,0.6606060606060606,0.8060606060606059,0.01,0.0,9,0.7317073170731707
41,0.9,0.35,20260811,0.49999999999999994,0.8322580645161289,0.1,0.0,9,0.7560975609756098
41,0.9,0.35,20260811,0.5454545454545454,0.7151515151515152,0.01,0.0,9,0.7317073170731707
41,0.9,0.35,20260811,0.596774193548387,0.5,0.01,0.5,0,0.7560975609756098
41,0.9,0.35,20260811,0.7575000000000001,0.8225,0.01,0.0,9,0.6097560975609756
41,0.9,0.35,20260811,0.7333333333333334,0.8757575757575757,1.0,0.0,9,0.7317073170731707
41,0.9,0.35,20260811,0.6322751322751322,0.7962962962962963,1.0,1.0,6,0.6585365853658537
41,0.9,0.35,20260811,0.3475,0.7424999999999999,1.0,0.5,5,0.6097560975609756
41,0.9,0.35,20260811,0.30769230769230765,0.6813186813186812,0.01,0.0,9,0.6829268292682927
41,0.9,0.35,20260811,0.22307692307692306,0.5,0.01,0.5,0,0.6341463414634146
41,0.9,0.35,20260811,0.23225806451612901,0.5,0.01,0.5,0,0.7560975609756098
41,0.9,0.35,20260811,0.23846153846153847,0.5,0.01,0.5,0,0.6341463414634146
41,0.9,0.35,20260811,0.417989417989418,0.5,0.01,0.5,0,0.6585365853658537
41,0.9,0.35,20260811,0.7362637362637363,0.9038461538461539,1.0,0.0,9,0.6829268292682927
41,0.9,0.35,20260811,0.5272727272727273,0.5,0.01,0.5,0,0.7317073170731707
41,0.9,0.35,20260811,0.645933014354067,0.7942583732057416,0.01,0.0,9,0.5365853658536586
41,0.9,0.35,20260811,0.4775,0.7475,0.1,0.0,9,0.6097560975609756
41,0.9,0.35,20260811,0.645,0.875,1.0,0.5,7,0.6097560975609756
41,0.9,0.35,20260811,0.36519607843137253,0.6740196078431373,0.01,0.0,9,0.5853658536585366
41,0.9,0.35,20260811,0.6333333333333333,0.8060606060606061,0.01,0.0,9,0.7317073170731707
41,0.9,0.35,20260811,0.25,0.7050000000000001,0.01,0.0,9,0.6097560975609756
41,0.9,0.35,20260811,0.38725490196078427,0.7230392156862746,0.1,0.5,1,0.5853658536585366
41,0.9,0.35,20260811,0.5976190476190476,0.7857142857142857,1.0,1.0,6,0.4878048780487805
41,0.9,0.35,20260811,0.44540229885057475,0.6810344827586208,0.01,0.0,9,0.7073170731707317
41,0.9,0.35,20260811,0.5349999999999999,0.8025,1.0,1.0,4,0.6097560975609756
41,0.9,0.35,20260811,0.3384615384615385,0.7076923076923077,0.01,0.0,9,0.6341463414634146
41,0.9,0.35,20260811,0.2393939393939394,0.7151515151515151,0.01,0.0,9,0.7317073170731707
41,0.9,0.35,20260811,0.2424242424242424,0.6393939393939394,0.01,0.0,9,0.7317073170731707
41,0.9,0.35,20260811,0.3512820512820513,0.5,0.01,0.5,0,0.6341463414634146
41,0.9,0.35,20260811,0.4705882352941177,0.732843137254902,0.1,0.0,9,0.5853658536585366
41,0.9,0.35,20260811,0.6936274509803921,0.875,0.1,0.0,9,0.5853658536585366
41,0.9,0.35,20260811,0.7959770114942528,0.9252873563218391,1.0,1.0,7,0.7073170731707317
41,0.9,0.35,20260811,0.46078431372549017,0.7892156862745098,1.0,1.0,7,0.5853658536585366
41,0.9,0.35,20260811,0.35748792270531393,0.6376811594202898,0.01,0.0,9,0.5609756097560976
41,0.9,0.35,20260811,0.38725490196078427,0.661764705882353,0.01,0.0,9,0.5853658536585366
41,0.9,0.35,20260811,0.35885167464114837,0.6507177033492824,0.01,0.0,9,0.5365853658536586
41,0.9,0.35,20260811,0.3971291866028709,0.7440191387559809,1.0,1.0,7,0.5365853658536586
41,0.9,0.35,20260811,0.3921568627450981,0.7009803921568627,0.01,0.0,9,0.5853658536585366
41,0.9,0.35,20260811,0.4444444444444444,0.7857142857142857,1.0,1.0,6,0.6585365853658537
41,0.9,0.35,20260811,0.5735294117647058,0.8137254901960784,0.1,0.0,9,0.5853658536585366
41,0.9,0.35,20260811,0.4487179487179487,0.7384615384615384,0.01,0.0,9,0.6341463414634146
41,0.9,0.35,20260811,0.3756613756613757,0.7354497354497355,0.1,0.0,9,0.6585365853658537
41,0.9,0.35,20260811,0.48275862068965514,0.5,0.01,0.5,0,0.7073170731707317
41,0.9,0.35,20260811,0.46190476190476193,0.7952380952380953,1.0,1.0,5,0.4878048780487805
41,0.9,0.35,20260811,0.4969696969696969,0.7666666666666667,0.01,0.0,9,0.7317073170731707
41,0.9,0.35,20260811,0.23188405797101447,0.5,0.01,0.5,0,0.5609756097560976
41,0.9,0.35,20260811,0.3897058823529411,0.5,0.01,0.5,0,0.5853658536585366
41,0.9,0.35,20260811,0.3968253968253968,0.5,0.01,0.5,0,0.6585365853658537
41,0.9,0.35,20260811,0.6666666666666667,0.7974358974358975,0.1,0.0,9,0.6341463414634146
41,0.9,0.35,20260811,0.4131944444444445,0.7430555555555556,0.01,0.0,9,0.7804878048780488
41,0.9,0.35,20260811,0.5343137254901961,0.8284313725490196,1.0,1.0,5,0.5853658536585366
41,0.9,0.35,20260811,0.3775,0.76,1.0,1.0,5,0.6097560975609756
41,0.9,0.35,20260811,0.569047619047619,0.8238095238095238,1.0,1.0,6,0.4878048780487805
41,0.9,0.35,20260811,0.38571428571428573,0.5,0.01,0.5,0,0.4878048780487805
41,0.9,0.35,20260811,0.3625,0.8475,1.0,0.5,7,0.6097560975609756
41,0.9,0.35,20260811,0.8307692307692308,0.9128205128205128,1.0,1.0,4,0.6341463414634146
41,0.9,0.35,20260811,0.5303030303030303,0.7242424242424242,0.01,0.0,9,0.7317073170731707
41,0.9,0.35,20260811,0.34656084656084657,0.7671957671957672,0.1,0.0,9,0.6585365853658537
41,0.9,0.35,20260811,0.5765550239234449,0.7799043062200957,1.0,1.0,5,0.5365853658536586
41,0.9,0.35,20260811,0.396969696969697,0.5,0.01,0.5,0,0.7317073170731707
41,0.9,0.35,20260811,0.4420289855072464,0.5,0.01,0.5,0,0.5609756097560976
41,0.9,0.35,20260811,0.3025,0.7212500000000001,0.1,0.5,1,0.6097560975609756
41,0.9,0.35,20260811,0.664021164021164,0.8677248677248677,1.0,0.0,9,0.6585365853658537
41,0.9,0.35,20260811,0.30256410256410254,0.6051282051282052,0.01,0.0,9,0.6341463414634146
41,0.9,0.35,20260811,0.626984126984127,0.8544973544973545,1.0,1.0,5,0.6585365853658537
41,0.9,0.35,20260811,0.47619047619047616,0.8121693121693122,1.0,0.5,8,0.6585365853658537
41,0.9,0.35,20260811,0.5211640211640212,0.7142857142857143,0.01,0.0,9,0.6585365853658537
41,0.9,0.35,20260811,0.26499999999999996,0.5,0.01,0.5,0,0.6097560975609756
41,0.9,0.35,20260811,0.48250000000000004,0.7575000000000001,0.01,0.0,9,0.6097560975609756
41,0.9,0.35,20260811,0.37254901960784315,0.7230392156862745,0.1,0.0,9,0.5853658536585366
41,0.9,0.35,20260811,0.303921568627451,0.5,0.01,0.5,0,0.5853658536585366
41,0.9,0.35,20260811,0.2645161290322581,0.5,0.01,0.5,0,0.7560975609756098
41,0.9,0.35,20260811,0.4950980392156863,0.7916666666666667,1.0,0.0,9,0.5853658536585366
41,0.9,0.35,20260811,0.4846153846153846,0.7256410256410256,0.01,0.0,9,0.6341463414634146
41,0.9,0.35,20260811,0.7554945054945055,0.9175824175824177,1.0,1.0,5,0.6829268292682927
41,0.9,0.35,20260811,0.47101449275362317,0.8357487922705314,1.0,0.0,9,0.5609756097560976
41,0.9,0.35,20260811,0.4,0.676923076923077,0.01,0.0,9,0.6341463414634146
41,0.9,0.35,20260811,0.2867647058823529,0.7377450980392157,1.0,1.0,4,0.5853658536585366
41,0.9,0.35,20260811,0.5025641025641026,0.8102564102564103,0.1,0.0,9,0.6341463414634146
41,0.9,0.35,20260811,0.29365079365079366,0.7698412698412698,1.0,0.0,9,0.6585365853658537
41,0.9,0.35,20260811,0.4735449735449736,0.5,0.01,0.5,0,0.6585365853658537
41,0.9,0.35,20260811,0.5201149425287357,0.5,0.01,0.5,0,0.7073170731707317
41,0.9,0.35,20260811,0.45977011494252873,0.7672413793103448,1.0,1.0,5,0.7073170731707317
41,0.9,0.35,20260811,0.6230769230769231,0.8461538461538461,1.0,0.0,9,0.6341463414634146
41,0.9,0.35,20260811,0.4917582417582418,0.760989010989011,1.0,1.0,5,0.6829268292682927
41,0.9,0.35,20260811,0.5686813186813187,0.7884615384615385,0.01,0.0,9,0.6829268292682927
41,0.9,0.35,20260811,0.635,0.805,0.01,0.0,9,0.6097560975609756
41,0.9,0.35,20260811,0.4419354838709677,0.5,0.01,0.5,0,0.7560975609756098
41,0.9,0.35,20260811,0.4310344827586207,0.8189655172413793,1.0,1.0,6,0.7073170731707317
41,0.9,0.35,20260811,0.535,0.5,0.01,0.5,0,0.6097560975609756
41,0.9,0.35,20260811,0.3994708994708994,0.7063492063492063,0.01,0.0,9,0.6585365853658537
41,0.9,0.35,20260811,0.5412087912087913,0.8516483516483516,1.0,0.0,9,0.6829268292682927
41,0.9,0.35,20260811,0.5669856459330144,0.80622009569378,0.1,0.0,9,0.5365853658536586
41,0.9,0.35,20260811,0.5256410256410257,0.782051282051282,0.1,0.5,4,0.6341463414634146
41,0.9,0.35,20260811,0.4666666666666667,0.7047619047619048,0.01,0.0,9,0.5121951219512195
41,0.9,0.35,20260811,0.3936781609195402,0.735632183908046,0.01,0.0,9,0.7073170731707317
41,0.9,0.35,20260811,0.6666666666666667,0.8,0.01,0.0,9,0.7317073170731707
41,0.9,0.35,20260811,0.3775,0.655,0.01,0.0,9,0.6097560975609756
41,0.9,0.35,20260811,0.415,0.75625,0.1,0.5,1,0.6097560975609756
41,0.9,0.35,20260811,0.6675000000000001,0.8925000000000001,1.0,0.0,9,0.6097560975609756
41,0.9,0.35,20260811,0.7050000000000001,0.865,0.1,0.5,2,0.6097560975609756
41,0.9,0.35,20260811,0.34340659340659335,0.5,0.01,0.5,0,0.6829268292682927
41,0.9,0.35,20260811,0.21568627450980393,0.5,0.01,0.5,0,0.5853658536585366
41,0.9,0.35,20260811,0.4264705882352941,0.7352941176470589,0.1,0.0,9,0.5853658536585366
41,0.9,0.35,20260811,0.6897435897435898,0.8564102564102564,1.0,0.5,6,0.6341463414634146
41,0.9,0.35,20260811,0.5,0.7528735632183908,0.1,0.0,9,0.7073170731707317
41,0.9,0.35,20260811,0.6840277777777778,0.8715277777777778,1.0,0.0,9,0.7804878048780488
41,0.9,0.35,20260811,0.36904761904761907,0.5,0.01,0.5,0,0.5121951219512195
41,0.9,0.35,20260811,0.4138755980861244,0.5,0.01,0.5,0,0.4634146341463415
41,0.9,0.35,20260811,0.5796703296703297,0.8489010989010989,1.0,1.0,6,0.6829268292682927
41,0.9,0.35,20260811,0.4945054945054945,0.7087912087912088,0.01,0.0,9,0.6829268292682927
41,0.9,0.35,20260811,0.42307692307692313,0.6897435897435897,0.01,0.0,9,0.6341463414634146
41,0.9,0.35,20260811,0.40430622009569384,0.6650717703349283,0.01,0.0,9,0.5365853658536586
41,0.9,0.35,20260811,0.5396825396825397,0.828042328042328,1.0,1.0,6,0.6585365853658537
41,0.9,0.35,20260811,0.42500000000000004,0.6625,0.01,0.0,9,0.6097560975609756
41,0.9,0.35,20260811,0.5169082125603864,0.7028985507246377,0.01,0.0,9,0.5609756097560976
41,0.9,0.35,20260811,0.35151515151515156,0.5,0.01,0.5,0,0.7317073170731707
41,0.9,0.35,20260811,0.6174999999999999,0.8175,0.1,0.0,9,0.6097560975609756
41,0.9,0.35,20260811,0.396969696969697,0.5,0.01,0.5,0,0.7317073170731707
41,0.9,0.35,20260811,0.544973544973545,0.7857142857142857,1.0,1.0,4,0.6585365853658537
41,0.9,0.35,20260811,0.4666666666666666,0.7212121212121212,0.01,0.0,9,0.7317073170731707
41,0.9,0.35,20260811,0.43,0.6975,0.01,0.0,9,0.6097560975609756
41,0.9,0.35,20260811,0.6862745098039216,0.8480392156862745,0.1,0.0,9,0.5853658536585366
41,0.9,0.35,20260811,0.2296650717703349,0.5,0.01,0.5,0,0.4634146341463415
41,0.9,0.35,20260811,0.6900000000000002,0.8024999999999999,0.1,0.5,1,0.6097560975609756
41,0.9,0.35,20260811,0.47354497354497355,0.8386243386243386,1.0,0.0,9,0.6585365853658537
41,0.9,0.35,20260811,0.13480392156862744,0.5,0.01,0.5,0,0.5853658536585366
41,0.9,0.35,20260811,0.6350574712643678,0.8764367816091955,1.0,0.5,8,0.7073170731707317
41,0.9,0.35,20260811,0.6243386243386243,0.7777777777777777,0.1,0.5,2,0.6585365853658537
41,0.9,0.35,20260811,0.6296296296296298,0.8968253968253969,1.0,0.0,9,0.6585365853658537
41,0.9,0.35,20260811,0.3862433862433863,0.5,0.01,0.5,0,0.6585365853658537
41,0.9,0.35,20260811,0.7524509803921569,0.8799019607843138,0.1,0.0,9,0.5853658536585366
41,0.9,0.35,20260811,0.10989010989010987,0.6593406593406594,0.01,0.0,9,0.6829268292682927
41,0.9,0.35,20260811,0.5393939393939394,0.8121212121212121,1.0,1.0,7,0.7317073170731707
41,0.9,0.35,20260811,0.5269607843137254,0.7745098039215687,1.0,1.0,5,0.5853658536585366
41,0.9,0.35,20260811,0.3888888888888889,0.5,0.01,0.5,0,0.5609756097560976
41,0.9,0.5,20260811,0.6746411483253588,0.8636363636363636,0.1,0.0,9,0.4634146341463415
41,0.9,0.5,20260811,0.41758241758241754,0.5,0.01,0.5,0,0.6829268292682927
41,0.9,0.5,20260811,0.671957671957672,0.8597883597883598,1.0,0.5,8,0.6585365853658537
41,0.9,0.5,20260811,0.3717948717948718,0.7282051282051283,1.0,0.5,5,0.6341463414634146
41,0.9,0.5,20260811,0.5833333333333334,0.8505747126436782,0.1,0.0,9,0.7073170731707317
41,0.9,0.5,20260811,0.4862637362637362,0.8379120879120879,1.0,0.0,9,0.6829268292682927
41,0.9,0.5,20260811,0.6098901098901098,0.8516483516483517,0.1,0.0,9,0.6829268292682927
41,0.9,0.5,20260811,0.4626436781609195,0.6810344827586208,0.01,0.0,9,0.7073170731707317
41,0.9,0.5,20260811,0.41208791208791207,0.7445054945054946,1.0,1.0,4,0.6829268292682927
41,0.9,0.5,20260811,0.21590909090909088,0.5,0.01,0.5,0,0.8048780487804879
41,0.9,0.5,20260811,0.37179487179487175,0.7153846153846153,0.1,0.5,1,0.6341463414634146
41,0.9,0.5,20260811,0.38387096774193546,0.7064516129032258,0.01,0.0,9,0.7560975609756098
41,0.9,0.5,20260811,0.4564102564102564,0.7000000000000001,0.01,0.0,9,0.6341463414634146
41,0.9,0.5,20260811,0.5211640211640212,0.6825396825396826,0.1,0.0,9,0.6585365853658537
41,0.9,0.5,20260811,0.3878787878787878,0.7818181818181817,1.0,0.0,9,0.7317073170731707
41,0.9,0.5,20260811,0.5850000000000001,0.845,1.0,0.0,9,0.6097560975609756
41,0.9,0.5,20260811,0.17703349282296652,0.5,0.01,0.5,0,0.5365853658536586
41,0.9,0.5,20260811,0.2696969696969697,0.5,0.01,0.5,0,0.7317073170731707
41,0.9,0.5,20260811,0.4,0.6775,0.01,0.0,9,0.6097560975609756
41,0.9,0.5,20260811,0.6475,0.8125,0.1,0.0,9,0.6097560975609756
41,0.9,0.5,20260811,0.6871794871794871,0.7102564102564103,0.1,0.5,1,0.6341463414634146
41,0.9,0.5,20260811,0.36363636363636365,0.7121212121212122,0.01,0.0,9,0.7317073170731707
41,0.9,0.5,20260811,0.6190476190476191,0.8095238095238095,0.01,0.0,9,0.6585365853658537
41,0.9,0.5,20260811,0.30423280423280424,0.5,0.01,0.5,0,0.6585365853658537
41,0.9,0.5,20260811,0.4683908045977012,0.7442528735632183,0.1,0.0,9,0.7073170731707317
41,0.9,0.5,20260811,0.33516483516483514,0.5,0.01,0.5,0,0.6829268292682927
41,0.9,0.5,20260811,0.6666666666666666,0.8412698412698413,1.0,0.5,7,0.6585365853658537
41,0.9,0.5,20260811,0.4818181818181818,0.7909090909090909,0.1,0.0,9,0.7317073170731707
41,0.9,0.5,20260811,0.4730392156862745,0.7034313725490196,0.01,0.0,9,0.5853658536585366
41,0.9,0.5,20260811,0.49725274725274726,0.7527472527472528,0.01,0.0,9,0.6829268292682927
41,0.9,0.5,20260811,0.6164021164021164,0.7857142857142858,0.01,0.0,9,0.6585365853658537
41,0.9,0.5,20260811,0.6848484848484848,0.8242424242424242,0.1,0.0,9,0.7317073170731707
41,0.9,0.5,20260811,0.5,0.6889952153110048,0.01,0.0,9,0.5365853658536586
41,0.9,0.5,20260811,0.40476190476190477,0.7671957671957672,1.0,0.5,8,0.6585365853658537
41,0.9,0.5,20260811,0.4044117647058823,0.6838235294117647,0.01,0.0,9,0.5853658536585366
41,0.9,0.5,20260811,0.35748792270531404,0.5,0.01,0.5,0,0.5609756097560976
41,0.9,0.5,20260811,0.31025641025641026,0.6948717948717948,1.0,1.0,6,0.6341463414634146
41,0.9,0.5,20260811,0.8684210526315789,0.9569377990430622,1.0,1.0,4,0.5365853658536586
41,0.9,0.5,20260811,0.6436781609195402,0.7988505747126436,0.01,0.0,9,0.7073170731707317
41,0.9,0.5,20260811,0.5545454545454547,0.7878787878787878,0.01,0.0,9,0.7317073170731707
41,0.9,0.5,20260811,0.3175,0.655,0.01,0.0,9,0.6097560975609756
41,0.9,0.5,20260811,0.5294117647058824,0.696078431372549,0.01,0.0,9,0.5853658536585366
41,0.9,0.5,20260811,0.4,0.8354838709677419,1.0,0.0,9,0.7560975609756098
41,0.9,0.5,20260811,0.4423076923076923,0.7967032967032968,1.0,1.0,5,0.6829268292682927
41,0.9,0.5,20260811,0.8505747126436782,0.9712643678160919,1.0,1.0,6,0.7073170731707317
41,0.9,0.5,20260811,0.4461538461538461,0.7307692307692308,0.01,0.0,9,0.6341463414634146
41,0.9,0.5,20260811,0.3424242424242424,0.693939393939394,0.01,0.0,9,0.7317073170731707
41,0.9,0.5,20260811,0.31025641025641026,0.5,0.01,0.5,0,0.6341463414634146
41,0.9,0.5,20260811,0.23188405797101447,0.7874396135265701,1.0,0.0,9,0.5609756097560976
41,0.9,0.5,20260811,0.5282051282051282,0.7666666666666667,0.01,0.0,9,0.6341463414634146
41,0.9,0.5,20260811,0.6100478468899522,0.8444976076555024,0.1,0.0,9,0.5365853658536586
41,0.9,0.5,20260811,0.49264705882352944,0.6887254901960784,0.01,0.0,9,0.5853658536585366
41,0.9,0.5,20260811,0.33999999999999997,0.74,1.0,1.0,4,0.6097560975609756
41,0.9,0.5,20260811,0.7081339712918661,0.8277511961722489,0.01,0.0,9,0.5365853658536586
41,0.9,0.5,20260811,0.46060606060606063,0.8121212121212121,1.0,0.0,9,0.7317073170731707
41,0.9,0.5,20260811,0.37254901960784315,0.7647058823529411,1.0,0.5,8,0.5853658536585366
41,0.9,0.5,20260811,0.3846153846153846,0.5,0.01,0.5,0,0.6341463414634146
41,0.9,0.5,20260811,0.25,0.5,0.01,0.5,0,0.6829268292682927
41,0.9,0.5,20260811,0.6349206349206349,0.8015873015873015,0.01,0.0,9,0.6585365853658537
41,0.9,0.5,20260811,0.5211640211640212,0.8835978835978836,1.0,1.0,4,0.6585365853658537
41,0.9,0.5,20260811,0.43,0.7075,0.1,0.5,1,0.6097560975609756
41,0.9,0.5,20260811,0.4696969696969697,0.8151515151515152,1.0,1.0,5,0.7317073170731707
41,0.9,0.5,20260811,0.6181818181818182,0.8303030303030303,0.1,0.0,9,0.7317073170731707
41,0.9,0.5,20260811,0.6153846153846153,0.8846153846153846,1.0,0.5,7,0.6829268292682927
41,0.9,0.5,20260811,0.43131868131868134,0.6675824175824175,0.01,0.0,9,0.6829268292682927
41,0.9,0.5,20260811,0.7107843137254903,0.8627450980392157,1.0,1.0,4,0.5853658536585366
41,0.9,0.5,20260811,0.22248803827751198,0.7117224880382775,0.1,0.5,1,0.5365853658536586
41,0.9,0.5,20260811,0.3015873015873016,0.5,0.01,0.5,0,0.6585365853658537
41,0.9,0.5,20260811,0.5425,0.7225,0.01,0.0,9,0.6097560975609756
41,0.9,0.5,20260811,0.515,0.7224999999999999,0.01,0.0,9,0.6097560975609756
41,0.9,0.5,20260811,0.45169082125603865,0.7198067632850241,0.01,0.0,9,0.5609756097560976
41,0.9,0.5,20260811,0.5121212121212122,0.759090909090909,1.0,1.0,4,0.7317073170731707
41,0.9,0.5,20260811,0.558974358974359,0.8461538461538461,1.0,0.0,9,0.6341463414634146
41,0.9,0.5,20260811,0.6148325358851675,0.8349282296650717,0.1,0.0,9,0.5365853658536586
41,0.9,0.5,20260811,0.4358974358974359,0.5,0.01,0.5,0,0.6341463414634146
41,0.9,0.5,20260811,0.47126436781609193,0.6436781609195403,0.01,0.0,9,0.7073170731707317
41,0.9,0.5,20260811,0.367816091954023,0.7241379310344828,0.1,0.5,1,0.7073170731707317
41,0.9,0.5,20260811,0.4779411764705882,0.7450980392156863,0.1,0.0,9,0.5853658536585366
41,0.9,0.5,20260811,0.56,0.745,0.01,0.0,9,0.6097560975609756
41,0.9,0.5,20260811,0.6043956043956044,0.7541208791208791,0.1,0.5,1,0.6829268292682927
41,0.9,0.5,20260811,0.26098901098901095,0.6318681318681318,0.01,0.0,9,0.6829268292682927
41,0.9,0.5,20260811,0.33225806451612905,0.5,0.01,0.5,0,0.7560975609756098
41,0.9,0.5,20260811,0.5357142857142857,0.75,0.01,0.0,9,0.6829268292682927
41,0.9,0.5,20260811,0.541025641025641,0.5,0.01,0.5,0,0.6341463414634146
41,0.9,0.5,20260811,0.5105820105820106,0.6534391534391534,0.01,0.0,9,0.6585365853658537
41,0.9,0.5,20260811,0.20303030303030303,0.9030303030303031,1.0,0.0,9,0.7317073170731707
41,0.9,0.5,20260811,0.3620689655172413,0.6408045977011495,0.01,0.0,9,0.7073170731707317
41,0.9,0.5,20260811,0.2608695652173913,0.5,0.01,0.5,0,0.5609756097560976
41,0.9,0.5,20260811,0.7433862433862434,0.9126984126984127,1.0,0.0,9,0.6585365853658537
41,0.9,0.5,20260811,0.5714285714285714,0.8489010989010989,1.0,1.0,6,0.6829268292682927
41,0.9,0.5,20260811,0.3406593406593406,0.5,0.01,0.5,0,0.6829268292682927
41,0.9,0.5,20260811,0.6285714285714286,0.8166666666666667,0.1,0.0,9,0.4878048780487805
41,0.9,0.5,20260811,0.6521739130434783,0.8405797101449275,1.0,0.0,9,0.5609756097560976
41,0.9,0.5,20260811,0.5057471264367817,0.7959770114942529,1.0,0.0,9,0.7073170731707317
41,0.9,0.5,20260811,0.7307692307692308,0.8983516483516484,1.0,1.0,5,0.6829268292682927
41,0.9,0.5,20260811,0.7034313725490197,0.8112745098039216,0.1,0.5,3,0.5853658536585366
41,0.9,0.5,20260811,0.4696969696969698,0.7424242424242424,1.0,0.5,7,0.7317073170731707
41,0.9,0.5,20260811,0.4330143540669857,0.8444976076555024,1.0,0.5,8,0.5365853658536586
41,0.9,0.5,20260811,0.553921568627451,0.8872549019607843,1.0,0.0,9,0.5853658536585366
41,0.9,0.5,20260811,0.40714285714285714,0.6761904761904761,0.01,0.0,9,0.5121951219512195
41,0.9,0.5,20260811,0.43915343915343913,0.6746031746031746,0.01,0.0,9,0.6585365853658537
41,0.9,0.5,20260811,0.48351648351648346,0.5,0.01,0.5,0,0.6829268292682927
41,0.9,0.5,20260811,0.38095238095238093,0.7642857142857142,1.0,0.5,8,0.5121951219512195
41,0.9,0.5,20260811,0.6323529411764706,0.7990196078431373,1.0,0.5,6,0.5853658536585366
41,0.9,0.5,20260811,0.5820512820512821,0.7717948717948717,0.01,0.0,9,0.6341463414634146
41,0.9,0.5,20260811,0.4736842105263158,0.7870813397129186,1.0,0.5,8,0.5365853658536586
41,0.9,0.5,20260811,0.3620689655172413,0.7959770114942528,1.0,0.5,8,0.7073170731707317
41,0.9,0.5,20260811,0.5978835978835979,0.7566137566137565,0.01,0.0,9,0.6585365853658537
41,0.9,0.5,20260811,0.5287081339712919,0.791866028708134,1.0,1.0,6,0.5365853658536586
41,0.9,0.5,20260811,0.3626373626373627,0.6208791208791209,0.01,0.0,9,0.6829268292682927
41,0.9,0.5,20260811,0.3848039215686274,0.7181372549019608,0.01,0.0,9,0.5853658536585366
41,0.9,0.5,20260811,0.5666666666666667,0.7923076923076924,0.01,0.0,9,0.6341463414634146
41,0.9,0.5,20260811,0.4325,0.5,0.01,0.5,0,0.6097560975609756
41,0.9,0.5,20260811,0.4814814814814815,0.7195767195767196,0.01,0.0,9,0.6585365853658537
41,0.9,0.5,20260811,0.2701149425287356,0.7816091954022989,1.0,1.0,3,0.7073170731707317
41,0.9,0.5,20260811,0.40196078431372545,0.7401960784313726,1.0,0.5,6,0.5853658536585366
41,0.9,0.5,20260811,0.5272727272727273,0.8272727272727273,1.0,1.0,5,0.7317073170731707
41,0.9,0.5,20260811,0.04838709677419354,0.5,0.01,0.5,0,0.7560975609756098
41,0.9,0.5,20260811,0.47419354838709676,0.8177419354838711,0.1,0.5,2,0.7560975609756098
41,0.9,0.5,20260811,0.6264367816091955,0.8189655172413793,1.0,1.0,4,0.7073170731707317
41,0.9,0.5,20260811,0.3333333333333333,0.5,0.01,0.5,0,0.7073170731707317
41,0.9,0.5,20260811,0.39999999999999997,0.6820512820512821,0.01,0.0,9,0.6341463414634146
41,0.9,0.5,20260811,0.5659340659340659,0.7692307692307693,1.0,1.0,5,0.6829268292682927
41,0.9,0.5,20260811,0.6666666666666667,0.8115942028985508,1.0,1.0,4,0.5609756097560976
41,0.9,0.5,20260811,0.7307692307692307,0.8296703296703296,0.1,0.5,3,0.6829268292682927
41,0.9,0.5,20260811,0.43131868131868134,0.7802197802197802,1.0,1.0,5,0.6829268292682927
41,0.9,0.5,20260811,0.5615384615384615,0.7756410256410257,0.1,0.5,2,0.6341463414634146
41,0.9,0.5,20260811,0.6741935483870968,0.8774193548387097,1.0,1.0,4,0.7560975609756098
41,0.9,0.5,20260811,0.20531400966183577,0.5,0.01,0.5,0,0.5609756097560976
41,0.9,0.5,20260811,0.4613526570048309,0.6763285024154589,0.01,0.0,9,0.5609756097560976
41,0.9,0.5,20260811,0.19576719576719576,0.5,0.01,0.5,0,0.6585365853658537
41,0.9,0.5,20260811,0.6031746031746031,0.7751322751322751,0.1,0.0,9,0.6585365853658537
41,0.9,0.5,20260811,0.5425,0.78,0.1,0.0,9,0.6097560975609756
41,0.9,0.5,20260811,0.6212121212121212,0.8,0.1,0.0,9,0.7317073170731707
41,0.9,0.5,20260811,0.446078431372549,0.7401960784313726,0.01,0.0,9,0.5853658536585366
41,0.9,0.5,20260811,0.2484848484848485,0.5,0.01,0.5,0,0.7317073170731707
41,0.9,0.5,20260811,0.8157894736842106,0.937799043062201,1.0,0.5,9,0.5365853658536586
41,0.9,0.5,20260811,0.5261904761904761,0.7095238095238096,0.01,0.0,9,0.5121951219512195
41,0.9,0.5,20260811,0.35978835978835977,0.656084656084656,0.01,0.0,9,0.6585365853658537
41,0.9,0.5,20260811,0.6153846153846154,0.7747252747252746,0.1,0.5,3,0.6829268292682927
41,0.9,0.5,20260811,0.5990338164251208,0.7584541062801933,0.01,0.0,9,0.5609756097560976
41,0.9,0.5,20260811,0.24603174603174605,0.5,0.01,0.5,0,0.6585365853658537
41,0.9,0.5,20260811,0.625,0.5,0.01,0.5,0,0.6097560975609756
41,0.9,0.5,20260811,0.31794871794871793,0.658974358974359,0.01,0.0,9,0.6341463414634146
41,0.9,0.5,20260811,0.21500000000000002,0.6950000000000001,0.01,0.0,9,0.6097560975609756
41,0.9,0.5,20260811,0.5632183908045977,0.6839080459770116,1.0,1.0,4,0.7073170731707317
41,0.9,0.5,20260811,0.3952380952380953,0.6523809523809524,0.01,0.0,9,0.4878048780487805
41,0.9,0.5,20260811,0.42000000000000004,0.7625,1.0,0.0,9,0.6097560975609756
41,0.9,0.5,20260811,0.5023809523809524,0.7071428571428572,0.01,0.0,9,0.4878048780487805
41,0.9,0.5,20260811,0.3563218390804598,0.7011494252873562,0.1,0.5,1,0.7073170731707317
41,0.9,0.5,20260811,0.4252873563218391,0.5,0.01,0.5,0,0.7073170731707317
41,0.9,0.5,20260811,0.24154589371980675,0.5,0.01,0.5,0,0.5609756097560976
41,0.9,0.5,20260811,0.3769230769230769,0.7333333333333334,0.01,0.0,9,0.6341463414634146
41,0.9,0.5,20260811,0.5906593406593406,0.8434065934065934,1.0,0.0,9,0.6829268292682927
41,0.9,0.5,20260811,0.66,0.8,0.01,0.0,9,0.6097560975609756
41,0.9,0.5,20260811,0.3706896551724138,0.8591954022988506,1.0,0.0,9,0.7073170731707317
41,0.9,0.5,20260811,0.2058823529411765,0.6985294117647058,1.0,0.0,9,0.5853658536585366
41,0.9,0.5,20260811,0.4387096774193549,0.7451612903225806,1.0,0.5,8,0.7560975609756098
41,0.9,0.5,20260811,0.3756613756613757,0.6455026455026455,0.01,0.0,9,0.6585365853658537
41,0.9,0.5,20260811,0.3303030303030303,0.696969696969697,0.01,0.0,9,0.7317073170731707
41,0.9,0.5,20260811,0.406060606060606,0.5,0.01,0.5,0,0.7317073170731707
41,0.9,0.5,20260811,0.35714285714285715,0.6895604395604396,0.01,0.0,9,0.6829268292682927
41,0.9,0.5,20260811,0.4484848484848485,0.8303030303030303,1.0,0.5,5,0.7317073170731707
41,0.9,0.5,20260811,0.5475000000000001,0.8325,1.0,1.0,6,0.6097560975609756
41,0.9,0.5,20260811,0.40645161290322573,0.5,0.01,0.5,0,0.7560975609756098
41,0.9,0.5,20260811,0.5718390804597702,0.8879310344827587,1.0,0.0,9,0.7073170731707317
41,0.9,0.5,20260811,0.6149425287356322,0.7614942528735633,0.01,0.0,9,0.7073170731707317
41,0.9,0.5,20260811,0.7875,0.875,0.01,0.0,9,0.6097560975609756
41,0.9,0.5,20260811,0.4717948717948718,0.7692307692307692,0.1,0.0,9,0.6341463414634146
41,0.9,0.5,20260811,0.554945054945055,0.7005494505494505,0.01,0.0,9,0.6829268292682927
41,0.9,0.5,20260811,0.3921568627450981,0.5,0.01,0.5,0,0.5853658536585366
41,0.9,0.5,20260811,0.6333333333333333,0.8242424242424243,0.1,0.0,9,0.7317073170731707
41,0.9,0.5,20260811,0.48095238095238096,0.7452380952380953,0.1,0.0,9,0.4878048780487805
41,0.9,0.5,20260811,0.6589743589743591,0.8025641025641026,0.01,0.0,9,0.6341463414634146
41,0.9,0.5,20260811,0.4025641025641026,0.6974358974358974,0.01,0.0,9,0.6341463414634146
41,0.9,0.5,20260811,0.2442528735632184,0.6695402298850575,0.01,0.0,9,0.7073170731707317
41,0.9,0.5,20260811,0.45454545454545453,0.721291866028708,0.1,0.5,1,0.5365853658536586
41,0.9,0.5,20260811,0.30208333333333337,0.5,0.01,0.5,0,0.7804878048780488
41,0.9,0.5,20260811,0.455,0.7,0.1,0.5,1,0.6097560975609756
41,0.9,0.5,20260811,0.7166666666666667,0.8357142857142856,0.1,0.0,9,0.5121951219512195
41,0.9,0.5,20260811,0.29166666666666663,0.5,0.01,0.5,0,0.8048780487804879
41,0.9,0.5,20260811,0.6291866028708134,0.7966507177033493,1.0,0.0,9,0.5365853658536586
41,0.9,0.5,20260811,0.45098039215686275,0.5,0.01,0.5,0,0.5853658536585366
41,0.9,0.5,20260811,0.6256038647342994,0.7874396135265701,0.01,0.0,9,0.5609756097560976
41,0.9,0.5,20260811,0.3792270531400966,0.6642512077294686,0.01,0.0,9,0.5609756097560976
41,0.9,0.5,20260811,0.2946859903381643,0.6908212560386473,0.01,0.0,9,0.5609756097560976
41,0.9,0.5,20260811,0.47126436781609193,0.6925287356321839,0.01,0.0,9,0.7073170731707317
41,0.9,0.5,20260811,0.4021164021164021,0.6216931216931216,0.01,0.0,9,0.6585365853658537
41,0.9,0.5,20260811,0.5717948717948718,0.8230769230769232,1.0,0.0,9,0.6341463414634146
41,0.9,0.5,20260811,0.7582417582417582,0.8818681318681318,0.01,0.0,9,0.6829268292682927
41,0.9,0.5,20260811,0.6028708133971292,0.8086124401913876,0.1,0.5,4,0.5365853658536586
41,0.9,0.5,20260811,0.09569377990430623,0.715311004784689,1.0,0.5,9,0.5365853658536586
41,0.9,0.5,20260811,0.4712918660287082,0.6961722488038278,0.01,0.0,9,0.5365853658536586
41,0.9,0.5,20260811,0.4885057471264368,0.735632183908046,0.1,0.5,1,0.7073170731707317
41,0.9,0.5,20260811,0.4841269841269841,0.8597883597883598,1.0,0.0,9,0.6585365853658537
41,0.9,0.5,20260811,0.536231884057971,0.7101449275362319,0.01,0.0,9,0.5609756097560976
41,0.9,0.5,20260811,0.2830687830687831,0.5,0.01,0.5,0,0.6585365853658537
41,0.9,0.5,20260811,0.28019323671497587,0.5,0.01,0.5,0,0.5609756097560976
41,0.9,0.5,20260811,0.54,0.7725000000000001,0.1,0.0,9,0.6097560975609756
41,0.9,0.5,20260811,0.428921568627451,0.6985294117647058,0.01,0.0,9,0.5853658536585366
41,0.9,0.5,20260811,0.3225,0.6400000000000001,0.01,0.0,9,0.6097560975609756
41,0.9,0.5,20260811,0.42000000000000004,0.7250000000000001,0.1,0.0,9,0.6097560975609756
41,0.9,0.5,20260811,0.7692307692307693,0.8948717948717949,1.0,1.0,4,0.6341463414634146
41,0.9,0.5,20260811,0.37643678160919536,0.7126436781609196,0.01,0.0,9,0.7073170731707317
41,0.9,0.5,20260811,0.335,0.685,0.01,0.0,9,0.6097560975609756
41,0.9,0.5,20260811,0.3454106280193237,0.5,0.01,0.5,0,0.5609756097560976
41,0.9,0.5,20260811,0.5357142857142857,0.5,0.01,0.5,0,0.6829268292682927
41,0.9,0.5,20260811,0.6071428571428571,0.7582417582417582,0.1,0.0,9,0.6829268292682927
41,0.9,0.5,20260811,0.2212121212121212,0.6636363636363636,0.01,0.0,9,0.7317073170731707
41,0.9,0.5,20260811,0.5909090909090909,0.8424242424242424,1.0,1.0,6,0.7317073170731707
41,0.9,0.5,20260811,0.5051282051282051,0.7346153846153847,0.1,0.5,3,0.6341463414634146
41,0.9,0.5,20260811,0.5128205128205128,0.7153846153846154,0.01,0.0,9,0.6341463414634146
41,0.9,0.5,20260811,0.3677248677248678,0.5,0.01,0.5,0,0.6585365853658537
41,0.9,0.5,20260811,0.20343137254901958,0.6666666666666667,0.01,0.0,9,0.5853658536585366
41,0.9,0.5,20260811,0.11249999999999999,0.735,1.0,1.0,6,0.6097560975609756
41,0.9,0.5,20260811,0.3015873015873016,0.738095238095238,0.01,0.0,9,0.6585365853658537
41,0.9,0.5,20260811,0.5686813186813187,0.7527472527472527,0.01,0.0,9,0.6829268292682927
41,0.9,0.5,20260811,0.5034722222222222,0.6215277777777778,0.01,0.0,9,0.7804878048780488
41,0.9,0.5,20260811,0.4423076923076923,0.5686813186813187,0.01,0.0,9,0.6829268292682927
41,0.9,0.5,20260811,0.1954022988505747,0.5,0.01,0.5,0,0.7073170731707317
41,0.9,0.5,20260811,0.517948717948718,0.7448717948717949,0.1,0.5,1,0.6341463414634146
41,0.9,0.5,20260811,0.31025641025641026,0.7076923076923078,0.01,0.0,9,0.6341463414634146
41,0.9,0.5,20260811,0.5555555555555556,0.746031746031746,0.01,0.0,9,0.6585365853658537
41,0.9,0.5,20260811,0.3282051282051282,0.6794871794871795,0.01,0.0,9,0.6341463414634146
41,0.9,0.5,20260811,0.3406593406593406,0.5,0.01,0.5,0,0.6829268292682927
41,0.9,0.5,20260811,0.535483870967742,0.7903225806451614,0.01,0.0,9,0.7560975609756098
41,0.9,0.5,20260811,0.5302197802197802,0.7802197802197802,0.1,0.0,9,0.6829268292682927
41,0.9,0.5,20260811,0.45,0.6975,0.01,0.0,9,0.6097560975609756
41,0.9,0.5,20260811,0.27990430622009577,0.6507177033492823,0.01,0.0,9,0.5365853658536586
41,0.9,0.5,20260811,0.2198067632850242,0.6714975845410628,0.01,0.0,9,0.5609756097560976
41,0.9,0.5,20260811,0.4725274725274725,0.75,0.1,0.0,9,0.6829268292682927
41,0.9,0.5,20260811,0.6031746031746033,0.8492063492063493,1.0,0.5,6,0.6585365853658537
41,0.9,0.5,20260811,0.5025,0.7125000000000001,0.01,0.0,9,0.6097560975609756
41,0.9,0.5,20260811,0.6153846153846154,0.858974358974359,1.0,0.5,8,0.6341463414634146
41,0.9,0.5,20260811,0.7426470588235294,0.7941176470588236,0.01,0.0,9,0.5853658536585366
41,0.9,0.5,20260811,0.2818627450980392,0.5,0.01,0.5,0,0.5853658536585366
41,0.9,0.5,20260811,0.20256410256410257,0.8025641025641026,1.0,0.0,9,0.6341463414634146
41,0.9,0.5,20260811,0.51,0.7,0.01,0.0,9,0.6097560975609756
41,0.9,0.5,20260811,0.5314009661835749,0.7560386473429952,0.01,0.0,9,0.5609756097560976
41,0.9,0.5,20260811,0.26666666666666666,0.6564102564102564,0.1,0.0,9,0.6341463414634146
41,0.9,0.5,20260811,0.4232804232804233,0.67989417989418,1.0,1.0,6,0.6585365853658537
41,0.9,0.5,20260811,0.47303921568627455,0.7181372549019608,0.1,0.5,3,0.5853658536585366
41,0.9,0.5,20260811,0.5977011494252874,0.6896551724137931,0.1,0.5,1,0.7073170731707317
41,0.9,0.5,20260811,0.29885057471264365,0.5,0.01,0.5,0,0.7073170731707317
41,0.9,0.5,20260811,0.47750000000000004,0.77,1.0,1.0,4,0.6097560975609756
41,0.9,0.5,20260811,0.6484848484848484,0.8424242424242423,0.01,0.0,9,0.7317073170731707
41,0.9,0.5,20260811,0.6738095238095237,0.8714285714285714,1.0,0.5,8,0.4878048780487805
41,0.9,0.5,20260811,0.45952380952380956,0.7547619047619047,1.0,1.0,6,0.5121951219512195
41,0.9,0.5,20260811,0.6967741935483871,0.8548387096774194,0.01,0.0,9,0.7560975609756098
41,0.9,0.5,20260811,0.43,0.5,0.01,0.5,0,0.6097560975609756
41,0.9,0.5,20260811,0.7048611111111112,0.8298611111111112,0.1,0.5,2,0.7804878048780488
41,0.9,0.5,20260811,0.5475,0.81,0.1,0.0,9,0.6097560975609756
41,0.9,0.5,20260811,0.5459770114942528,0.7385057471264367,0.01,0.0,9,0.7073170731707317
41,0.9,0.5,20260811,0.6111111111111112,0.7916666666666667,0.01,0.0,9,0.7804878048780488
41,0.9,0.5,20260811,0.4913793103448277,0.7500000000000001,0.01,0.0,9,0.7073170731707317
41,0.9,0.5,20260811,0.6016483516483517,0.8434065934065934,0.1,0.0,9,0.6829268292682927
41,0.9,0.5,20260811,0.19138755980861247,0.5,0.01,0.5,0,0.5365853658536586
41,0.9,0.5,20260811,0.5714285714285714,0.746031746031746,0.01,0.0,9,0.6585365853658537
41,0.9,0.5,20260811,0.37750000000000006,0.72,1.0,0.5,7,0.6097560975609756
41,0.9,0.5,20260811,0.1724137931034483,0.5,0.01,0.5,0,0.7073170731707317
41,0.9,0.5,20260811,0.49725274725274726,0.7115384615384616,0.01,0.0,9,0.6829268292682927
41,0.9,0.5,20260811,0.3793103448275862,0.6954022988505748,0.01,0.0,9,0.7073170731707317
41,0.9,0.5,20260811,0.6076923076923078,0.8051282051282052,0.1,0.5,2,0.36585365853658536
41,0.9,0.5,20260811,0.45588235294117646,0.6715686274509804,0.01,0.0,9,0.4146341463414634
41,0.9,0.5,20260811,0.3175,0.6174999999999999,0.01,0.0,9,0.6097560975609756
41,0.9,0.5,20260811,0.43333333333333335,0.7484848484848485,0.1,0.0,9,0.7317073170731707
41,0.9,0.5,20260811,0.8434065934065934,0.9423076923076923,1.0,0.0,9,0.6829268292682927
41,0.9,0.5,20260811,0.5179487179487179,0.7346153846153847,0.1,0.5,1,0.6341463414634146
41,0.9,0.5,20260811,0.4365079365079365,0.5,0.01,0.5,0,0.6585365853658537
41,0.9,0.5,20260811,0.41666666666666663,0.6452380952380952,0.01,0.0,9,0.4878048780487805
41,0.9,0.5,20260811,0.43030303030303035,0.5,0.01,0.5,0,0.7317073170731707
41,0.9,0.5,20260811,0.7538461538461538,0.9461538461538461,1.0,1.0,5,0.6341463414634146
41,0.9,0.5,20260811,0.7000000000000001,0.8575757575757577,0.01,0.0,9,0.7317073170731707
41,0.9,0.5,20260811,0.6016483516483517,0.8461538461538461,1.0,0.0,9,0.6829268292682927
41,0.9,0.5,20260811,0.4240196078431372,0.5,0.01,0.5,0,0.5853658536585366
41,0.9,0.5,20260811,0.2584541062801933,0.6545893719806763,0.1,0.5,1,0.5609756097560976
41,0.9,0.5,20260811,0.3161764705882353,0.5,0.01,0.5,0,0.5853658536585366
41,0.9,0.5,20260811,0.7009569377990431,0.8875598086124402,1.0,0.5,7,0.5365853658536586
41,0.9,0.5,20260811,0.6181318681318682,0.8296703296703297,1.0,0.5,6,0.6829268292682927
41,0.9,0.5,20260811,0.25384615384615383,0.6820512820512821,0.01,0.0,9,0.6341463414634146
41,0.9,0.5,20260811,0.543956043956044,0.7884615384615384,0.1,0.0,9,0.6829268292682927
41,0.9,0.5,20260811,0.462962962962963,0.7407407407407407,0.01,0.0,9,0.6585365853658537
41,0.9,0.5,20260811,0.467741935483871,0.7645161290322581,0.01,0.0,9,0.7560975609756098
41,0.9,0.5,20260811,0.36231884057971014,0.78743961352657,1.0,0.5,7,0.5609756097560976
41,0.9,0.5,20260811,0.3412698412698413,0.5,0.01,0.5,0,0.6585365853658537
41,0.9,0.5,20260811,0.3948717948717948,0.7615384615384616,0.1,0.0,9,0.6341463414634146
41,0.9,0.5,20260811,0.5588235294117647,0.7965686274509804,1.0,0.0,9,0.5853658536585366
41,0.9,0.5,20260811,0.5686274509803921,0.7696078431372549,0.01,0.0,9,0.5853658536585366
41,0.9,0.5,20260811,0.7,0.8076923076923077,0.01,0.0,9,0.6341463414634146
41,0.9,0.5,20260811,0.20048309178743962,0.6376811594202898,0.01,0.0,9,0.5609756097560976
41,0.9,0.5,20260811,0.2974358974358975,0.6846153846153846,0.01,0.0,9,0.6341463414634146
41,0.9,0.5,20260811,0.6641025641025642,0.8102564102564103,0.1,0.5,1,0.6341463414634146
41,0.9,0.5,20260811,0.42647058823529416,0.6666666666666667,0.01,0.0,9,0.5853658536585366
41,0.9,0.5,20260811,0.3090277777777778,0.7604166666666666,0.01,0.0,9,0.7804878048780488
41,0.9,0.5,20260811,0.6126373626373627,0.8241758241758242,1.0,1.0,5,0.6829268292682927
41,0.9,0.5,20260811,0.6519607843137255,0.7928921568627451,0.1,0.5,2,0.5853658536585366
41,0.9,0.5,20260811,0.41148325358851673,0.5,0.01,0.5,0,0.5365853658536586
41,0.9,0.5,20260811,0.43333333333333335,0.7461538461538462,1.0,0.5,7,0.6341463414634146
41,0.9,0.5,20260811,0.37,0.6675,0.01,0.0,9,0.6097560975609756
41,0.9,0.5,20260811,0.47878787878787876,0.7484848484848485,0.01,0.0,9,0.7317073170731707
41,0.9,0.5,20260811,0.6256410256410256,0.8153846153846154,1.0,0.0,9,0.6341463414634146
41,0.9,0.5,20260811,0.6878306878306878,0.8121693121693122,0.1,0.5,3,0.6585365853658537
41,0.9,0.5,20260811,0.6291866028708134,0.8277511961722488,0.1,0.0,9,0.5365853658536586
41,0.9,0.5,20260811,0.5333333333333333,0.7333333333333334,0.01,0.0,9,0.6341463414634146
41,0.9,0.5,20260811,0.4468599033816425,0.7101449275362319,0.01,0.0,9,0.5609756097560976
41,0.9,0.5,20260811,0.17878787878787877,0.6636363636363637,0.01,0.0,9,0.7317073170731707
41,0.9,0.5,20260811,0.45329670329670324,0.7142857142857142,0.1,0.5,1,0.6829268292682927
41,0.9,0.5,20260811,0.6690821256038647,0.8574879227053139,1.0,0.5,6,0.5609756097560976
41,0.9,0.5,20260811,0.6483870967741936,0.8741935483870967,1.0,0.0,9,0.7560975609756098
41,0.9,0.5,20260811,0.22222222222222224,0.5,0.01,0.5,0,0.5609756097560976
41,0.9,0.5,20260811,0.5263157894736843,0.7392344497607656,0.01,0.0,9,0.5365853658536586
41,0.9,0.5,20260811,0.4973544973544974,0.7804232804232805,0.1,0.5,2,0.6585365853658537
41,0.9,0.5,20260811,0.7538461538461538,0.8794871794871795,1.0,1.0,6,0.6341463414634146
41,0.9,0.5,20260811,0.23846153846153847,0.5,0.01,0.5,0,0.6341463414634146
41,0.9,0.5,20260811,0.4741379310344828,0.7844827586206896,1.0,0.0,9,0.7073170731707317
41,0.9,0.5,20260811,0.5,0.7423076923076923,0.1,0.5,2,0.6341463414634146
41,0.9,0.5,20260811,0.49696969696969695,0.7333333333333334,0.01,0.0,9,0.7317073170731707
41,0.9,0.5,20260811,0.5128205128205128,0.7743589743589744,1.0,1.0,5,0.6341463414634146
41,0.9,0.5,20260811,0.5675000000000001,0.7424999999999999,0.01,0.0,9,0.6097560975609756
41,0.9,0.5,20260811,0.36243386243386244,0.664021164021164,0.01,0.0,9,0.6585365853658537
41,0.9,0.5,20260811,0.5989010989010989,0.7582417582417583,0.01,0.0,9,0.6829268292682927
41,0.9,0.5,20260811,0.43939393939393934,0.7757575757575758,0.01,0.0,9,0.7317073170731707
41,0.9,0.5,20260811,0.4275362318840579,0.7367149758454106,0.1,0.0,9,0.5609756097560976
41,0.9,0.5,20260811,0.15384615384615383,0.5,0.01,0.5,0,0.6829268292682927
41,0.9,0.5,20260811,0.606280193236715,0.8526570048309178,1.0,1.0,7,0.5609756097560976
41,0.9,0.5,20260811,0.23846153846153845,0.5,0.01,0.5,0,0.6341463414634146
41,0.9,0.5,20260811,0.6725,0.8999999999999999,0.1,0.5,5,0.6097560975609756
41,0.9,0.5,20260811,0.4076923076923077,0.7128205128205128,0.1,0.5,2,0.6341463414634146
41,0.9,0.5,20260811,0.3649425287356322,0.5,0.01,0.5,0,0.7073170731707317
41,0.9,0.5,20260811,0.29032258064516125,0.7096774193548387,0.01,0.0,9,0.7560975609756098
41,0.9,0.5,20260811,0.6225,0.8375,1.0,1.0,4,0.6097560975609756
41,0.9,0.5,20260811,0.3732057416267943,0.6818181818181819,0.01,0.0,9,0.5365853658536586
41,0.9,0.5,20260811,0.4947089947089947,0.7433862433862435,0.01,0.0,9,0.6585365853658537
41,0.9,0.5,20260811,0.2857142857142857,0.6571428571428571,0.01,0.0,9,0.4878048780487805
41,0.9,0.5,20260811,0.5465686274509804,0.7536764705882353,0.1,0.5,2,0.5853658536585366
41,0.9,0.5,20260811,0.6193548387096773,0.8064516129032259,0.01,0.0,9,0.7560975609756098
41,0.9,0.5,20260811,0.5977011494252873,0.8419540229885057,1.0,1.0,4,0.7073170731707317
41,0.9,0.5,20260811,0.7053140096618358,0.8067632850241545,0.01,0.0,9,0.5609756097560976
41,0.9,0.5,20260811,0.4697802197802198,0.7664835164835164,0.1,0.0,9,0.6829268292682927
41,0.9,0.5,20260811,0.7750000000000001,0.885,1.0,0.0,9,0.6097560975609756
41,0.9,0.5,20260811,0.2743589743589744,0.8,1.0,0.0,9,0.6341463414634146
41,0.9,0.5,20260811,0.31904761904761897,0.6928571428571428,0.01,0.0,9,0.5121951219512195
41,0.9,0.5,20260811,0.565,0.745,0.01,0.0,9,0.6097560975609756
41,0.9,0.5,20260811,0.675,0.885,1.0,0.5,8,0.6097560975609756
41,0.9,0.5,20260811,0.43779904306220097,0.7057416267942583,0.01,0.0,9,0.4634146341463415
41,0.9,0.5,20260811,0.5412087912087912,0.8104395604395604,0.1,0.0,9,0.6829268292682927
41,0.9,0.5,20260811,0.5942028985507246,0.8067632850241546,0.1,0.0,9,0.43902439024390244
41,0.9,0.5,20260811,0.4948717948717949,0.6923076923076923,0.1,0.5,1,0.6341463414634146
41,0.9,0.5,20260811,0.3429951690821256,0.6811594202898551,0.01,0.0,9,0.5609756097560976
41,0.9,0.5,20260811,0.6149425287356323,0.8879310344827587,1.0,0.0,9,0.7073170731707317
41,0.9,0.5,20260811,0.7222222222222223,0.9513888888888888,1.0,0.0,9,0.7804878048780488
41,0.9,0.5,20260811,0.6164021164021164,0.8544973544973545,1.0,1.0,5,0.6585365853658537
41,0.9,0.5,20260811,0.46153846153846156,0.7307692307692307,0.01,0.0,9,0.6341463414634146
41,0.9,0.5,20260811,0.566137566137566,0.7275132275132274,0.01,0.0,9,0.6585365853658537
41,0.9,0.5,20260811,0.4576719576719577,0.8121693121693122,1.0,0.0,9,0.6585365853658537
41,0.9,0.5,20260811,0.48412698412698413,0.7777777777777778,0.1,0.0,9,0.6585365853658537
41,0.9,0.5,20260811,0.625,0.7625,0.01,0.0,9,0.6097560975609756
41,0.9,0.5,20260811,0.13,0.6225,0.01,0.0,9,0.6097560975609756
41,0.9,0.5,20260811,0.5333333333333333,0.8333333333333334,1.0,1.0,4,0.7317073170731707
41,0.9,0.5,20260811,0.5563725490196078,0.8284313725490196,1.0,1.0,7,0.5853658536585366
41,0.9,0.5,20260811,0.5934065934065934,0.7692307692307693,0.01,0.0,9,0.6829268292682927
41,0.9,0.5,20260811,0.2173913043478261,0.5,0.01,0.5,0,0.5609756097560976
41,0.9,0.5,20260811,0.593939393939394,0.7984848484848485,0.1,0.5,2,0.7317073170731707
41,0.9,0.5,20260811,0.27873563218390807,0.7586206896551725,0.1,0.0,9,0.7073170731707317
41,0.9,0.5,20260811,0.6620879120879121,0.7967032967032968,0.01,0.0,9,0.6829268292682927
41,0.9,0.5,20260811,0.3692307692307692,0.6923076923076923,0.01,0.0,9,0.6341463414634146
41,0.9,0.5,20260811,0.265,0.5,0.01,0.5,0,0.6097560975609756
41,0.9,0.5,20260811,0.5499999999999999,0.7225,0.01,0.0,9,0.6097560975609756
41,0.9,0.5,20260811,0.2857142857142857,0.7214285714285713,0.01,0.0,9,0.5121951219512195
41,0.9,0.5,20260811,0.56,0.77,0.01,0.0,9,0.6097560975609756
41,0.9,0.5,20260811,0.6666666666666667,0.8835978835978836,1.0,0.5,9,0.6585365853658537
41,0.9,0.5,20260811,0.7129186602870814,0.8086124401913876,0.1,0.0,9,0.5365853658536586
41,0.9,0.5,20260811,0.42647058823529405,0.6789215686274509,0.01,0.0,9,0.5853658536585366
41,0.9,0.5,20260811,0.6272727272727273,0.8454545454545455,0.1,0.5,2,0.7317073170731707
41,0.9,0.5,20260811,0.4712918660287081,0.6770334928229665,0.01,0.0,9,0.5365853658536586
41,0.9,0.5,20260811,0.5122549019607844,0.7132352941176471,0.01,0.0,9,0.5853658536585366
41,0.9,0.5,20260811,0.38888888888888884,0.6980676328502415,0.01,0.0,9,0.5609756097560976
41,0.9,0.5,20260811,0.5,0.783068783068783,0.1,0.5,3,0.6585365853658537
41,0.9,0.5,20260811,0.5641025641025641,0.7333333333333334,0.01,0.0,9,0.6341463414634146
41,0.9,0.5,20260811,0.5857843137254902,0.7598039215686275,0.01,0.0,9,0.5853658536585366
41,0.9,0.5,20260811,0.5291005291005291,0.8201058201058201,1.0,1.0,6,0.6585365853658537
41,0.9,0.5,20260811,0.3175,0.6675,0.01,0.0,9,0.6097560975609756
41,0.9,0.5,20260811,0.35748792270531404,0.6642512077294687,0.01,0.0,9,0.5609756097560976
41,0.9,0.5,20260811,0.3936781609195403,0.5,0.01,0.5,0,0.7073170731707317
41,0.9,0.5,20260811,0.5192307692307692,0.7032967032967034,0.01,0.0,9,0.6829268292682927
41,0.9,0.5,20260811,0.5686813186813187,0.8241758241758241,0.1,0.0,9,0.6829268292682927
41,0.9,0.5,20260811,0.6565934065934065,0.8873626373626374,1.0,1.0,5,0.6829268292682927
41,0.9,0.5,20260811,0.27205882352941174,0.6666666666666667,0.01,0.0,9,0.5853658536585366
41,0.9,0.5,20260811,0.6871794871794872,0.8538461538461539,0.01,0.0,9,0.6341463414634146
41,0.9,0.5,20260811,0.21323529411764708,0.7818627450980392,1.0,1.0,6,0.5853658536585366
41,0.9,0.5,20260811,0.5451388888888888,0.8923611111111112,0.1,0.0,9,0.7804878048780488
41,0.9,0.5,20260811,0.6714285714285714,0.7690476190476191,0.01,0.0,9,0.5121951219512195
41,0.9,0.5,20260811,0.38636363636363635,0.5,0.01,0.5,0,0.8048780487804879
41,0.9,0.5,20260811,0.6693121693121692,0.8042328042328042,0.01,0.0,9,0.6585365853658537
41,0.9,0.5,20260811,0.606280193236715,0.751207729468599,0.1,0.5,1,0.5609756097560976
41,0.9,0.5,20260811,0.14102564102564102,0.5,0.01,0.5,0,0.6341463414634146
41,0.9,0.5,20260811,0.13793103448275862,0.5,0.01,0.5,0,0.7073170731707317
41,0.9,0.5,20260811,0.6207729468599034,0.8719806763285025,1.0,0.0,9,0.5609756097560976
41,0.9,0.5,20260811,0.24871794871794872,0.5,0.01,0.5,0,0.6341463414634146
41,0.9,0.5,20260811,0.6333333333333333,0.8897435897435898,1.0,1.0,6,0.6341463414634146
41,0.9,0.5,20260811,0.2703349282296651,0.6578947368421053,0.01,0.0,9,0.5365853658536586
41,0.9,0.5,20260811,0.4148351648351648,0.695054945054945,0.01,0.0,9,0.6829268292682927
41,0.9,0.5,20260811,0.8025,0.8925000000000001,1.0,1.0,3,0.6097560975609756
41,0.9,0.5,20260811,0.6230769230769231,0.8794871794871795,1.0,0.0,9,0.6341463414634146
41,0.9,0.5,20260811,0.632183908045977,0.8390804597701149,0.1,0.5,1,0.7073170731707317
41,0.9,0.5,20260811,0.7461538461538462,0.9333333333333333,1.0,0.0,9,0.6341463414634146
41,0.9,0.5,20260811,0.5048309178743962,0.8043478260869565,1.0,0.5,8,0.5609756097560976
41,0.9,0.5,20260811,0.22499999999999998,0.5,0.01,0.5,0,0.6097560975609756
41,0.9,0.5,20260811,0.5824175824175823,0.7774725274725274,0.01,0.0,9,0.6829268292682927
41,0.9,0.5,20260811,0.2925,0.5,0.01,0.5,0,0.6097560975609756
41,0.9,0.5,20260811,0.45238095238095233,0.7275132275132276,0.1,0.5,2,0.6585365853658537
41,0.9,0.5,20260811,0.6548387096774193,0.8419354838709678,0.01,0.0,9,0.7560975609756098
41,0.9,0.5,20260811,0.4736842105263158,0.7918660287081339,1.0,1.0,5,0.5365853658536586
41,0.9,0.5,20260811,0.25274725274725274,0.6923076923076924,0.01,0.0,9,0.6829268292682927
41,0.9,0.5,20260811,0.325,0.5,0.01,0.5,0,0.6097560975609756
41,0.9,0.5,20260811,0.4454022988505747,0.7701149425287356,1.0,0.0,9,0.7073170731707317
41,0.9,0.5,20260811,0.5686813186813187,0.8118131868131868,0.1,0.5,2,0.6829268292682927
41,0.9,0.5,20260811,0.27205882352941174,0.6397058823529412,0.01,0.0,9,0.5853658536585366
41,0.9,0.5,20260811,0.5201149425287357,0.7327586206896551,0.01,0.0,9,0.7073170731707317
41,0.9,0.5,20260811,0.39682539682539675,0.7328042328042329,0.01,0.0,9,0.6585365853658537
41,0.9,0.5,20260811,0.2632850241545894,0.6352657004830918,0.01,0.0,9,0.5609756097560976
41,0.9,0.5,20260811,0.6322751322751323,0.798941798941799,0.01,0.0,9,0.6585365853658537
41,0.9,0.5,20260811,0.5582010582010581,0.738095238095238,0.01,0.0,9,0.6585365853658537
41,0.9,0.5,20260811,0.6004784688995215,0.7918660287081339,0.1,0.5,3,0.5365853658536586
41,0.9,0.5,20260811,0.5574712643678161,0.7873563218390804,0.01,0.0,9,0.7073170731707317
41,0.9,0.5,20260811,0.40096618357487923,0.5,0.01,0.5,0,0.5609756097560976
41,0.9,0.5,20260811,0.446078431372549,0.7598039215686274,0.1,0.5,2,0.5853658536585366
41,0.9,0.5,20260811,0.5820105820105821,0.7645502645502645,0.01,0.0,9,0.6585365853658537
41,0.9,0.5,20260811,0.4629629629629629,0.6190476190476191,0.01,0.0,9,0.6585365853658537
41,0.9,0.5,20260811,0.3708791208791209,0.6236263736263736,0.01,0.0,9,0.6829268292682927
41,0.9,0.5,20260811,0.4454022988505747,0.7557471264367817,0.1,0.5,2,0.7073170731707317
41,0.9,0.5,20260811,0.5821256038647343,0.7524154589371981,0.1,0.5,1,0.5609756097560976
41,0.9,0.5,20260811,0.24867724867724866,0.716931216931217,0.01,0.0,9,0.6585365853658537
41,0.9,0.5,20260811,0.40196078431372545,0.6936274509803921,0.01,0.0,9,0.5853658536585366
41,0.9,0.5,20260811,0.3214285714285714,0.5,0.01,0.5,0,0.6829268292682927
41,0.9,0.5,20260811,0.3489010989010988,0.5,0.01,0.5,0,0.6829268292682927
41,0.9,0.5,20260811,0.6565934065934066,0.8653846153846154,0.1,0.0,9,0.6829268292682927
41,0.9,0.5,20260811,0.27692307692307694,0.5,0.01,0.5,0,0.6341463414634146
41,0.9,0.5,20260811,0.41000000000000003,0.6575,0.01,0.0,9,0.6097560975609756
41,0.9,0.5,20260811,0.3575,0.77,1.0,1.0,7,0.6097560975609756
41,0.9,0.5,20260811,0.5492424242424243,0.7954545454545454,0.01,0.0,9,0.8048780487804879
41,0.9,0.5,20260811,0.7995169082125604,0.9589371980676329,1.0,0.0,9,0.5609756097560976
41,0.9,0.5,20260811,0.5507246376811594,0.7801932367149759,0.01,0.0,9,0.5609756097560976
41,0.9,0.5,20260811,0.28735632183908044,0.5,0.01,0.5,0,0.7073170731707317
41,0.9,0.5,20260811,0.37830687830687826,0.5,0.01,0.5,0,0.6585365853658537
41,0.9,0.5,20260811,0.6675,0.825,0.1,0.0,9,0.6097560975609756
41,0.9,0.5,20260811,0.6775,0.8875,1.0,0.0,9,0.6097560975609756
41,0.9,0.5,20260811,0.5821256038647343,0.8454106280193237,1.0,0.5,8,0.5609756097560976
41,0.9,0.5,20260811,0.7153846153846154,0.8512820512820514,0.1,0.0,9,0.6341463414634146
41,0.9,0.5,20260811,0.4607843137254902,0.7377450980392157,1.0,1.0,5,0.5853658536585366
41,0.9,0.5,20260811,0.7225274725274725,0.8571428571428572,0.1,0.0,9,0.6829268292682927
41,0.9,0.5,20260811,0.12087912087912087,0.7417582417582417,1.0,1.0,6,0.6829268292682927
41,0.9,0.5,20260811,0.6717948717948719,0.7974358974358976,0.1,0.5,2,0.6341463414634146
41,0.9,0.5,20260811,0.48067632850241543,0.7077294685990339,0.01,0.0,9,0.5609756097560976
41,0.9,0.5,20260811,0.7636363636363637,0.9242424242424241,1.0,1.0,5,0.7317073170731707
41,0.9,0.5,20260811,0.6935483870967741,0.9387096774193548,0.1,0.0,9,0.7560975609756098
41,0.9,0.5,20260811,0.32967032967032966,0.5,0.01,0.5,0,0.6829268292682927
41,0.9,0.5,20260811,0.3708133971291866,0.6746411483253589,0.01,0.0,9,0.5365853658536586
41,0.9,0.5,20260811,0.6058201058201058,0.7804232804232805,0.01,0.0,9,0.6585365853658537
41,0.9,0.5,20260811,0.6,0.8870967741935484,1.0,0.0,9,0.7560975609756098
41,0.9,0.5,20260811,0.7200956937799043,0.8564593301435407,0.1,0.0,9,0.5365853658536586
41,0.9,0.5,20260811,0.5507246376811594,0.7294685990338164,0.01,0.0,9,0.5609756097560976
41,0.9,0.5,20260811,0.4203296703296703,0.7554945054945055,0.1,0.0,9,0.6829268292682927
41,0.9,0.5,20260811,0.17942583732057416,0.6483253588516746,0.01,0.0,9,0.5365853658536586
41,0.9,0.5,20260811,0.29656862745098045,0.7450980392156863,0.1,0.0,9,0.5853658536585366
41,0.9,0.5,20260811,0.45641025641025645,0.5,0.01,0.5,0,0.6341463414634146
41,0.9,0.5,20260811,0.5784313725490196,0.784313725490196,1.0,1.0,5,0.5853658536585366
41,0.9,0.5,20260811,0.5048309178743962,0.8019323671497585,1.0,0.0,9,0.5609756097560976
41,0.9,0.5,20260811,0.5025641025641026,0.7525641025641026,0.1,0.5,2,0.6341463414634146
41,0.9,0.5,20260811,0.3598901098901099,0.5,0.01,0.5,0,0.6829268292682927
41,0.9,0.5,20260811,0.6280193236714976,0.8719806763285024,1.0,0.0,9,0.5609756097560976
41,0.9,0.5,20260811,0.34210526315789475,0.6674641148325359,0.01,0.0,9,0.5365853658536586
41,0.9,0.5,20260811,0.38095238095238093,0.7486772486772486,1.0,0.0,9,0.6585365853658537
41,0.9,0.5,20260811,0.2566137566137566,0.6375661375661376,0.01,0.0,9,0.6585365853658537
41,0.9,0.5,20260811,0.4338235294117647,0.7745098039215687,1.0,0.0,9,0.5853658536585366
41,0.9,0.5,20260811,0.7102564102564103,0.8423076923076923,0.1,0.5,2,0.6341463414634146
41,0.9,0.5,20260811,0.5048309178743962,0.6884057971014492,0.01,0.0,9,0.5609756097560976
41,0.9,0.5,20260811,0.396969696969697,0.6818181818181819,0.01,0.0,9,0.7317073170731707
41,0.9,0.5,20260811,0.4375,0.7375,0.01,0.0,9,0.6097560975609756
41,0.9,0.5,20260811,0.7205128205128206,0.8512820512820511,0.1,0.0,9,0.6341463414634146
41,0.9,0.5,20260811,0.417989417989418,0.7380952380952381,0.01,0.0,9,0.6585365853658537
41,0.9,0.5,20260811,0.5579710144927537,0.7342995169082126,0.01,0.0,9,0.5609756097560976
41,0.9,0.5,20260811,0.43390804597701155,0.7155172413793104,0.01,0.0,9,0.7073170731707317
41,0.9,0.5,20260811,0.463768115942029,0.678743961352657,0.01,0.0,9,0.5609756097560976
41,0.9,0.5,20260811,0.4575757575757575,0.6984848484848485,0.1,0.5,1,0.7317073170731707
41,0.9,0.5,20260811,0.20634920634920634,0.6957671957671957,0.1,0.0,9,0.6585365853658537
41,0.9,0.5,20260811,0.6428571428571428,0.7884615384615384,0.01,0.0,9,0.6829268292682927
41,0.9,0.5,20260811,0.45238095238095233,0.7632275132275131,1.0,1.0,4,0.6585365853658537
41,0.9,0.5,20260811,0.4460784313725491,0.7401960784313726,0.1,0.0,9,0.5853658536585366
41,0.9,0.5,20260811,0.7272727272727273,0.8333333333333334,0.1,0.5,3,0.7317073170731707
41,0.9,0.5,20260811,0.42121212121212126,0.6484848484848484,0.01,0.0,9,0.7317073170731707
41,0.9,0.5,20260811,0.3908045977011494,0.6954022988505747,0.01,0.0,9,0.7073170731707317
41,0.9,0.5,20260811,0.4420289855072464,0.7270531400966184,0.1,0.5,2,0.5609756097560976
41,0.9,0.5,20260811,0.7419354838709677,0.8419354838709677,0.1,0.5,2,0.7560975609756098
41,0.9,0.5,20260811,0.8284313725490196,0.9387254901960784,1.0,0.0,9,0.5853658536585366
41,0.9,0.5,20260811,0.6484848484848484,0.8363636363636363,0.1,0.5,4,0.7317073170731707
41,0.9,0.5,20260811,0.3793103448275862,0.8419540229885059,1.0,0.0,9,0.7073170731707317
41,0.9,0.5,20260811,0.4717948717948718,0.694871794871795,0.01,0.0,9,0.6341463414634146
41,0.9,0.5,20260811,0.43,0.665,0.01,0.0,9,0.6097560975609756
41,0.9,0.5,20260811,0.6333333333333333,0.8,0.1,0.0,9,0.6341463414634146
41,0.9,0.8,20260811,0.5402298850574713,0.8505747126436781,0.1,0.0,9,0.7073170731707317
41,0.9,0.8,20260811,0.2777777777777778,0.6739130434782608,0.01,0.0,9,0.5609756097560976
41,0.9,0.8,20260811,0.6190476190476191,0.8619047619047618,1.0,0.0,9,0.5121951219512195
41,0.9,0.8,20260811,0.4497354497354497,0.7235449735449736,0.1,0.5,1,0.6585365853658537
41,0.9,0.8,20260811,0.28743961352657005,0.6956521739130433,0.01,0.0,9,0.5609756097560976
41,0.9,0.8,20260811,0.6425,0.8150000000000001,0.1,0.0,9,0.6097560975609756
41,0.9,0.8,20260811,0.4782608695652174,0.7173913043478262,0.01,0.0,9,0.5609756097560976
41,0.9,0.8,20260811,0.61,0.7949999999999999,0.1,0.5,5,0.6097560975609756
41,0.9,0.8,20260811,0.5325,0.71,0.01,0.0,9,0.6097560975609756
41,0.9,0.8,20260811,0.625,0.8235294117647058,0.1,0.0,9,0.5853658536585366
41,0.9,0.8,20260811,0.507936507936508,0.7804232804232805,0.1,0.0,9,0.6585365853658537
41,0.9,0.8,20260811,0.6063218390804598,0.8333333333333334,0.01,0.0,9,0.7073170731707317
41,0.9,0.8,20260811,0.4090909090909091,0.6650717703349283,0.01,0.0,9,0.5365853658536586
41,0.9,0.8,20260811,0.611111111111111,0.7898550724637681,0.01,0.0,9,0.5609756097560976
41,0.9,0.8,20260811,0.3675,0.805,1.0,0.5,6,0.6097560975609756
41,0.9,0.8,20260811,0.7009803921568627,0.857843137254902,0.1,0.5,4,0.5853658536585366
41,0.9,0.8,20260811,0.33574879227053145,0.7415458937198067,1.0,0.0,9,0.5609756097560976
41,0.9,0.8,20260811,0.44362745098039214,0.6666666666666667,0.01,0.0,9,0.5853658536585366
41,0.9,0.8,20260811,0.3901098901098901,0.7074175824175825,0.1,0.5,1,0.6829268292682927
41,0.9,0.8,20260811,0.8873626373626374,0.9615384615384616,1.0,0.0,9,0.6829268292682927
41,0.9,0.8,20260811,0.7976190476190477,0.85,0.01,0.0,9,0.5121951219512195
41,0.9,0.8,20260811,0.6296296296296297,0.8941798941798942,1.0,1.0,7,0.6585365853658537
41,0.9,0.8,20260811,0.5797101449275363,0.7439613526570048,0.01,0.0,9,0.5609756097560976
41,0.9,0.8,20260811,0.5290322580645161,0.932258064516129,1.0,0.0,9,0.7560975609756098
41,0.9,0.8,20260811,0.7097701149425287,0.8764367816091954,0.1,0.5,3,0.7073170731707317
41,0.9,0.8,20260811,0.6948717948717948,0.8692307692307693,1.0,0.5,6,0.6341463414634146
41,0.9,0.8,20260811,0.41954022988505746,0.7011494252873564,0.01,0.0,9,0.7073170731707317
41,0.9,0.8,20260811,0.36666666666666664,0.6857142857142857,0.01,0.0,9,0.4878048780487805
41,0.9,0.8,20260811,0.3402777777777778,0.78125,1.0,0.0,9,0.7804878048780488
41,0.9,0.8,20260811,0.5147058823529411,0.7058823529411764,0.01,0.0,9,0.5853658536585366
41,0.9,0.8,20260811,0.5619047619047619,0.7404761904761905,0.01,0.0,9,0.5121951219512195
41,0.9,0.8,20260811,0.43650793650793657,0.7089947089947091,0.1,0.0,9,0.6585365853658537
41,0.9,0.8,20260811,0.7424999999999999,0.9175,1.0,1.0,4,0.6097560975609756
41,0.9,0.8,20260811,0.5057471264367817,0.7701149425287357,0.01,0.0,9,0.7073170731707317
41,0.9,0.8,20260811,0.4975490196078431,0.7083333333333333,0.01,0.0,9,0.5853658536585366
41,0.9,0.8,20260811,0.45329670329670324,0.6813186813186813,0.01,0.0,9,0.6829268292682927
41,0.9,0.8,20260811,0.4423076923076923,0.7087912087912087,1.0,1.0,3,0.6829268292682927
41,0.9,0.8,20260811,0.37272727272727274,0.7212121212121212,0.01,0.0,9,0.7317073170731707
41,0.9,0.8,20260811,0.6691176470588235,0.7941176470588235,0.01,0.0,9,0.5853658536585366
41,0.9,0.8,20260811,0.5634920634920635,0.7777777777777778,0.1,0.5,4,0.6585365853658537
41,0.9,0.8,20260811,0.43846153846153846,0.6666666666666666,0.01,0.0,9,0.6341463414634146
41,0.9,0.8,20260811,0.5487179487179488,0.7282051282051282,0.01,0.0,9,0.6341463414634146
41,0.9,0.8,20260811,0.5287356321839081,0.8419540229885057,1.0,0.0,9,0.7073170731707317
41,0.9,0.8,20260811,0.40714285714285714,0.7261904761904762,0.01,0.0,9,0.5121951219512195
41,0.9,0.8,20260811,0.66,0.7775000000000001,0.01,0.0,9,0.6097560975609756
41,0.9,0.8,20260811,0.8333333333333334,0.8872549019607843,0.01,0.0,9,0.5853658536585366
41,0.9,0.8,20260811,0.7060439560439561,0.945054945054945,1.0,1.0,6,0.6829268292682927
41,0.9,0.8,20260811,0.537037037037037,0.7433862433862435,0.1,0.5,1,0.6585365853658537
41,0.9,0.8,20260811,0.843915343915344,0.955026455026455,1.0,0.0,9,0.6585365853658537
41,0.9,0.8,20260811,0.669047619047619,0.8738095238095238,1.0,1.0,8,0.5121951219512195
41,0.9,0.8,20260811,0.9166666666666667,0.9770114942528736,1.0,0.0,9,0.7073170731707317
41,0.9,0.8,20260811,0.3263888888888889,0.7291666666666666,1.0,1.0,5,0.7804878048780488
41,0.9,0.8,20260811,0.716931216931217,0.8756613756613756,0.1,0.0,9,0.6585365853658537
41,0.9,0.8,20260811,0.2818627450980392,0.5,0.01,0.5,0,0.5853658536585366
41,0.9,0.8,20260811,0.6575,0.81,0.1,0.5,2,0.6097560975609756
41,0.9,0.8,20260811,0.30303030303030304,0.6848484848484848,0.01,0.0,9,0.7317073170731707
41,0.9,0.8,20260811,0.6322751322751322,0.7883597883597884,0.01,0.0,9,0.6585365853658537
41,0.9,0.8,20260811,0.5193548387096775,0.7935483870967741,0.01,0.0,9,0.7560975609756098
41,0.9,0.8,20260811,0.41208791208791207,0.728021978021978,0.01,0.0,9,0.6829268292682927
41,0.9,0.8,20260811,0.7564102564102564,0.8769230769230769,0.1,0.0,9,0.6341463414634146
41,0.9,0.8,20260811,0.5153846153846153,0.7384615384615385,0.01,0.0,9,0.6341463414634146
41,0.9,0.8,20260811,0.3103448275862069,0.6379310344827587,0.01,0.0,9,0.7073170731707317
41,0.9,0.8,20260811,0.728021978021978,0.8681318681318682,0.01,0.0,9,0.6829268292682927
41,0.9,0.8,20260811,0.3354838709677419,0.7483870967741936,0.1,0.0,9,0.7560975609756098
41,0.9,0.8,20260811,0.7472527472527473,0.9148351648351648,1.0,1.0,5,0.6829268292682927
41,0.9,0.8,20260811,0.595,0.7937500000000001,0.1,0.5,2,0.6097560975609756
41,0.9,0.8,20260811,0.5740740740740741,0.7658730158730159,0.1,0.5,1,0.6585365853658537
41,0.9,0.8,20260811,0.6617647058823529,0.8529411764705882,1.0,0.5,5,0.5853658536585366
41,0.9,0.8,20260811,0.5205128205128206,0.735897435897436,0.01,0.0,9,0.6341463414634146
41,0.9,0.8,20260811,0.5555555555555556,0.7830687830687831,0.1,0.0,9,0.6585365853658537
41,0.9,0.8,20260811,0.638095238095238,0.8047619047619048,0.1,0.0,9,0.5121951219512195
41,0.9,0.8,20260811,0.7692307692307694,0.8948717948717949,1.0,0.5,6,0.6341463414634146
41,0.9,0.8,20260811,0.6818181818181819,0.7655502392344498,0.01,0.0,9,0.5365853658536586
41,0.9,0.8,20260811,0.435,0.7475,0.1,0.0,9,0.6097560975609756
41,0.9,0.8,20260811,0.6846153846153846,0.7743589743589743,0.1,0.5,1,0.6341463414634146
41,0.9,0.8,20260811,0.669047619047619,0.8428571428571427,1.0,1.0,4,0.5121951219512195
41,0.9,0.8,20260811,0.6717948717948717,0.8384615384615385,0.1,0.5,4,0.6341463414634146
41,0.9,0.8,20260811,0.4312169312169312,0.6904761904761904,0.01,0.0,9,0.6585365853658537
41,0.9,0.8,20260811,0.7301587301587301,0.8783068783068784,0.1,0.0,9,0.6585365853658537
41,0.9,0.8,20260811,0.2725,0.78,0.1,0.0,9,0.6097560975609756
41,0.9,0.8,20260811,0.5358974358974359,0.735897435897436,0.01,0.0,9,0.6341463414634146
41,0.9,0.8,20260811,0.4033816425120773,0.6642512077294687,0.01,0.0,9,0.5609756097560976
41,0.9,0.8,20260811,0.5264550264550265,0.7698412698412698,1.0,1.0,5,0.6585365853658537
41,0.9,0.8,20260811,0.38541666666666663,0.7395833333333334,0.01,0.0,9,0.7804878048780488
41,0.9,0.8,20260811,0.5249999999999999,0.7237500000000001,0.1,0.5,2,0.6097560975609756
41,0.9,0.8,20260811,0.3928571428571429,0.7857142857142857,1.0,1.0,6,0.6829268292682927
41,0.9,0.8,20260811,0.3976190476190476,0.6666666666666667,0.01,0.0,9,0.5121951219512195
41,0.9,0.8,20260811,0.4347826086956521,0.7053140096618358,0.1,0.5,2,0.5609756097560976
41,0.9,0.8,20260811,0.5026455026455027,0.7566137566137566,0.1,0.0,9,0.6585365853658537
41,0.9,0.8,20260811,0.3393939393939394,0.7272727272727274,0.1,0.0,9,0.7317073170731707
41,0.9,0.8,20260811,0.5465686274509804,0.7181372549019608,0.01,0.0,9,0.5853658536585366
41,0.9,0.8,20260811,0.5026455026455027,0.7328042328042328,0.1,0.5,4,0.6585365853658537
41,0.9,0.8,20260811,0.5890804597701149,0.7758620689655172,0.1,0.5,3,0.7073170731707317
41,0.9,0.8,20260811,0.5282051282051282,0.7384615384615385,0.01,0.0,9,0.6341463414634146
41,0.9,0.8,20260811,0.6619047619047619,0.780952380952381,1.0,1.0,4,0.5121951219512195
41,0.9,0.8,20260811,0.6025641025641026,0.8256410256410256,0.1,0.0,9,0.6341463414634146
41,0.9,0.8,20260811,0.46923076923076923,0.7282051282051283,0.01,0.0,9,0.6341463414634146
41,0.9,0.8,20260811,0.7212121212121212,0.9303030303030302,1.0,0.5,7,0.7317073170731707
41,0.9,0.8,20260811,0.48901098901098905,0.7623626373626373,0.1,0.5,1,0.6829268292682927
41,0.9,0.8,20260811,0.435483870967742,0.846774193548387,0.1,0.5,2,0.7560975609756098
41,0.9,0.8,20260811,0.47272727272727266,0.7000000000000001,0.01,0.0,9,0.7317073170731707
41,0.9,0.8,20260811,0.5846560846560847,0.806878306878307,0.01,0.0,9,0.6585365853658537
41,0.9,0.8,20260811,0.6333333333333333,0.876923076923077,1.0,0.5,6,0.6341463414634146
41,0.9,0.8,20260811,0.7681159420289856,0.8743961352657006,0.01,0.0,9,0.5609756097560976
41,0.9,0.8,20260811,0.6318681318681318,0.8173076923076923,0.1,0.5,3,0.6829268292682927
41,0.9,0.8,20260811,0.40625,0.826388888888889,0.01,0.0,9,0.7804878048780488
41,0.9,0.8,20260811,0.4593301435406698,0.7416267942583732,0.01,0.0,9,0.4634146341463415
41,0.9,0.8,20260811,0.6164021164021163,0.753968253968254,0.01,0.0,9,0.6585365853658537
41,0.9,0.8,20260811,0.45,0.6928571428571428,0.01,0.0,9,0.5121951219512195
41,0.9,0.8,20260811,0.36,0.5,0.01,0.5,0,0.6097560975609756
41,0.9,0.8,20260811,0.2681159420289855,0.6690821256038647,0.01,0.0,9,0.5609756097560976
41,0.9,0.8,20260811,0.2569444444444445,0.6979166666666666,0.01,0.0,9,0.7804878048780488
41,0.9,0.8,20260811,0.6025,0.7975000000000001,0.1,0.5,3,0.6097560975609756
41,0.9,0.8,20260811,0.482843137254902,0.7254901960784315,0.01,0.0,9,0.5853658536585366
41,0.9,0.8,20260811,0.48095238095238096,0.6857142857142857,0.01,0.0,9,0.4878048780487805
41,0.9,0.8,20260811,0.46568627450980393,0.6887254901960784,0.01,0.0,9,0.5853658536585366
41,0.9,0.8,20260811,0.5052910052910053,0.7380952380952381,0.01,0.0,9,0.6585365853658537
41,0.9,0.8,20260811,0.54,0.7150000000000001,0.1,0.5,1,0.6097560975609756
41,0.9,0.8,20260811,0.49743589743589745,0.7974358974358975,0.1,0.5,2,0.6341463414634146
41,0.9,0.8,20260811,0.6256410256410256,0.717948717948718,1.0,1.0,3,0.6341463414634146
41,0.9,0.8,20260811,0.5714285714285714,0.7607142857142858,0.1,0.5,2,0.5121951219512195
41,0.9,0.8,20260811,0.6323529411764706,0.7965686274509804,0.01,0.0,9,0.5853658536585366
41,0.9,0.8,20260811,0.496969696969697,0.7303030303030303,0.01,0.0,9,0.7317073170731707
41,0.9,0.8,20260811,0.4368131868131868,0.7252747252747253,0.01,0.0,9,0.6829268292682927
41,0.9,0.8,20260811,0.6609195402298851,0.8505747126436781,0.1,0.5,4,0.7073170731707317
41,0.9,0.8,20260811,0.5318627450980392,0.767156862745098,0.01,0.0,9,0.5853658536585366
41,0.9,0.8,20260811,0.5808823529411764,0.801470588235294,0.1,0.0,9,0.5853658536585366
41,0.9,0.8,20260811,0.5125,0.78,1.0,0.5,7,0.6097560975609756
41,0.9,0.8,20260811,0.4714285714285714,0.7404761904761905,0.01,0.0,9,0.5121951219512195
41,0.9,0.8,20260811,0.5289855072463768,0.751207729468599,0.1,0.0,9,0.5609756097560976
41,0.9,0.8,20260811,0.46249999999999997,0.7225,0.01,0.0,9,0.6097560975609756
41,0.9,0.8,20260811,0.43809523809523804,0.7166666666666667,0.01,0.0,9,0.5121951219512195
41,0.9,0.8,20260811,0.671957671957672,0.8121693121693122,0.01,0.0,9,0.6585365853658537
41,0.9,0.8,20260811,0.6813186813186813,0.8241758241758241,0.1,0.0,9,0.6829268292682927
41,0.9,0.8,20260811,0.7871794871794872,0.8846153846153847,0.1,0.0,9,0.6341463414634146
41,0.9,0.8,20260811,0.6587301587301587,0.8544973544973545,1.0,0.5,9,0.6585365853658537
41,0.9,0.8,20260811,0.49175824175824173,0.6785714285714286,0.01,0.0,9,0.6829268292682927
41,0.9,0.8,20260811,0.3227513227513228,0.6560846560846562,0.01,0.0,9,0.6585365853658537
41,0.9,0.8,20260811,0.7068965517241379,0.8505747126436781,0.1,0.5,3,0.7073170731707317
41,0.9,0.8,20260811,0.49499999999999994,0.74,0.1,0.0,9,0.6097560975609756
41,0.9,0.8,20260811,0.8186274509803921,0.9191176470588235,0.01,0.0,9,0.5853658536585366
41,0.9,0.8,20260811,0.5955882352941176,0.7254901960784313,0.01,0.0,9,0.5853658536585366
41,0.9,0.8,20260811,0.569047619047619,0.719047619047619,0.01,0.0,9,0.5121951219512195
41,0.9,0.8,20260811,0.6272727272727272,0.8272727272727274,1.0,0.0,9,0.7317073170731707
41,0.9,0.8,20260811,0.32539682539682535,0.5,0.01,0.5,0,0.6585365853658537
41,0.9,0.8,20260811,0.5615384615384615,0.7692307692307693,0.01,0.0,9,0.6341463414634146
41,0.9,0.8,20260811,0.644927536231884,0.8405797101449276,0.1,0.0,9,0.5609756097560976
41,0.9,0.8,20260811,0.6714285714285714,0.8214285714285714,0.1,0.5,3,0.5121951219512195
41,0.9,0.8,20260811,0.5316091954022988,0.7701149425287356,0.01,0.0,9,0.7073170731707317
41,0.9,0.8,20260811,0.6636363636363636,0.803030303030303,0.01,0.0,9,0.7317073170731707
41,0.9,0.8,20260811,0.46560846560846564,0.708994708994709,0.01,0.0,9,0.6585365853658537
41,0.9,0.8,20260811,0.5521978021978022,0.7774725274725274,0.1,0.5,2,0.6829268292682927
41,0.9,0.8,20260811,0.49033816425120774,0.6835748792270531,0.01,0.0,9,0.5609756097560976
41,0.9,0.8,20260811,0.69,0.8274999999999999,0.01,0.0,9,0.6097560975609756
41,0.9,0.8,20260811,0.4358974358974359,0.6897435897435897,0.01,0.0,9,0.6341463414634146
41,0.9,0.8,20260811,0.6878306878306878,0.91005291005291,1.0,1.0,6,0.6585365853658537
41,0.9,0.8,20260811,0.36243386243386244,0.6904761904761905,0.01,0.0,9,0.6585365853658537
41,0.9,0.8,20260811,0.7692307692307692,0.8434065934065934,0.01,0.0,9,0.6829268292682927
41,0.9,0.8,20260811,0.4775,0.675,0.01,0.0,9,0.6097560975609756
41,0.9,0.8,20260811,0.7225274725274725,0.8543956043956045,0.1,0.5,3,0.6829268292682927
41,0.9,0.8,20260811,0.16176470588235292,0.5,0.01,0.5,0,0.5853658536585366
41,0.9,0.8,20260811,0.4717948717948718,0.7384615384615384,0.1,0.0,9,0.6341463414634146
41,0.9,0.8,20260811,0.8492063492063492,0.8888888888888888,0.1,0.5,4,0.6585365853658537
41,0.9,0.8,20260811,0.4913793103448276,0.8160919540229885,1.0,0.5,7,0.7073170731707317
41,0.9,0.8,20260811,0.29885057471264365,0.6637931034482759,0.01,0.0,9,0.7073170731707317
41,0.9,0.8,20260811,0.6507936507936508,0.8148148148148149,1.0,1.0,4,0.6585365853658537
41,0.9,0.8,20260811,0.6931216931216931,0.8121693121693122,0.1,0.0,9,0.6585365853658537
41,0.9,0.8,20260811,0.6078431372549019,0.7696078431372548,0.01,0.0,9,0.5853658536585366
41,0.9,0.8,20260811,0.5428571428571428,0.7607142857142858,0.1,0.5,3,0.5121951219512195
41,0.9,0.8,20260811,0.735,0.8725,1.0,0.0,9,0.6097560975609756
41,0.9,0.8,20260811,0.5,0.7592592592592593,0.01,0.0,9,0.6585365853658537
41,0.9,0.8,20260811,0.4339080459770115,0.7183908045977011,0.01,0.0,9,0.7073170731707317
41,0.9,0.8,20260811,0.32564102564102565,0.658974358974359,0.01,0.0,9,0.6341463414634146
41,0.9,0.8,20260811,0.6005291005291005,0.7592592592592593,0.01,0.0,9,0.6585365853658537
41,0.9,0.8,20260811,0.6375,0.8225,0.1,0.0,9,0.6097560975609756
41,0.9,0.8,20260811,0.7554945054945055,0.9010989010989011,0.01,0.0,9,0.6829268292682927
41,0.9,0.8,20260811,0.606280193236715,0.7801932367149759,0.01,0.0,9,0.5609756097560976
41,0.9,0.8,20260811,0.5049019607843137,0.7230392156862746,0.1,0.5,2,0.5853658536585366
41,0.9,0.8,20260811,0.3756613756613756,0.6322751322751323,0.01,0.0,9,0.6585365853658537
41,0.9,0.8,20260811,0.8051282051282052,0.9,0.01,0.0,9,0.6341463414634146
41,0.9,0.8,20260811,0.7604166666666667,0.8958333333333334,0.1,0.0,9,0.7804878048780488
41,0.9,0.8,20260811,0.41787439613526567,0.7137681159420289,0.1,0.5,1,0.5609756097560976
41,0.9,0.8,20260811,0.5767195767195767,0.791005291005291,0.1,0.0,9,0.6585365853658537
41,0.9,0.8,20260811,0.4099999999999999,0.6775,0.01,0.0,9,0.6097560975609756
41,0.9,0.8,20260811,0.7197802197802198,0.8598901098901099,1.0,1.0,3,0.6829268292682927
41,0.9,0.8,20260811,0.46190476190476193,0.6738095238095239,0.01,0.0,9,0.5121951219512195
41,0.9,0.8,20260811,0.6666666666666667,0.803030303030303,0.1,0.0,9,0.7317073170731707
41,0.9,0.8,20260811,0.656084656084656,0.7936507936507936,0.01,0.0,9,0.6585365853658537
41,0.9,0.8,20260811,0.7212121212121212,0.8666666666666667,0.1,0.5,3,0.7317073170731707
41,0.9,0.8,20260811,0.5759803921568627,0.8088235294117647,1.0,0.0,9,0.5853658536585366
41,0.9,0.8,20260811,0.4468599033816425,0.7222222222222222,0.01,0.0,9,0.5609756097560976
41,0.9,0.8,20260811,0.8017241379310345,0.9051724137931034,0.01,0.0,9,0.7073170731707317
41,0.9,0.8,20260811,0.34848484848484845,0.5,0.01,0.5,0,0.7317073170731707
41,0.9,0.8,20260811,0.48774509803921573,0.7401960784313726,0.1,0.5,3,0.5853658536585366
41,0.9,0.8,20260811,0.75,0.8476190476190477,0.01,0.0,9,0.5121951219512195
41,0.9,0.8,20260811,0.6063218390804598,0.8160919540229885,0.01,0.0,9,0.7073170731707317
41,0.9,0.8,20260811,0.7142857142857143,0.8386243386243387,0.1,0.0,9,0.6585365853658537
41,0.9,0.8,20260811,0.8484848484848485,0.9363636363636363,0.1,0.0,9,0.7317073170731707
41,0.9,0.8,20260811,0.5608465608465609,0.7592592592592592,0.1,0.5,2,0.6585365853658537
41,0.9,0.8,20260811,0.5441176470588236,0.7352941176470589,0.01,0.0,9,0.5853658536585366
41,0.9,0.8,20260811,0.6098901098901099,0.7747252747252747,0.01,0.0,9,0.6829268292682927
41,0.9,0.8,20260811,0.470899470899471,0.7354497354497355,0.01,0.0,9,0.6585365853658537
41,0.9,0.8,20260811,0.4057971014492754,0.7463768115942029,1.0,0.0,9,0.5609756097560976
41,0.9,0.8,20260811,0.5052910052910053,0.7380952380952381,0.01,0.0,9,0.6585365853658537
41,0.9,0.8,20260811,0.644927536231884,0.7657004830917875,0.01,0.0,9,0.5609756097560976
41,0.9,0.8,20260811,0.725,0.8474999999999999,0.1,0.0,9,0.6097560975609756
41,0.9,0.8,20260811,0.7445054945054945,0.9203296703296703,0.1,0.0,9,0.6829268292682927
41,0.9,0.8,20260811,0.32121212121212117,0.5,0.01,0.5,0,0.7317073170731707
41,0.9,0.8,20260811,0.6507177033492824,0.8444976076555024,0.1,0.0,9,0.5365853658536586
41,0.9,0.8,20260811,0.48275862068965514,0.7212643678160919,0.01,0.0,9,0.7073170731707317
41,0.9,0.8,20260811,0.6470588235294118,0.8014705882352942,0.01,0.0,9,0.5853658536585366
41,0.9,0.8,20260811,0.6904761904761905,0.8359788359788359,0.01,0.0,9,0.6585365853658537
41,0.9,0.8,20260811,0.6887254901960784,0.8970588235294118,1.0,1.0,6,0.5853658536585366
41,0.9,0.8,20260811,0.5476190476190476,0.7595238095238095,0.1,0.5,4,0.4878048780487805
41,0.9,0.8,20260811,0.4205128205128205,0.6615384615384615,0.01,0.0,9,0.6341463414634146
41,0.9,0.8,20260811,0.5797101449275363,0.7644927536231884,0.1,0.5,3,0.5609756097560976
41,0.9,0.8,20260811,0.6521739130434783,0.8115942028985508,0.1,0.5,4,0.5609756097560976
41,0.9,0.8,20260811,0.6016483516483516,0.7554945054945056,0.01,0.0,9,0.6829268292682927
41,0.9,0.8,20260811,0.382183908045977,0.7614942528735632,1.0,0.0,9,0.7073170731707317
41,0.9,0.8,20260811,0.6564102564102564,0.7769230769230769,0.01,0.0,9,0.6341463414634146
41,0.9,0.8,20260811,0.5245098039215687,0.7279411764705883,0.01,0.0,9,0.5853658536585366
41,0.9,0.8,20260811,0.4885057471264368,0.8132183908045977,1.0,0.0,9,0.7073170731707317
41,0.9,0.8,20260811,0.396969696969697,0.7393939393939395,1.0,1.0,2,0.7317073170731707
41,0.9,0.8,20260811,0.4075,0.71,0.01,0.0,9,0.6097560975609756
41,0.9,0.8,20260811,0.5256410256410257,0.7282051282051282,0.1,0.0,9,0.6341463414634146
41,0.9,0.8,20260811,0.46703296703296704,0.7939560439560439,1.0,0.5,5,0.6829268292682927
41,0.9,0.8,20260811,0.7075,0.8425,0.01,0.0,9,0.6097560975609756
41,0.9,0.8,20260811,0.5128205128205128,0.6974358974358974,0.01,0.0,9,0.6341463414634146
41,0.9,0.8,20260811,0.5637254901960784,0.7647058823529411,0.01,0.0,9,0.5853658536585366
41,0.9,0.8,20260811,0.47857142857142854,0.7404761904761905,0.01,0.0,9,0.5121951219512195
41,0.9,0.8,20260811,0.5434782608695652,0.782608695652174,1.0,0.0,9,0.5609756097560976
41,0.9,0.8,20260811,0.6238095238095238,0.8404761904761905,0.1,0.0,9,0.4878048780487805
41,0.9,0.8,20260811,0.4251207729468599,0.713768115942029,0.1,0.5,2,0.5609756097560976
41,0.9,0.8,20260811,0.6717948717948719,0.8,0.01,0.0,9,0.6341463414634146
41,0.9,0.8,20260811,0.6095238095238096,0.7214285714285714,0.01,0.0,9,0.4878048780487805
41,0.9,0.8,20260811,0.5142857142857142,0.6880952380952381,0.01,0.0,9,0.5121951219512195
41,0.9,0.8,20260811,0.3045977011494253,0.7370689655172413,0.1,0.5,1,0.7073170731707317
41,0.9,0.8,20260811,0.5370370370370371,0.7883597883597884,0.1,0.0,9,0.6585365853658537
41,0.9,0.8,20260811,0.4125,0.625,0.01,0.0,9,0.6097560975609756
41,0.9,0.8,20260811,0.3923611111111111,0.7256944444444444,1.0,1.0,4,0.7804878048780488
41,0.9,0.8,20260811,0.3047619047619048,0.5,0.01,0.5,0,0.4878048780487805
41,0.9,0.8,20260811,0.6153846153846154,0.7846153846153846,0.01,0.0,9,0.6341463414634146
41,0.9,0.8,20260811,0.5661375661375662,0.7989417989417988,0.01,0.0,9,0.6585365853658537
41,0.9,0.8,20260811,0.3708791208791209,0.6401098901098901,0.01,0.0,9,0.6829268292682927
41,0.9,0.8,20260811,0.7647058823529412,0.875,0.1,0.5,3,0.5853658536585366
41,0.9,0.8,20260811,0.4358974358974359,0.6820512820512821,0.01,0.0,9,0.6341463414634146
41,0.9,0.8,20260811,0.8277511961722488,0.8899521531100478,0.1,0.0,9,0.5365853658536586
41,0.9,0.8,20260811,0.6606060606060606,0.8757575757575757,0.1,0.5,2,0.7317073170731707
41,0.9,0.8,20260811,0.43956043956043955,0.5,0.01,0.5,0,0.6829268292682927
41,0.9,0.8,20260811,0.7125,0.815,0.01,0.0,9,0.6097560975609756
41,0.9,0.8,20260811,0.5661764705882353,0.7230392156862745,0.01,0.0,9,0.5853658536585366
41,0.9,0.8,20260811,0.605,0.7749999999999999,0.01,0.0,9,0.6097560975609756
41,0.9,0.8,20260811,0.6263736263736264,0.7609890109890111,0.01,0.0,9,0.6829268292682927
41,0.9,0.8,20260811,0.574074074074074,0.8042328042328042,0.1,0.0,9,0.6585365853658537
41,0.9,0.8,20260811,0.3846153846153847,0.7230769230769232,0.1,0.0,9,0.6341463414634146
41,0.9,0.8,20260811,0.6225,0.74,0.01,0.0,9,0.6097560975609756
41,0.9,0.8,20260811,0.6703296703296704,0.8351648351648351,0.01,0.0,9,0.6829268292682927
41,0.9,0.8,20260811,0.44193548387096776,0.6741935483870968,0.01,0.0,9,0.7560975609756098
41,0.9,0.8,20260811,0.49019607843137253,0.7818627450980393,1.0,0.0,9,0.5853658536585366
41,0.9,0.8,20260811,0.5555555555555556,0.7995169082125604,0.1,0.5,4,0.5609756097560976
41,0.9,0.8,20260811,0.3774193548387097,0.6709677419354839,0.01,0.0,9,0.7560975609756098
41,0.9,0.8,20260811,0.4830917874396135,0.7173913043478262,0.01,0.0,9,0.5609756097560976
41,0.9,0.8,20260811,0.6325000000000001,0.8125,0.1,0.5,3,0.6097560975609756
41,0.9,0.8,20260811,0.30256410256410254,0.5,0.01,0.5,0,0.6341463414634146
41,0.9,0.8,20260811,0.6746031746031746,0.8015873015873015,0.01,0.0,9,0.6585365853658537
41,0.9,0.8,20260811,0.706043956043956,0.8777472527472528,0.1,0.5,2,0.6829268292682927
41,0.9,0.8,20260811,0.6617647058823529,0.7892156862745098,0.01,0.0,9,0.5853658536585366
41,0.9,0.8,20260811,0.7170329670329669,0.8681318681318682,0.1,0.0,9,0.6829268292682927
41,0.9,0.8,20260811,0.485,0.74,0.01,0.0,9,0.6097560975609756
41,0.9,0.8,20260811,0.6904761904761905,0.8227513227513228,0.1,0.5,3,0.6585365853658537
41,0.9,0.8,20260811,0.5846153846153846,0.782051282051282,0.01,0.0,9,0.6341463414634146
41,0.9,0.8,20260811,0.6544117647058824,0.8308823529411764,0.01,0.0,9,0.5853658536585366
41,0.9,0.8,20260811,0.6078431372549019,0.7352941176470589,0.01,0.0,9,0.5853658536585366
41,0.9,0.8,20260811,0.6208791208791209,0.8214285714285714,1.0,1.0,4,0.6829268292682927
41,0.9,0.8,20260811,0.510989010989011,0.7843406593406593,0.1,0.5,2,0.6829268292682927
41,0.9,0.8,20260811,0.48484848484848486,0.8090909090909091,0.1,0.5,2,0.7317073170731707
41,0.9,0.8,20260811,0.5287081339712919,0.7320574162679426,0.01,0.0,9,0.5365853658536586
41,0.9,0.8,20260811,0.796969696969697,0.9363636363636363,0.01,0.0,9,0.7317073170731707
41,0.9,0.8,20260811,0.6515151515151515,0.9,1.0,1.0,4,0.7317073170731707
41,0.9,0.8,20260811,0.4367816091954023,0.6522988505747127,0.01,0.0,9,0.7073170731707317
41,0.9,0.8,20260811,0.6475,0.7925000000000001,0.01,0.0,9,0.6097560975609756
41,0.9,0.8,20260811,0.6725,0.8525,0.1,0.5,2,0.6097560975609756
41,0.9,0.8,20260811,0.6551724137931034,0.8390804597701149,0.1,0.5,4,0.7073170731707317
41,0.9,0.8,20260811,0.5502645502645502,0.7671957671957671,1.0,1.0,3,0.6585365853658537
41,0.9,0.8,20260811,0.6648351648351648,0.901098901098901,1.0,0.0,9,0.6829268292682927
41,0.9,0.8,20260811,0.6908212560386473,0.8067632850241545,0.01,0.0,9,0.43902439024390244
41,0.9,0.8,20260811,0.4435897435897436,0.7025641025641025,0.01,0.0,9,0.6341463414634146
41,0.9,0.8,20260811,0.695054945054945,0.8337912087912088,0.1,0.5,3,0.6829268292682927
41,0.9,0.8,20260811,0.543956043956044,0.75,0.1,0.0,9,0.6829268292682927
41,0.9,0.8,20260811,0.4044117647058823,0.7132352941176471,0.1,0.0,9,0.5853658536585366
41,0.9,0.8,20260811,0.9142156862745098,0.9779411764705882,1.0,0.5,6,0.5853658536585366
41,0.9,0.8,20260811,0.7524509803921569,0.8529411764705882,0.01,0.0,9,0.5853658536585366
41,0.9,0.8,20260811,0.5185185185185185,0.7380952380952381,0.01,0.0,9,0.6585365853658537
41,0.9,0.8,20260811,0.523076923076923,0.8282051282051283,0.1,0.0,9,0.6341463414634146
41,0.9,0.8,20260811,0.7362637362637363,0.9038461538461539,1.0,0.0,9,0.6829268292682927
41,0.9,0.8,20260811,0.7749999999999999,0.8525,0.01,0.0,9,0.6097560975609756
41,0.9,0.8,20260811,0.6867816091954022,0.9540229885057472,1.0,0.0,9,0.7073170731707317
41,0.9,0.8,20260811,0.7528735632183908,0.9195402298850575,1.0,0.0,9,0.7073170731707317
41,0.9,0.8,20260811,0.5325,0.73,0.01,0.0,9,0.6097560975609756
41,0.9,0.8,20260811,0.5201149425287357,0.7873563218390806,0.01,0.0,9,0.7073170731707317
41,0.9,0.8,20260811,0.4323671497584541,0.6304347826086957,0.01,0.0,9,0.5609756097560976
41,0.9,0.8,20260811,0.6587301587301587,0.8439153439153438,0.01,0.0,9,0.6585365853658537
41,0.9,0.8,20260811,0.6121212121212121,0.803030303030303,0.1,0.5,2,0.7317073170731707
41,0.9,0.8,20260811,0.4205128205128205,0.6820512820512821,0.01,0.0,9,0.6341463414634146
41,0.9,0.8,20260811,0.5545454545454546,0.7484848484848485,0.01,0.0,9,0.7317073170731707
41,0.9,0.8,20260811,0.6,0.73,0.01,0.0,9,0.6097560975609756
41,0.9,0.8,20260811,0.7155172413793103,0.9224137931034482,1.0,0.0,9,0.7073170731707317
41,0.9,0.8,20260811,0.5878787878787879,0.8151515151515152,0.01,0.0,9,0.7317073170731707
41,0.9,0.8,20260811,0.5925,0.74,1.0,1.0,5,0.6097560975609756
41,0.9,0.8,20260811,0.47988505747126436,0.6494252873563218,0.01,0.0,9,0.7073170731707317
41,0.9,0.8,20260811,0.4807692307692307,0.6291208791208791,0.01,0.0,9,0.6829268292682927
41,0.9,0.8,20260811,0.7410256410256411,0.8358974358974359,0.1,0.5,1,0.6341463414634146
41,0.9,0.8,20260811,0.569047619047619,0.6976190476190476,0.01,0.0,9,0.4878048780487805
41,0.9,0.8,20260811,0.5333333333333333,0.7606060606060606,0.01,0.0,9,0.7317073170731707
41,0.9,0.8,20260811,0.6794258373205742,0.8181818181818182,0.01,0.0,9,0.5365853658536586
41,0.9,0.8,20260811,0.5285714285714286,0.7595238095238095,0.01,0.0,9,0.5121951219512195
41,0.9,0.8,20260811,0.6231884057971014,0.7971014492753623,0.1,0.0,9,0.5609756097560976
41,0.9,0.8,20260811,0.537037037037037,0.7460317460317459,0.01,0.0,9,0.6585365853658537
41,0.9,0.8,20260811,0.46296296296296297,0.7076719576719577,0.1,0.5,2,0.6585365853658537
41,0.9,0.8,20260811,0.4461538461538461,0.5,0.01,0.5,0,0.6341463414634146
41,0.9,0.8,20260811,0.3526570048309179,0.7101449275362319,0.01,0.0,9,0.5609756097560976
41,0.9,0.8,20260811,0.5172413793103449,0.7859195402298851,0.1,0.5,2,0.7073170731707317
41,0.9,0.8,20260811,0.6043956043956044,0.7829670329670331,0.1,0.5,3,0.6829268292682927
41,0.9,0.8,20260811,0.38787878787878793,0.5,0.01,0.5,0,0.7317073170731707
41,0.9,0.8,20260811,0.7513227513227514,0.8452380952380952,0.1,0.5,2,0.6585365853658537
41,0.9,0.8,20260811,0.8214285714285714,0.9395604395604396,0.01,0.0,9,0.6829268292682927
41,0.9,0.8,20260811,0.7941176470588236,0.8823529411764706,0.1,0.5,4,0.5853658536585366
41,0.9,0.8,20260811,0.6181318681318682,0.8516483516483515,0.1,0.5,2,0.6829268292682927
41,0.9,0.8,20260811,0.3045977011494253,0.6293103448275862,0.01,0.0,9,0.7073170731707317
41,0.9,0.8,20260811,0.5025641025641026,0.7628205128205129,0.1,0.5,2,0.6341463414634146
41,0.9,0.8,20260811,0.5439560439560439,0.7802197802197802,0.01,0.0,9,0.6829268292682927
41,0.9,0.8,20260811,0.38888888888888895,0.7534722222222222,0.01,0.0,9,0.7804878048780488
41,0.9,0.8,20260811,0.4917582417582418,0.6895604395604396,0.01,0.0,9,0.6829268292682927
41,0.9,0.8,20260811,0.5047619047619047,0.7452380952380953,0.01,0.0,9,0.4878048780487805
41,0.9,0.8,20260811,0.5192307692307692,0.728021978021978,0.01,0.0,9,0.6829268292682927
41,0.9,0.8,20260811,0.6060606060606061,0.8060606060606061,0.01,0.0,9,0.7317073170731707
41,0.9,0.8,20260811,0.5025641025641026,0.7051282051282052,0.01,0.0,9,0.6341463414634146
41,0.9,0.8,20260811,0.5882352941176471,0.7291666666666666,0.1,0.5,1,0.5853658536585366
41,0.9,0.8,20260811,0.7025641025641025,0.8307692307692308,0.1,0.5,2,0.6341463414634146
41,0.9,0.8,20260811,0.6523809523809524,0.8690476190476191,1.0,0.0,9,0.4878048780487805
41,0.9,0.8,20260811,0.4741935483870968,0.7838709677419354,0.01,0.0,9,0.7560975609756098
41,0.9,0.8,20260811,0.7248677248677249,0.8703703703703703,0.01,0.0,9,0.6585365853658537
41,0.9,0.8,20260811,0.47089947089947093,0.7142857142857142,0.01,0.0,9,0.6585365853658537
41,0.9,0.8,20260811,0.6703296703296703,0.8901098901098902,1.0,0.0,9,0.6829268292682927
41,0.9,0.8,20260811,0.1,0.5,0.01,0.5,0,0.6097560975609756
41,0.9,0.8,20260811,0.5555555555555556,0.8386243386243386,0.1,0.0,9,0.6585365853658537
41,0.9,0.8,20260811,0.8500000000000001,0.9275,0.1,0.0,9,0.6097560975609756
41,0.9,0.8,20260811,0.45604395604395603,0.8021978021978021,1.0,0.0,9,0.6829268292682927
41,0.9,0.8,20260811,0.7354497354497355,0.9444444444444444,0.1,0.5,6,0.6585365853658537
41,0.9,0.8,20260811,0.6895604395604396,0.7815934065934066,0.1,0.5,1,0.6829268292682927
41,0.9,0.8,20260811,0.2909090909090909,0.6818181818181819,0.01,0.0,9,0.7317073170731707
41,0.9,0.8,20260811,0.8681318681318682,0.9725274725274725,1.0,0.0,9,0.6829268292682927
41,0.9,0.8,20260811,0.7142857142857143,0.7904761904761904,0.01,0.0,9,0.4878048780487805
41,0.9,0.8,20260811,0.5845410628019323,0.7536231884057971,0.01,0.0,9,0.5609756097560976
41,0.9,0.8,20260811,0.7557471264367815,0.8362068965517242,0.01,0.0,9,0.7073170731707317
41,0.9,0.8,20260811,0.8915343915343915,0.9285714285714286,0.1,0.0,9,0.6585365853658537
41,0.9,0.8,20260811,0.8333333333333334,0.9153846153846154,0.01,0.0,9,0.6341463414634146
41,0.9,0.8,20260811,0.35,0.5,0.01,0.5,0,0.6097560975609756
41,0.9,0.8,20260811,0.5461538461538462,0.735897435897436,0.01,0.0,9,0.6341463414634146
41,0.9,0.8,20260811,0.467032967032967,0.7994505494505495,1.0,0.0,9,0.6829268292682927
41,0.9,0.8,20260811,0.5661375661375662,0.783068783068783,0.01,0.0,9,0.6585365853658537
41,0.9,0.8,20260811,0.6461538461538462,0.8615384615384616,1.0,0.0,9,0.6341463414634146
41,0.9,0.8,20260811,0.5229885057471264,0.8132183908045977,0.1,0.0,9,0.7073170731707317
41,0.9,0.8,20260811,0.48148148148148145,0.7248677248677249,0.01,0.0,9,0.6585365853658537
41,0.9,0.8,20260811,0.32843137254901955,0.5,0.01,0.5,0,0.5853658536585366
41,0.9,0.8,20260811,0.49500000000000005,0.71,0.01,0.0,9,0.6097560975609756
41,0.9,0.8,20260811,0.5484848484848485,0.7272727272727273,0.01,0.0,9,0.7317073170731707
41,0.9,0.8,20260811,0.7116402116402115,0.8174603174603174,0.01,0.0,9,0.6585365853658537
41,0.9,0.8,20260811,0.6787878787878787,0.8333333333333334,1.0,1.0,5,0.7317073170731707
41,0.9,0.8,20260811,0.6419354838709678,0.8354838709677419,0.1,0.0,9,0.7560975609756098
41,0.9,0.8,20260811,0.24712643678160917,0.764367816091954,1.0,0.0,9,0.7073170731707317
41,0.9,0.8,20260811,0.15804597701149425,0.6522988505747126,0.01,0.0,9,0.7073170731707317
41,0.9,0.8,20260811,0.6236263736263736,0.8571428571428572,1.0,0.0,9,0.6829268292682927
41,0.9,0.8,20260811,0.6636363636363636,0.9090909090909092,1.0,1.0,5,0.7317073170731707
41,0.9,0.8,20260811,0.6714975845410628,0.8719806763285024,1.0,0.5,8,0.5609756097560976
41,0.9,0.8,20260811,0.6004784688995215,0.791866028708134,0.01,0.0,9,0.5365853658536586
41,0.9,0.8,20260811,0.42499999999999993,0.66,0.01,0.0,9,0.6097560975609756
41,0.9,0.8,20260811,0.6322580645161291,0.8193548387096774,0.01,0.0,9,0.7560975609756098
41,0.9,0.8,20260811,0.35978835978835977,0.7023809523809524,0.1,0.5,1,0.6585365853658537
41,0.9,0.8,20260811,0.6868131868131868,0.8379120879120879,0.01,0.0,9,0.6829268292682927
41,0.9,0.8,20260811,0.4482758620689655,0.5,0.01,0.5,0,0.7073170731707317
41,0.9,0.8,20260811,0.7222222222222222,0.8466183574879227,0.1,0.5,2,0.5609756097560976
41,0.9,0.8,20260811,0.2988505747126437,0.6350574712643678,0.01,0.0,9,0.7073170731707317
41,0.9,0.8,20260811,0.7657004830917874,0.9444444444444445,1.0,0.0,9,0.5609756097560976
41,0.9,0.8,20260811,0.8515151515151514,0.9636363636363636,1.0,1.0,5,0.7317073170731707
41,0.9,0.8,20260811,0.4818181818181818,0.706060606060606,0.01,0.0,9,0.7317073170731707
41,0.9,0.8,20260811,0.54,0.6625000000000001,0.01,0.0,9,0.6097560975609756
41,0.9,0.8,20260811,0.5725,0.7475,0.01,0.0,9,0.6097560975609756
41,0.9,0.8,20260811,0.6497584541062801,0.8128019323671497,0.1,0.5,1,0.43902439024390244
41,0.9,0.8,20260811,0.6205128205128205,0.7615384615384615,0.01,0.0,9,0.6341463414634146
41,0.9,0.8,20260811,0.6871794871794872,0.8410256410256409,0.01,0.0,9,0.6341463414634146
41,0.9,0.8,20260811,0.39950980392156865,0.8602941176470589,1.0,0.0,9,0.5853658536585366
41,0.9,0.8,20260811,0.664021164021164,0.8306878306878307,0.1,0.5,3,0.6585365853658537
41,0.9,0.8,20260811,0.42424242424242425,0.6909090909090908,0.01,0.0,9,0.7317073170731707
41,0.9,0.8,20260811,0.4688995215311005,0.7105263157894737,0.1,0.5,2,0.5365853658536586
41,0.9,0.8,20260811,0.18571428571428572,0.5,0.01,0.5,0,0.5121951219512195
41,0.9,0.8,20260811,0.335978835978836,0.6402116402116402,0.01,0.0,9,0.6585365853658537
41,0.9,0.8,20260811,0.6267942583732058,0.7775119617224879,0.01,0.0,9,0.4634146341463415
41,0.9,0.8,20260811,0.5098039215686274,0.7083333333333334,0.01,0.0,9,0.5853658536585366
41,0.9,0.8,20260811,0.6609195402298851,0.8936781609195402,1.0,0.5,8,0.7073170731707317
41,0.9,0.8,20260811,0.4835164835164835,0.8118131868131868,0.1,0.5,2,0.6829268292682927
41,0.9,0.8,20260811,0.607843137254902,0.7720588235294118,1.0,1.0,4,0.5853658536585366
41,0.9,0.8,20260811,0.5071428571428571,0.7071428571428571,0.01,0.0,9,0.5121951219512195
41,0.9,0.8,20260811,0.3666666666666667,0.6692307692307693,0.01,0.0,9,0.6341463414634146
41,0.9,0.8,20260811,0.5287081339712919,0.736842105263158,0.01,0.0,9,0.5365853658536586
41,0.9,0.8,20260811,0.6666666666666667,0.8526570048309179,1.0,0.5,8,0.5609756097560976
41,0.9,0.8,20260811,0.5549999999999999,0.7475,0.01,0.0,9,0.6097560975609756
41,0.9,0.8,20260811,0.4206349206349206,0.8677248677248677,1.0,0.0,9,0.6585365853658537
41,0.9,0.8,20260811,0.3186274509803922,0.5,0.01,0.5,0,0.5853658536585366
41,0.9,0.8,20260811,0.29861111111111116,0.7916666666666667,0.1,0.0,9,0.7804878048780488
41,0.9,0.8,20260811,0.7230769230769232,0.8487179487179487,0.1,0.5,1,0.6341463414634146
41,0.9,0.8,20260811,0.42647058823529416,0.6838235294117647,0.01,0.0,9,0.5853658536585366
41,0.9,0.8,20260811,0.6207729468599034,0.8526570048309179,1.0,0.0,9,0.5609756097560976
41,0.9,0.8,20260811,0.35641025641025637,0.7512820512820513,0.1,0.0,9,0.6341463414634146
41,0.9,0.8,20260811,0.4666666666666667,0.7357142857142858,0.01,0.0,9,0.5121951219512195
41,0.9,0.8,20260811,0.26153846153846155,0.7743589743589743,1.0,1.0,5,0.6341463414634146
41,0.9,0.8,20260811,0.5057471264367817,0.8017241379310345,0.01,0.0,9,0.7073170731707317
41,0.9,0.8,20260811,0.45499999999999996,0.5,0.01,0.5,0,0.6097560975609756
41,0.9,0.8,20260811,0.6456043956043955,0.8021978021978022,0.01,0.0,9,0.6829268292682927
41,0.9,0.8,20260811,0.4775,0.72,0.01,0.0,9,0.6097560975609756
41,0.9,0.8,20260811,0.35897435897435903,0.5,0.01,0.5,0,0.6341463414634146
41,0.9,0.8,20260811,0.6004784688995216,0.7488038277511961,0.01,0.0,9,0.5365853658536586
41,0.9,0.8,20260811,0.463235294117647,0.6911764705882353,0.01,0.0,9,0.5853658536585366
41,0.9,0.8,20260811,0.7671568627450982,0.8651960784313726,0.1,0.5,3,0.5853658536585366
41,0.9,0.8,20260811,0.6256038647342995,0.7560386473429952,0.01,0.0,9,0.5609756097560976
41,0.9,0.8,20260811,0.7222222222222222,0.8671497584541062,0.1,0.5,4,0.5609756097560976
41,0.9,0.8,20260811,0.765,0.905,1.0,0.5,6,0.6097560975609756
41,0.9,0.8,20260811,0.38,0.6950000000000001,0.01,0.0,9,0.6097560975609756
41,0.9,0.8,20260811,0.6699999999999999,0.8324999999999999,0.01,0.0,9,0.6097560975609756
41,0.9,0.8,20260811,0.685,0.835,0.1,0.0,9,0.6097560975609756
41,0.9,0.8,20260811,0.7275132275132274,0.8544973544973545,0.01,0.0,9,0.6585365853658537
41,0.9,0.8,20260811,0.6842105263157894,0.8277511961722488,0.1,0.0,9,0.5365853658536586
41,0.9,0.8,20260811,0.46172248803827765,0.7344497607655501,0.01,0.0,9,0.5365853658536586
41,0.9,0.8,20260811,0.4612903225806451,0.7806451612903227,0.01,0.0,9,0.7560975609756098
41,0.9,0.8,20260811,0.195,0.6825,0.01,0.0,9,0.6097560975609756
41,0.9,0.8,20260811,0.5098039215686274,0.5,0.01,0.5,0,0.5853658536585366
41,0.9,0.8,20260811,0.6475,0.855,0.1,0.5,3,0.6097560975609756
41,0.9,0.8,20260811,0.4818181818181818,0.7696969696969697,1.0,1.0,6,0.7317073170731707
41,0.9,0.8,20260811,0.6925287356321839,0.8563218390804598,0.1,0.0,9,0.7073170731707317
41,0.9,0.8,20260811,0.6235632183908046,0.7097701149425287,0.01,0.0,9,0.7073170731707317
41,0.9,0.8,20260811,0.7261904761904763,0.8309523809523809,0.1,0.0,9,0.5121951219512195
41,0.9,0.8,20260811,0.5934065934065934,0.760989010989011,0.01,0.0,9,0.6829268292682927
41,0.9,0.8,20260811,0.4126984126984127,0.7513227513227514,0.1,0.0,9,0.6585365853658537
41,0.9,0.8,20260811,0.6522988505747127,0.8505747126436781,1.0,0.0,9,0.7073170731707317
41,0.9,0.8,20260811,0.48309178743961345,0.7077294685990339,0.01,0.0,9,0.5609756097560976
41,0.9,0.8,20260811,0.5486111111111112,0.8993055555555556,1.0,0.0,9,0.7804878048780488
41,0.9,0.8,20260811,0.44505494505494503,0.7252747252747253,0.01,0.0,9,0.6829268292682927
41,0.9,0.8,20260811,0.6137566137566137,0.7804232804232805,0.01,0.0,9,0.6585365853658537
41,0.9,0.8,20260811,0.41483516483516486,0.7087912087912088,0.01,0.0,9,0.6829268292682927
41,0.9,0.8,20260811,0.6868131868131867,0.8241758241758241,0.01,0.0,9,0.6829268292682927
41,0.9,0.8,20260811,0.5064516129032258,0.7838709677419354,0.01,0.0,9,0.7560975609756098
41,0.9,0.8,20260811,0.46774193548387094,0.7709677419354839,0.1,0.5,3,0.7560975609756098
41,0.9,0.8,20260811,0.5857843137254903,0.8651960784313726,1.0,0.5,7,0.5853658536585366
41,0.9,0.8,20260811,0.35128205128205126,0.5,0.01,0.5,0,0.6341463414634146
41,0.9,0.8,20260811,0.24242424242424243,0.8295454545454546,1.0,1.0,6,0.8048780487804879
41,0.9,0.8,20260811,0.6740196078431373,0.821078431372549,0.01,0.0,9,0.5853658536585366
41,0.9,0.8,20260811,0.8448275862068967,0.8850574712643677,0.1,0.0,9,0.7073170731707317
41,0.9,0.8,20260811,0.7666666666666666,0.8974358974358975,0.1,0.5,3,0.6341463414634146
41,0.9,0.8,20260811,0.6098901098901098,0.7967032967032968,0.01,0.0,9,0.6829268292682927
41,0.9,0.8,20260811,0.5741626794258373,0.7057416267942583,0.01,0.0,9,0.5365853658536586
41,0.9,0.8,20260811,0.1696969696969697,0.6,0.01,0.0,9,0.7317073170731707
41,0.9,0.8,20260811,0.5833333333333334,0.7426470588235294,0.01,0.0,9,0.5853658536585366
41,0.9,0.8,20260811,0.42328042328042326,0.6190476190476191,0.01,0.0,9,0.6585365853658537
41,0.9,0.8,20260811,0.4576719576719577,0.7698412698412699,0.1,0.5,3,0.6585365853658537
41,0.9,0.8,20260811,0.4770114942528736,0.7212643678160919,0.01,0.0,9,0.7073170731707317
41,0.9,0.8,20260811,0.6425000000000001,0.8525,1.0,1.0,5,0.6097560975609756
41,0.9,0.8,20260811,0.6016483516483516,0.7912087912087912,0.01,0.0,9,0.6829268292682927
41,0.9,0.8,20260811,0.6205128205128205,0.641025641025641,0.01,0.0,9,0.6341463414634146
41,0.9,0.8,20260811,0.4897435897435897,0.7333333333333333,0.1,0.5,2,0.6341463414634146
41,0.9,0.8,20260811,0.6052631578947368,0.8325358851674641,0.01,0.0,9,0.5365853658536586
41,0.9,0.8,20260811,0.7524509803921569,0.8431372549019608,0.01,0.0,9,0.5853658536585366
41,0.9,0.8,20260811,0.7701149425287356,0.9224137931034483,1.0,0.0,9,0.7073170731707317
41,0.9,0.8,20260811,0.6307692307692307,0.8333333333333333,0.1,0.0,9,0.6341463414634146
41,0.9,0.8,20260811,0.26098901098901095,0.5,0.01,0.5,0,0.6829268292682927
41,0.9,0.8,20260811,0.8259803921568627,0.9534313725490196,1.0,1.0,6,0.5853658536585366
41,0.9,0.8,20260811,0.6322751322751323,0.753968253968254,0.01,0.0,9,0.6585365853658537
41,0.9,0.8,20260811,0.5925925925925926,0.7989417989417988,0.01,0.0,9,0.6585365853658537
41,0.9,0.8,20260811,0.7608695652173914,0.9492753623188406,1.0,0.0,9,0.5609756097560976
41,0.9,0.8,20260811,0.8358974358974359,0.9256410256410257,0.1,0.5,4,0.6341463414634146
41,0.9,0.8,20260811,0.52,0.8049999999999999,0.1,0.5,4,0.6097560975609756
41,0.9,0.8,20260811,0.617948717948718,0.8717948717948718,1.0,0.0,9,0.6341463414634146
41,0.9,0.8,20260811,0.5833333333333333,0.8218390804597702,0.1,0.0,9,0.7073170731707317
41,0.9,0.8,20260811,0.35632183908045983,0.5,0.01,0.5,0,0.7073170731707317
41,0.9,0.8,20260811,0.6868131868131868,0.7967032967032966,0.01,0.0,9,0.6829268292682927
41,0.9,0.8,20260811,0.6071428571428571,0.7928571428571429,0.01,0.0,9,0.4878048780487805
41,0.9,0.8,20260811,0.45652173913043476,0.5,0.01,0.5,0,0.5609756097560976
41,0.9,0.8,20260811,0.3598901098901099,0.5,0.01,0.5,0,0.6829268292682927
41,0.9,0.8,20260811,0.44708994708994704,0.7724867724867726,1.0,1.0,5,0.6585365853658537
41,0.9,0.8,20260811,0.6904761904761905,0.8015873015873016,0.01,0.0,9,0.6585365853658537
41,0.9,0.8,20260811,0.594871794871795,0.6333333333333333,0.01,0.0,9,0.6341463414634146
41,0.9,0.8,20260811,0.43333333333333335,0.7666666666666667,0.1,0.0,9,0.6341463414634146
41,0.9,0.8,20260811,0.41290322580645167,0.7548387096774194,0.01,0.0,9,0.7560975609756098
41,0.9,0.8,20260811,0.6058201058201058,0.8412698412698413,0.1,0.0,9,0.6585365853658537
41,0.9,0.8,20260811,0.5294117647058824,0.7463235294117647,0.1,0.5,1,0.5853658536585366
41,0.9,0.8,20260811,0.4179487179487179,0.6846153846153846,0.01,0.0,9,0.6341463414634146
41,0.9,0.8,20260811,0.6571428571428571,0.85,1.0,0.0,9,0.5121951219512195
41,0.9,0.8,20260811,0.4242424242424242,0.793939393939394,1.0,1.0,5,0.7317073170731707
41,0.9,0.8,20260811,0.6349206349206349,0.7764550264550265,0.1,0.5,1,0.6585365853658537
41,0.9,0.8,20260811,0.4205128205128205,0.8538461538461539,1.0,0.0,9,0.6341463414634146
41,0.9,0.8,20260811,0.5934065934065934,0.8159340659340659,0.1,0.0,9,0.6829268292682927
